Barcode,SKU,TenSP,GiaBan,TonKho,ViTriKe,DaBanTichLuy,NgayBanGanNhat
8930000000001,P-809176,Tuong ot G7 cao cap,14000,155,Ke G5-03,485,2026-08-20
8930000000002,P-649713,Sua tam Sting truyen thong,333000,15,Ke E2-02,22,2026-09-04
8930000000003,P-249792,Nuoc lau san Colgate chai 500ml,213000,180,Ke K3-08,607,2026-07-10
8930000000004,P-676566,Nuoc lau san Comfort goi 85g,230000,239,Ke E5-03,919,2026-08-25
8930000000005,P-761286,Nuoc mam OMO loc 4 hop,119000,252,Ke F3-01,151,2026-08-19
8930000000006,P-316656,Ca phe Sting khong duong,319000,87,Ke I3-03,996,2026-09-11
8930000000007,P-176806,Dau an Chin-su it duong,62000,26,Ke F5-03,451,2026-08-31
8930000000008,P-595631,Kem danh rang Chin-su it duong,290000,22,Ke K3-06,151,2026-08-17
8930000000009,P-291267,Nuoc giat Nescafe khong duong,276000,159,Ke B1-07,953,2026-08-01
8930000000010,P-355400,Dau an Sting chai 500ml,82000,7,Ke I5-06,662,2026-07-05
8930000000011,P-648913,Ca phe Red Bull loc 4 hop,499000,298,Ke K2-08,346,2026-07-07
8930000000012,P-770318,Nuoc ngot Clear can 2L,463000,25,Ke C5-02,315,2026-09-30
8930000000013,P-693419,Dau goi Lay's it duong,231000,187,Ke B3-01,622,2026-07-13
8930000000014,P-274880,Tuong ot Oishi goi 85g,116000,147,Ke D1-02,551,2026-08-07
8930000000015,P-417915,Mi goi G7 chai 1L,102000,256,Ke F5-09,966,2026-09-26
8930000000016,P-294143,Kem danh rang Coca Cola khong duong,369000,223,Ke F4-06,12,2026-08-28
8930000000017,P-629959,Kem danh rang Aquafina loc 4 hop,231000,292,Ke B2-08,759,2026-08-11
8930000000018,P-814263,Nuoc giat Knorr khong duong,415000,222,Ke G2-02,147,2026-09-07
8930000000019,P-389809,Ca phe Red Bull goi 85g,174000,38,Ke J4-02,6,2026-08-12
8930000000020,P-507135,Nuoc suoi Pepsi khong duong,287000,241,Ke J2-04,190,2026-08-16
8930000000021,P-857111,Ca phe Nescafe can 2L,24000,159,Ke J3-08,572,2026-08-05
8930000000022,P-615607,Hat nem Vinamilk tiet kiem,4000,83,Ke E3-08,127,2026-07-12
8930000000023,P-906315,Ca phe Pepsi khong duong,254000,130,Ke A1-05,504,2026-09-25
8930000000024,P-565198,Khan giay Clear chai 500ml,300000,251,Ke J4-05,643,2026-07-08
8930000000025,P-570405,Nuoc xa Lifebuoy dam da,194000,267,Ke J1-05,166,2026-07-21
8930000000026,P-624776,Banh quy Omachi chai 500ml,239000,74,Ke F2-01,279,2026-08-18
8930000000027,P-309374,Sua tam Colgate chai 500ml,27000,153,Ke E5-02,526,2026-09-09
8930000000028,P-193035,Nuoc mam Sunsilk dam da,309000,90,Ke I3-06,846,2026-07-08
8930000000029,P-560285,Ca phe Tuong An cao cap,360000,190,Ke B5-06,843,2026-09-15
8930000000030,P-339220,Sua tuoi Omachi goi 85g,147000,195,Ke H4-06,943,2026-09-13
8930000000031,P-514828,Nuoc ngot Nam Ngu khong duong,260000,118,Ke D5-09,866,2026-07-27
8930000000032,P-723879,Nuoc tuong Lifebuoy tiet kiem,413000,63,Ke G4-02,119,2026-09-17
8930000000033,P-866634,Sua tuoi Red Bull chai 500ml,162000,190,Ke C4-09,781,2026-08-21
8930000000034,P-326387,Nuoc mam Lifebuoy loc 4 hop,17000,65,Ke D2-03,704,2026-09-04
8930000000035,P-972881,Ca phe Omachi it duong,69000,45,Ke G1-02,19,2026-08-03
8930000000036,P-822131,Sua tam TH True Milk it duong,58000,21,Ke K5-01,480,2026-09-18
8930000000037,P-255851,Nuoc suoi TH True Milk dam da,157000,10,Ke B1-04,601,2026-09-08
8930000000038,P-285679,Nuoc mam Closeup chai 500ml,17000,51,Ke C3-06,360,2026-09-13
8930000000039,P-416793,Nuoc lau san Sunsilk truyen thong,316000,128,Ke I5-02,101,2026-07-21
8930000000040,P-585394,Sua tuoi G7 it duong,369000,103,Ke E2-09,4,2026-09-21
8930000000041,P-954017,Tuong ot Barona goi 85g,438000,248,Ke F5-03,450,2026-07-09
8930000000042,P-933215,Nuoc ngot Chin-su chai 500ml,197000,222,Ke D5-04,417,2026-09-19
8930000000043,P-488571,Snack Hao Hao can 2L,59000,271,Ke C4-06,721,2026-08-28
8930000000044,P-683165,Nuoc tuong Clear huong vi tu nhien,45000,172,Ke H1-07,290,2026-08-06
8930000000045,P-722780,Khan giay Clear loc 4 hop,354000,232,Ke D5-07,297,2026-08-10
8930000000046,P-537605,Tuong ot Sunlight dam da,461000,248,Ke K3-03,13,2026-07-09
8930000000047,P-862120,Nuoc xa Closeup dam da,205000,229,Ke I1-02,146,2026-08-14
8930000000048,P-964352,Dau goi Lifebuoy hop 200g,55000,91,Ke B3-04,346,2026-09-08
8930000000049,P-685193,Khan giay Sunlight chai 1L,65000,124,Ke G4-05,783,2026-07-21
8930000000050,P-333210,Gia vi Tuong An tiet kiem,407000,209,Ke F4-07,496,2026-07-30
8930000000051,P-610622,Nuoc suoi Omachi tiet kiem,235000,60,Ke B3-08,509,2026-09-04
8930000000052,P-284327,Dau an Vinamilk dam da,380000,32,Ke B4-01,995,2026-09-11
8930000000053,P-408857,Dau goi Lay's cao cap,170000,83,Ke E5-02,778,2026-09-24
8930000000054,P-205345,Nuoc lau san Sunsilk can 2L,408000,243,Ke D3-08,502,2026-07-31
8930000000055,P-925622,Nuoc suoi Nescafe chai 500ml,417000,281,Ke I1-01,440,2026-09-18
8930000000056,P-490748,Dau goi Sting chai 500ml,439000,197,Ke H4-01,33,2026-09-11
8930000000057,P-255539,Nuoc tuong Closeup tiet kiem,158000,89,Ke H4-03,319,2026-08-15
8930000000058,P-520304,Nuoc xa Sunsilk dam da,294000,256,Ke K5-09,585,2026-08-04
8930000000059,P-246413,Nuoc xa Nescafe khong duong,262000,33,Ke G3-08,605,2026-08-16
8930000000060,P-321099,Khan giay Closeup chai 500ml,395000,150,Ke F1-01,604,2026-09-28
8930000000061,P-677438,Dau an Comfort chai 500ml,181000,18,Ke K3-07,99,2026-08-10
8930000000062,P-328367,Kem danh rang Aquafina chai 1L,182000,33,Ke K2-04,240,2026-07-13
8930000000063,P-110215,Ca phe Oishi dam da,469000,38,Ke E1-06,173,2026-10-01
8930000000064,P-615611,Nuoc tuong Lavie huong vi tu nhien,238000,221,Ke J5-07,273,2026-10-01
8930000000065,P-979940,Nuoc xa Oishi huong vi tu nhien,165000,198,Ke J4-06,586,2026-09-21
8930000000066,P-945091,Nuoc xa Hao Hao truyen thong,348000,110,Ke F4-09,830,2026-07-10
8930000000067,P-568881,Snack Chin-su hop 200g,156000,191,Ke G2-08,650,2026-09-24
8930000000068,P-573041,Nuoc tuong Nam Ngu loc 4 hop,138000,29,Ke E5-07,823,2026-09-05
8930000000069,P-367403,Khan giay Clear dam da,370000,53,Ke J3-05,68,2026-07-23
8930000000070,P-694229,Nuoc lau san Red Bull chai 1L,110000,182,Ke B3-09,823,2026-08-26
8930000000071,P-193326,Sua tam Closeup goi 85g,163000,107,Ke G4-05,639,2026-07-30
8930000000072,P-733152,Nuoc giat Closeup tiet kiem,283000,97,Ke A5-03,590,2026-08-01
8930000000073,P-776856,Tuong ot Closeup truyen thong,483000,244,Ke E5-07,957,2026-07-23
8930000000074,P-247271,Banh quy G7 it duong,189000,241,Ke C2-03,764,2026-07-08
8930000000075,P-177680,Ca phe Sunlight chai 1L,213000,168,Ke B2-07,273,2026-08-28
8930000000076,P-429776,Nuoc mam Tuong An cao cap,310000,125,Ke G2-02,153,2026-09-09
8930000000077,P-639740,Sua tuoi Simply tiet kiem,426000,163,Ke H4-09,446,2026-08-10
8930000000078,P-703080,Banh quy Nam Ngu khong duong,142000,74,Ke A3-05,674,2026-07-25
8930000000079,P-935540,Nuoc mam Colgate huong vi tu nhien,496000,253,Ke A1-02,321,2026-07-18
8930000000080,P-488162,Ca phe Sunlight dam da,464000,213,Ke F1-07,965,2026-09-16
8930000000081,P-434002,Hat nem Hao Hao hop 200g,379000,261,Ke B5-09,257,2026-08-01
8930000000082,P-722795,Mi goi Simply hop 200g,65000,165,Ke F5-07,825,2026-09-03
8930000000083,P-361824,Sua tam Nam Ngu khong duong,57000,94,Ke D3-08,418,2026-09-01
8930000000084,P-397027,Gia vi TH True Milk can 2L,276000,196,Ke B3-09,433,2026-08-04
8930000000085,P-563187,Hat nem Tuong An tiet kiem,482000,79,Ke F4-06,841,2026-08-25
8930000000086,P-572536,Sua tuoi Colgate hop 200g,20000,32,Ke K2-05,565,2026-08-15
8930000000087,P-830119,Ca phe Colgate truyen thong,188000,67,Ke I2-08,397,2026-10-02
8930000000088,P-606384,Dau goi Barona loc 4 hop,157000,51,Ke D3-04,880,2026-09-13
8930000000089,P-804737,Nuoc giat Colgate chai 500ml,453000,213,Ke A3-02,842,2026-08-02
8930000000090,P-389939,Nuoc xa Clear chai 1L,477000,175,Ke G1-03,715,2026-08-31
8930000000091,P-839485,Nuoc lau san Kinh Do chai 500ml,218000,285,Ke F4-01,780,2026-09-27
8930000000092,P-575394,Nuoc mam Colgate can 2L,408000,74,Ke A4-04,643,2026-08-25
8930000000093,P-145471,Snack Oishi dam da,59000,85,Ke D5-03,867,2026-07-19
8930000000094,P-795578,Sua tam OMO chai 500ml,234000,249,Ke C3-03,703,2026-07-20
8930000000095,P-220465,Snack OMO loc 4 hop,104000,48,Ke G3-03,402,2026-08-16
8930000000096,P-176115,Gia vi Simply huong vi tu nhien,488000,16,Ke I5-04,928,2026-09-22
8930000000097,P-519692,Nuoc giat Nam Ngu loc 4 hop,362000,91,Ke A4-07,614,2026-08-31
8930000000098,P-226215,Dau an Kinh Do chai 500ml,90000,295,Ke B1-09,445,2026-08-06
8930000000099,P-189771,Nuoc xa Hao Hao it duong,368000,109,Ke D3-05,764,2026-08-01
8930000000100,P-925013,Dau goi Omachi chai 1L,441000,110,Ke J2-05,744,2026-07-09
8930000000101,P-440277,Tuong ot Pepsi khong duong,212000,79,Ke A3-05,241,2026-07-16
8930000000102,P-608473,Nuoc giat Barona it duong,192000,239,Ke B1-08,136,2026-08-23
8930000000103,P-982027,Dau goi Closeup it duong,368000,201,Ke G5-05,74,2026-09-21
8930000000104,P-148174,Nuoc tuong TH True Milk huong vi tu nhien,173000,125,Ke H3-01,5,2026-09-01
8930000000105,P-558936,Nuoc lau san Lay's chai 1L,157000,207,Ke K3-03,991,2026-07-24
8930000000106,P-715332,Banh quy Oishi khong duong,136000,91,Ke I4-06,898,2026-08-05
8930000000107,P-888795,Dau an Kinh Do chai 500ml,366000,276,Ke G2-05,119,2026-08-24
8930000000108,P-873774,Banh quy Omachi can 2L,449000,148,Ke F4-05,924,2026-08-31
8930000000109,P-591699,Khan giay Comfort tiet kiem,477000,140,Ke I3-07,914,2026-09-12
8930000000110,P-590110,Snack Clear can 2L,394000,82,Ke I4-01,193,2026-09-14
8930000000111,P-425138,Banh quy Simply khong duong,21000,245,Ke E2-08,446,2026-09-19
8930000000112,P-276214,Nuoc xa TH True Milk can 2L,185000,292,Ke H4-08,115,2026-09-15
8930000000113,P-250210,Nuoc ngot Aquafina dam da,107000,150,Ke C2-09,842,2026-08-30
8930000000114,P-500156,Gia vi Maggi cao cap,302000,113,Ke J1-09,785,2026-07-22
8930000000115,P-171789,Nuoc mam Pepsi dam da,129000,260,Ke K1-06,26,2026-08-28
8930000000116,P-700556,Nuoc ngot Coca Cola chai 500ml,305000,59,Ke F2-01,83,2026-08-06
8930000000117,P-838094,Nuoc xa Sting cao cap,492000,142,Ke J1-06,993,2026-09-28
8930000000118,P-207241,Khan giay Sting chai 500ml,488000,296,Ke C2-01,820,2026-07-13
8930000000119,P-346174,Ca phe Lavie tiet kiem,31000,41,Ke I5-07,94,2026-08-13
8930000000120,P-462974,Nuoc suoi Chin-su it duong,497000,209,Ke B1-04,166,2026-08-15
8930000000121,P-476556,Dau goi Knorr cao cap,388000,83,Ke B3-08,820,2026-08-09
8930000000122,P-741194,Ca phe Maggi cao cap,311000,72,Ke F1-06,524,2026-09-08
8930000000123,P-277477,Nuoc xa Sting chai 1L,246000,142,Ke J5-07,92,2026-08-10
8930000000124,P-394247,Kem danh rang Lay's khong duong,225000,223,Ke B1-09,349,2026-08-05
8930000000125,P-316092,Hat nem Colgate cao cap,368000,84,Ke H5-09,85,2026-08-27
8930000000126,P-851690,Nuoc giat Pepsi dam da,467000,249,Ke E2-03,700,2026-08-26
8930000000127,P-180832,Hat nem G7 chai 1L,154000,296,Ke A5-02,939,2026-09-28
8930000000128,P-179184,Nuoc lau san Hao Hao goi 85g,220000,216,Ke B4-05,363,2026-09-01
8930000000129,P-949767,Gia vi Kinh Do tiet kiem,260000,13,Ke B4-03,805,2026-09-10
8930000000130,P-667776,Dau goi TH True Milk dam da,216000,157,Ke F5-08,775,2026-07-10
8930000000131,P-823809,Nuoc giat Lay's tiet kiem,138000,179,Ke C2-03,80,2026-07-18
8930000000132,P-677057,Nuoc suoi Sunlight cao cap,57000,227,Ke I1-01,404,2026-09-19
8930000000133,P-248225,Sua tuoi Chin-su cao cap,247000,240,Ke G5-08,310,2026-07-16
8930000000134,P-109585,Khan giay Aquafina truyen thong,347000,207,Ke E1-03,138,2026-10-02
8930000000135,P-511981,Tuong ot Hao Hao huong vi tu nhien,359000,101,Ke A2-08,664,2026-09-15
8930000000136,P-212178,Hat nem Pepsi cao cap,442000,280,Ke D1-05,788,2026-08-05
8930000000137,P-130610,Dau an Red Bull chai 1L,14000,64,Ke C2-08,986,2026-08-02
8930000000138,P-255398,Nuoc xa Vinamilk can 2L,302000,129,Ke D3-07,52,2026-08-22
8930000000139,P-156688,Sua tuoi Hao Hao cao cap,436000,226,Ke G4-09,297,2026-09-29
8930000000140,P-629979,Nuoc xa Coca Cola can 2L,265000,254,Ke D1-09,19,2026-08-10
8930000000141,P-746901,Gia vi Lavie goi 85g,35000,142,Ke K4-08,119,2026-08-01
8930000000142,P-707488,Khan giay Colgate chai 500ml,232000,228,Ke A2-05,743,2026-09-09
8930000000143,P-976303,Nuoc xa Aquafina can 2L,121000,264,Ke D5-06,943,2026-07-18
8930000000144,P-488848,Nuoc giat Omachi loc 4 hop,373000,204,Ke G3-08,818,2026-09-13
8930000000145,P-128127,Khan giay Nam Ngu loc 4 hop,356000,49,Ke K4-03,177,2026-09-08
8930000000146,P-205428,Nuoc mam Lay's can 2L,54000,217,Ke H3-04,214,2026-07-24
8930000000147,P-696289,Banh quy Vinamilk chai 500ml,454000,138,Ke F2-03,847,2026-07-31
8930000000148,P-686187,Banh quy OMO dam da,175000,225,Ke B5-04,123,2026-07-24
8930000000149,P-961866,Hat nem Red Bull loc 4 hop,177000,186,Ke A5-05,917,2026-09-14
8930000000150,P-356150,Nuoc lau san Lay's cao cap,56000,30,Ke H4-02,998,2026-09-20
8930000000151,P-827851,Khan giay Lay's tiet kiem,442000,57,Ke I1-09,107,2026-09-12
8930000000152,P-435476,Nuoc ngot Sunlight it duong,469000,190,Ke C3-08,780,2026-07-31
8930000000153,P-483713,Nuoc xa Clear dam da,81000,191,Ke F2-02,868,2026-09-08
8930000000154,P-811163,Nuoc giat Pepsi tiet kiem,396000,8,Ke D4-06,293,2026-07-31
8930000000155,P-467856,Nuoc mam Kinh Do loc 4 hop,193000,217,Ke F2-03,771,2026-07-28
8930000000156,P-280222,Sua tam OMO it duong,73000,224,Ke G4-08,974,2026-07-29
8930000000157,P-967161,Kem danh rang Vinamilk can 2L,77000,10,Ke I1-02,346,2026-08-24
8930000000158,P-136346,Dau goi Sunsilk khong duong,225000,36,Ke G1-03,924,2026-07-22
8930000000159,P-626986,Banh quy Colgate truyen thong,412000,271,Ke E4-07,907,2026-07-08
8930000000160,P-839233,Nuoc tuong Sunlight loc 4 hop,372000,165,Ke F1-05,921,2026-07-28
8930000000161,P-207197,Khan giay Barona khong duong,361000,211,Ke H2-09,639,2026-07-16
8930000000162,P-300845,Nuoc giat Lifebuoy chai 500ml,457000,212,Ke D3-02,37,2026-07-27
8930000000163,P-774591,Snack Coca Cola truyen thong,371000,69,Ke I5-05,218,2026-09-22
8930000000164,P-794125,Nuoc lau san Nescafe loc 4 hop,269000,179,Ke K2-01,28,2026-07-26
8930000000165,P-820442,Gia vi Tuong An it duong,429000,160,Ke G5-02,749,2026-09-26
8930000000166,P-835911,Kem danh rang Tuong An cao cap,262000,186,Ke B1-02,459,2026-08-26
8930000000167,P-480133,Gia vi Clear huong vi tu nhien,235000,178,Ke D5-09,864,2026-07-19
8930000000168,P-766371,Hat nem Aquafina loc 4 hop,148000,298,Ke K2-07,532,2026-09-02
8930000000169,P-101640,Nuoc ngot Lavie goi 85g,301000,103,Ke F4-02,150,2026-08-10
8930000000170,P-275645,Sua tam Kinh Do dam da,34000,222,Ke C4-04,456,2026-09-24
8930000000171,P-781571,Kem danh rang Closeup goi 85g,209000,291,Ke I4-05,598,2026-08-01
8930000000172,P-823535,Sua tam Sting truyen thong,479000,255,Ke G2-03,517,2026-09-17
8930000000173,P-856215,Nuoc xa Lifebuoy can 2L,69000,267,Ke I1-04,466,2026-08-04
8930000000174,P-992596,Banh quy Clear khong duong,486000,291,Ke F1-07,112,2026-09-18
8930000000175,P-900298,Kem danh rang Oishi loc 4 hop,23000,272,Ke C1-06,312,2026-08-17
8930000000176,P-193637,Ca phe Knorr can 2L,17000,78,Ke C5-07,49,2026-08-25
8930000000177,P-745972,Ca phe Nam Ngu khong duong,422000,255,Ke A1-09,357,2026-09-25
8930000000178,P-383572,Banh quy Pepsi can 2L,296000,163,Ke J4-06,800,2026-08-16
8930000000179,P-137812,Nuoc xa Comfort truyen thong,429000,72,Ke C5-08,779,2026-08-07
8930000000180,P-460663,Nuoc giat Omachi truyen thong,169000,50,Ke J5-07,396,2026-09-04
8930000000181,P-347678,Dau goi Lavie goi 85g,26000,231,Ke E1-03,724,2026-09-30
8930000000182,P-570646,Gia vi Colgate tiet kiem,398000,163,Ke I1-09,87,2026-09-09
8930000000183,P-447832,Khan giay Nescafe hop 200g,390000,32,Ke J5-04,768,2026-08-04
8930000000184,P-376021,Nuoc lau san Maggi huong vi tu nhien,64000,277,Ke C1-05,805,2026-09-07
8930000000185,P-967182,Hat nem Comfort truyen thong,432000,232,Ke B5-06,411,2026-07-20
8930000000186,P-658850,Banh quy Red Bull huong vi tu nhien,177000,228,Ke C4-01,880,2026-07-28
8930000000187,P-902658,Snack Coca Cola loc 4 hop,49000,63,Ke B5-03,292,2026-09-15
8930000000188,P-895667,Nuoc mam Tuong An tiet kiem,48000,83,Ke E4-03,60,2026-07-17
8930000000189,P-516444,Snack Chin-su huong vi tu nhien,368000,34,Ke E4-02,327,2026-09-15
8930000000190,P-787757,Sua tam Maggi chai 500ml,135000,197,Ke B1-04,245,2026-07-19
8930000000191,P-595351,Gia vi Simply can 2L,263000,263,Ke G1-05,62,2026-08-24
8930000000192,P-240913,Nuoc giat Nescafe chai 1L,36000,252,Ke A4-04,935,2026-10-01
8930000000193,P-333752,Nuoc suoi Nescafe hop 200g,348000,56,Ke D5-03,311,2026-07-23
8930000000194,P-112940,Sua tam Sting dam da,436000,261,Ke D2-06,553,2026-09-12
8930000000195,P-456778,Hat nem Nescafe chai 1L,495000,289,Ke H1-01,832,2026-08-05
8930000000196,P-844321,Khan giay Knorr cao cap,500000,90,Ke A1-08,279,2026-07-19
8930000000197,P-322182,Nuoc suoi Comfort cao cap,197000,184,Ke K2-09,288,2026-09-28
8930000000198,P-911187,Nuoc mam Clear goi 85g,291000,40,Ke E1-07,715,2026-09-18
8930000000199,P-724145,Dau an Clear goi 85g,146000,226,Ke D5-09,980,2026-08-24
8930000000200,P-552275,Snack Colgate loc 4 hop,388000,236,Ke E2-06,349,2026-09-07
8930000000201,P-174316,Nuoc giat Lay's chai 500ml,11000,73,Ke K1-08,4,2026-10-02
8930000000202,P-105919,Nuoc mam Pepsi goi 85g,461000,255,Ke G5-02,806,2026-07-12
8930000000203,P-793655,Mi goi Nescafe huong vi tu nhien,459000,232,Ke K1-06,995,2026-08-16
8930000000204,P-749813,Khan giay Aquafina chai 1L,93000,9,Ke B4-06,958,2026-09-09
8930000000205,P-814827,Nuoc giat Vinamilk it duong,383000,15,Ke E3-04,92,2026-07-17
8930000000206,P-995735,Ca phe OMO truyen thong,116000,124,Ke H3-01,287,2026-08-01
8930000000207,P-474795,Khan giay Nam Ngu huong vi tu nhien,103000,207,Ke B3-09,505,2026-09-12
8930000000208,P-693830,Nuoc tuong Nam Ngu cao cap,381000,294,Ke K5-03,66,2026-07-20
8930000000209,P-829884,Dau an Clear dam da,68000,137,Ke J2-09,746,2026-08-29
8930000000210,P-281873,Tuong ot Sunlight cao cap,14000,277,Ke J3-09,904,2026-08-06
8930000000211,P-386042,Sua tuoi Pepsi cao cap,347000,31,Ke F4-07,280,2026-09-18
8930000000212,P-278368,Nuoc lau san Sting can 2L,188000,269,Ke A2-01,284,2026-08-11
8930000000213,P-501320,Nuoc tuong Sting chai 500ml,5000,205,Ke D3-02,901,2026-07-22
8930000000214,P-941814,Sua tuoi Clear it duong,356000,221,Ke B2-04,168,2026-08-22
8930000000215,P-106185,Ca phe Kinh Do cao cap,323000,54,Ke A4-07,827,2026-09-30
8930000000216,P-681242,Gia vi OMO cao cap,481000,176,Ke E2-02,484,2026-09-03
8930000000217,P-704349,Snack Comfort huong vi tu nhien,423000,175,Ke I2-02,794,2026-07-19
8930000000218,P-106693,Khan giay Sting tiet kiem,51000,233,Ke J1-02,997,2026-09-26
8930000000219,P-415029,Banh quy Coca Cola chai 500ml,458000,38,Ke C1-08,56,2026-08-26
8930000000220,P-393448,Khan giay Colgate chai 1L,36000,57,Ke K1-09,53,2026-08-27
8930000000221,P-663054,Dau goi Coca Cola dam da,319000,215,Ke D5-01,464,2026-08-15
8930000000222,P-719677,Nuoc giat OMO chai 1L,453000,56,Ke F1-08,529,2026-08-22
8930000000223,P-877493,Gia vi Nam Ngu dam da,55000,11,Ke J1-04,926,2026-07-22
8930000000224,P-279098,Dau an Colgate goi 85g,134000,186,Ke G4-08,190,2026-09-02
8930000000225,P-913594,Dau an OMO huong vi tu nhien,33000,70,Ke E5-07,525,2026-07-12
8930000000226,P-917392,Kem danh rang Knorr hop 200g,456000,282,Ke C2-08,316,2026-07-18
8930000000227,P-908348,Snack Knorr chai 500ml,499000,9,Ke I5-03,58,2026-09-03
8930000000228,P-404771,Nuoc lau san Comfort goi 85g,442000,32,Ke G3-04,999,2026-09-08
8930000000229,P-792561,Tuong ot OMO dam da,177000,101,Ke K4-08,614,2026-07-07
8930000000230,P-905843,Snack Sunlight hop 200g,292000,176,Ke J3-07,336,2026-09-13
8930000000231,P-792282,Nuoc ngot Sting tiet kiem,469000,26,Ke H2-01,654,2026-09-05
8930000000232,P-956253,Hat nem Sting hop 200g,112000,127,Ke H3-07,210,2026-08-13
8930000000233,P-744883,Nuoc mam Comfort huong vi tu nhien,188000,10,Ke B3-01,568,2026-09-19
8930000000234,P-825686,Dau an Knorr can 2L,102000,189,Ke A1-04,202,2026-08-28
8930000000235,P-192410,Nuoc mam Simply loc 4 hop,371000,94,Ke F5-04,182,2026-09-08
8930000000236,P-362732,Sua tuoi Chin-su loc 4 hop,469000,56,Ke A2-07,670,2026-09-19
8930000000237,P-915922,Snack Barona it duong,159000,238,Ke D3-06,676,2026-09-12
8930000000238,P-133278,Nuoc lau san OMO hop 200g,454000,227,Ke B1-03,903,2026-09-17
8930000000239,P-128679,Tuong ot Nam Ngu goi 85g,196000,196,Ke F5-07,1000,2026-07-14
8930000000240,P-623956,Hat nem Barona huong vi tu nhien,393000,101,Ke I3-03,335,2026-09-02
8930000000241,P-833417,Banh quy Colgate tiet kiem,146000,69,Ke I5-08,214,2026-09-23
8930000000242,P-906564,Nuoc xa OMO cao cap,317000,38,Ke C5-07,769,2026-07-13
8930000000243,P-317221,Nuoc lau san Aquafina can 2L,268000,242,Ke C3-06,538,2026-07-07
8930000000244,P-487151,Nuoc xa Lifebuoy can 2L,245000,142,Ke J4-01,212,2026-09-05
8930000000245,P-792687,Tuong ot Sting it duong,205000,116,Ke E4-07,585,2026-09-13
8930000000246,P-605972,Kem danh rang Tuong An goi 85g,46000,73,Ke B3-08,531,2026-08-19
8930000000247,P-770487,Hat nem Oishi huong vi tu nhien,241000,267,Ke J3-07,461,2026-08-05
8930000000248,P-961574,Sua tam Pepsi chai 500ml,414000,259,Ke F3-07,25,2026-09-11
8930000000249,P-273650,Nuoc giat Simply loc 4 hop,333000,43,Ke F1-05,862,2026-07-31
8930000000250,P-488368,Nuoc lau san Nescafe cao cap,43000,146,Ke D1-02,73,2026-08-18
8930000000251,P-570050,Banh quy Nescafe it duong,173000,105,Ke K3-05,309,2026-07-08
8930000000252,P-177941,Nuoc suoi Nam Ngu truyen thong,312000,75,Ke I3-01,788,2026-08-26
8930000000253,P-909676,Ca phe Comfort chai 500ml,403000,211,Ke G5-01,483,2026-07-12
8930000000254,P-898625,Nuoc lau san Sunsilk khong duong,446000,208,Ke D2-04,485,2026-09-04
8930000000255,P-658065,Nuoc lau san Oishi tiet kiem,285000,244,Ke H3-02,320,2026-09-09
8930000000256,P-610626,Sua tam Sunsilk truyen thong,216000,112,Ke H4-09,30,2026-08-17
8930000000257,P-297503,Dau an Oishi khong duong,159000,9,Ke H3-06,230,2026-08-11
8930000000258,P-921834,Sua tam Closeup tiet kiem,209000,280,Ke E3-01,581,2026-09-29
8930000000259,P-104000,Dau an Omachi chai 500ml,293000,298,Ke G4-04,971,2026-08-14
8930000000260,P-969749,Mi goi Nescafe chai 1L,99000,248,Ke B3-08,654,2026-08-26
8930000000261,P-482584,Mi goi Chin-su dam da,348000,288,Ke C1-08,27,2026-09-10
8930000000262,P-308622,Tuong ot Kinh Do chai 1L,148000,110,Ke D3-09,71,2026-08-06
8930000000263,P-520274,Banh quy Aquafina goi 85g,8000,92,Ke F4-07,160,2026-09-19
8930000000264,P-547724,Dau an Nescafe chai 1L,247000,40,Ke G2-03,891,2026-09-07
8930000000265,P-888870,Ca phe Pepsi truyen thong,343000,248,Ke C5-05,601,2026-09-08
8930000000266,P-760830,Nuoc lau san Lifebuoy cao cap,237000,146,Ke D1-03,456,2026-09-25
8930000000267,P-754280,Dau goi Lay's tiet kiem,129000,274,Ke F5-08,471,2026-08-05
8930000000268,P-498858,Gia vi TH True Milk truyen thong,49000,152,Ke K4-06,717,2026-08-26
8930000000269,P-486649,Dau goi Lay's tiet kiem,438000,94,Ke G2-03,921,2026-07-16
8930000000270,P-585556,Sua tam Sting chai 1L,469000,98,Ke J1-07,715,2026-09-28
8930000000271,P-235215,Hat nem Maggi khong duong,143000,280,Ke E1-04,930,2026-08-01
8930000000272,P-760120,Sua tam Sunsilk goi 85g,65000,193,Ke B1-09,784,2026-08-23
8930000000273,P-769737,Sua tam Sting khong duong,132000,111,Ke I1-08,27,2026-09-24
8930000000274,P-170394,Nuoc giat Coca Cola chai 500ml,384000,209,Ke D4-01,10,2026-09-01
8930000000275,P-582446,Nuoc ngot Lifebuoy khong duong,170000,242,Ke H4-02,84,2026-07-25
8930000000276,P-532723,Hat nem Lifebuoy can 2L,74000,246,Ke E2-03,858,2026-10-01
8930000000277,P-964278,Khan giay Hao Hao khong duong,153000,68,Ke I4-03,79,2026-07-10
8930000000278,P-853305,Sua tuoi Closeup loc 4 hop,81000,230,Ke F2-04,731,2026-09-29
8930000000279,P-778748,Nuoc tuong Nam Ngu can 2L,359000,29,Ke K5-02,399,2026-07-07
8930000000280,P-511564,Ca phe Sting huong vi tu nhien,309000,7,Ke A4-04,951,2026-09-02
8930000000281,P-539001,Kem danh rang Barona it duong,105000,51,Ke A4-01,14,2026-08-21
8930000000282,P-839122,Tuong ot Closeup cao cap,35000,117,Ke B2-03,45,2026-08-11
8930000000283,P-370804,Nuoc lau san Hao Hao chai 500ml,168000,292,Ke K2-04,956,2026-07-26
8930000000284,P-991014,Dau goi Pepsi dam da,121000,114,Ke B3-06,177,2026-10-02
8930000000285,P-749253,Dau goi Colgate chai 500ml,9000,204,Ke D4-04,67,2026-07-11
8930000000286,P-595793,Nuoc suoi Colgate hop 200g,191000,27,Ke B2-07,308,2026-07-19
8930000000287,P-755584,Nuoc xa Hao Hao truyen thong,277000,296,Ke C3-02,614,2026-08-23
8930000000288,P-397058,Dau goi Closeup tiet kiem,358000,73,Ke F2-06,871,2026-07-10
8930000000289,P-510339,Nuoc xa Kinh Do chai 500ml,12000,234,Ke G5-04,515,2026-07-20
8930000000290,P-283640,Sua tuoi Simply huong vi tu nhien,318000,68,Ke E2-07,775,2026-09-02
8930000000291,P-691194,Khan giay Kinh Do huong vi tu nhien,73000,196,Ke H3-04,155,2026-08-16
8930000000292,P-853240,Tuong ot Colgate huong vi tu nhien,124000,232,Ke F2-05,325,2026-07-13
8930000000293,P-252117,Banh quy G7 tiet kiem,215000,152,Ke A2-06,350,2026-09-02
8930000000294,P-865179,Tuong ot Nescafe huong vi tu nhien,467000,132,Ke K2-07,533,2026-08-23
8930000000295,P-584417,Nuoc mam Sting cao cap,6000,38,Ke H1-04,53,2026-07-14
8930000000296,P-725920,Dau an Nam Ngu khong duong,49000,93,Ke J5-04,241,2026-07-31
8930000000297,P-352673,Mi goi Pepsi truyen thong,242000,164,Ke C2-04,434,2026-09-11
8930000000298,P-172222,Khan giay Simply loc 4 hop,149000,300,Ke H2-05,883,2026-08-03
8930000000299,P-628370,Mi goi Aquafina chai 1L,196000,90,Ke H4-07,517,2026-07-17
8930000000300,P-219073,Sua tam Sunsilk khong duong,422000,251,Ke A4-07,874,2026-09-23
8930000000301,P-108356,Ca phe Lay's goi 85g,81000,288,Ke C3-07,474,2026-08-25
8930000000302,P-146038,Nuoc giat Knorr chai 1L,290000,251,Ke B3-03,732,2026-08-04
8930000000303,P-667296,Tuong ot Omachi it duong,5000,11,Ke I3-08,414,2026-08-11
8930000000304,P-501261,Dau goi Clear chai 500ml,199000,255,Ke E5-02,418,2026-09-29
8930000000305,P-817644,Nuoc ngot Coca Cola hop 200g,86000,104,Ke G3-06,521,2026-07-05
8930000000306,P-129959,Nuoc xa Colgate truyen thong,191000,34,Ke K4-07,753,2026-09-02
8930000000307,P-535673,Hat nem Red Bull huong vi tu nhien,474000,190,Ke K1-03,267,2026-07-18
8930000000308,P-862540,Nuoc giat Closeup khong duong,133000,131,Ke J5-03,12,2026-09-19
8930000000309,P-283095,Mi goi Colgate truyen thong,472000,201,Ke G5-02,530,2026-09-09
8930000000310,P-671971,Sua tam Chin-su chai 1L,132000,159,Ke I5-07,600,2026-08-25
8930000000311,P-994794,Sua tam Sunsilk truyen thong,448000,50,Ke B5-06,833,2026-09-15
8930000000312,P-879592,Nuoc suoi Clear it duong,479000,208,Ke E1-03,835,2026-08-02
8930000000313,P-668507,Sua tuoi Hao Hao dam da,399000,218,Ke I4-05,750,2026-08-09
8930000000314,P-412942,Nuoc mam Chin-su chai 500ml,98000,73,Ke D4-03,514,2026-09-19
8930000000315,P-699809,Nuoc giat Oishi it duong,98000,107,Ke A2-04,265,2026-08-12
8930000000316,P-287330,Nuoc giat Colgate hop 200g,58000,90,Ke B3-02,386,2026-09-18
8930000000317,P-297810,Nuoc suoi Kinh Do chai 500ml,18000,125,Ke H4-02,9,2026-09-26
8930000000318,P-659711,Nuoc suoi Sunsilk huong vi tu nhien,343000,26,Ke B2-09,810,2026-10-03
8930000000319,P-292847,Dau goi Lay's goi 85g,495000,141,Ke H4-06,618,2026-08-10
8930000000320,P-207697,Snack Aquafina cao cap,458000,180,Ke F2-06,681,2026-08-13
8930000000321,P-271960,Dau goi Lay's huong vi tu nhien,185000,174,Ke B1-08,891,2026-07-06
8930000000322,P-999636,Dau goi Clear khong duong,16000,67,Ke I3-04,377,2026-08-07
8930000000323,P-361055,Khan giay Closeup cao cap,448000,248,Ke I4-04,3,2026-07-14
8930000000324,P-404955,Snack Vinamilk cao cap,187000,28,Ke F4-04,621,2026-08-02
8930000000325,P-742254,Dau goi Clear hop 200g,409000,46,Ke F4-08,674,2026-07-06
8930000000326,P-687713,Nuoc ngot Clear chai 1L,153000,104,Ke C5-09,32,2026-09-17
8930000000327,P-777255,Nuoc xa OMO dam da,157000,285,Ke H2-08,977,2026-09-19
8930000000328,P-451387,Nuoc xa Closeup goi 85g,126000,129,Ke D2-02,108,2026-08-09
8930000000329,P-480805,Sua tuoi Chin-su chai 500ml,465000,201,Ke E2-05,681,2026-08-04
8930000000330,P-608876,Nuoc ngot Closeup khong duong,475000,278,Ke K4-02,814,2026-07-07
8930000000331,P-927630,Snack Sunlight it duong,480000,299,Ke J1-06,386,2026-08-16
8930000000332,P-851678,Nuoc tuong Sunlight chai 1L,416000,124,Ke D3-02,297,2026-09-22
8930000000333,P-818791,Nuoc ngot Kinh Do chai 500ml,382000,101,Ke B5-06,130,2026-08-24
8930000000334,P-520400,Dau goi Oishi truyen thong,3000,164,Ke A5-09,194,2026-08-15
8930000000335,P-141880,Sua tam Lavie tiet kiem,189000,69,Ke I5-04,109,2026-08-14
8930000000336,P-960616,Sua tuoi Nescafe can 2L,164000,79,Ke E2-08,696,2026-08-06
8930000000337,P-772642,Dau an Lay's loc 4 hop,77000,22,Ke J3-05,514,2026-07-07
8930000000338,P-753404,Nuoc ngot Tuong An truyen thong,296000,249,Ke K2-08,298,2026-07-05
8930000000339,P-371840,Dau goi TH True Milk tiet kiem,173000,83,Ke D2-01,945,2026-09-11
8930000000340,P-352674,Nuoc xa Clear chai 1L,156000,86,Ke A5-07,345,2026-08-10
8930000000341,P-970917,Nuoc xa Aquafina tiet kiem,203000,205,Ke B5-05,289,2026-07-06
8930000000342,P-907189,Tuong ot Lifebuoy goi 85g,204000,54,Ke C3-01,870,2026-07-05
8930000000343,P-768595,Ca phe Sting cao cap,86000,300,Ke C4-08,298,2026-09-15
8930000000344,P-575763,Tuong ot Nam Ngu tiet kiem,386000,105,Ke K1-06,743,2026-07-22
8930000000345,P-649697,Nuoc ngot Closeup tiet kiem,442000,80,Ke G4-03,948,2026-09-26
8930000000346,P-750324,Nuoc ngot Aquafina can 2L,94000,31,Ke B5-06,607,2026-08-09
8930000000347,P-678866,Dau an Colgate truyen thong,209000,130,Ke A1-04,406,2026-08-02
8930000000348,P-946721,Ca phe Lifebuoy hop 200g,491000,93,Ke K4-02,796,2026-08-05
8930000000349,P-508396,Dau goi Tuong An cao cap,337000,232,Ke F1-02,119,2026-09-23
8930000000350,P-311895,Nuoc ngot Red Bull cao cap,345000,265,Ke D1-08,280,2026-07-07
8930000000351,P-127032,Nuoc ngot OMO hop 200g,95000,201,Ke H4-05,585,2026-09-17
8930000000352,P-934306,Nuoc ngot Lavie dam da,368000,280,Ke C4-01,403,2026-07-24
8930000000353,P-427110,Nuoc tuong OMO tiet kiem,274000,255,Ke B5-09,730,2026-07-12
8930000000354,P-672233,Nuoc ngot Sunsilk tiet kiem,109000,65,Ke C5-03,5,2026-07-24
8930000000355,P-307963,Nuoc giat OMO chai 500ml,65000,25,Ke C5-04,668,2026-09-13
8930000000356,P-445824,Mi goi Nescafe loc 4 hop,438000,22,Ke B1-09,305,2026-08-18
8930000000357,P-599135,Nuoc tuong Chin-su chai 1L,486000,5,Ke D3-01,968,2026-07-29
8930000000358,P-687997,Ca phe Closeup goi 85g,230000,76,Ke J4-06,535,2026-08-19
8930000000359,P-816116,Khan giay Nescafe goi 85g,110000,55,Ke K1-04,37,2026-09-09
8930000000360,P-965708,Dau an Knorr it duong,493000,73,Ke J5-04,605,2026-08-19
8930000000361,P-284654,Nuoc suoi Omachi truyen thong,321000,221,Ke B5-05,266,2026-08-16
8930000000362,P-915437,Nuoc mam Coca Cola can 2L,45000,135,Ke K4-03,548,2026-09-07
8930000000363,P-486482,Mi goi Colgate truyen thong,140000,103,Ke F5-09,619,2026-09-13
8930000000364,P-837468,Sua tam Comfort khong duong,164000,227,Ke G1-04,79,2026-08-30
8930000000365,P-100716,Nuoc ngot Nescafe dam da,353000,285,Ke G1-06,655,2026-09-22
8930000000366,P-620039,Kem danh rang Barona chai 500ml,401000,144,Ke C2-05,10,2026-09-21
8930000000367,P-701790,Dau goi Simply chai 1L,490000,58,Ke B2-09,745,2026-08-25
8930000000368,P-814919,Gia vi Comfort tiet kiem,253000,53,Ke I3-05,564,2026-08-30
8930000000369,P-657772,Khan giay Hao Hao huong vi tu nhien,90000,167,Ke G2-06,825,2026-07-09
8930000000370,P-215266,Nuoc tuong Nescafe hop 200g,454000,211,Ke H5-03,265,2026-10-02
8930000000371,P-535050,Nuoc lau san Lifebuoy khong duong,339000,69,Ke C4-05,54,2026-07-14
8930000000372,P-224582,Kem danh rang Lifebuoy tiet kiem,130000,219,Ke H2-08,362,2026-08-05
8930000000373,P-137581,Nuoc lau san Knorr loc 4 hop,490000,224,Ke I2-05,650,2026-09-22
8930000000374,P-702042,Ca phe Pepsi tiet kiem,163000,51,Ke K1-02,747,2026-09-03
8930000000375,P-821568,Mi goi Chin-su hop 200g,32000,48,Ke E5-08,827,2026-10-02
8930000000376,P-640970,Sua tam Closeup goi 85g,480000,74,Ke H4-09,701,2026-07-09
8930000000377,P-366314,Nuoc tuong Lifebuoy dam da,210000,12,Ke J2-01,731,2026-08-10
8930000000378,P-466960,Nuoc tuong Clear chai 500ml,128000,275,Ke K5-01,621,2026-08-07
8930000000379,P-244144,Nuoc mam Closeup tiet kiem,271000,120,Ke C1-06,859,2026-09-16
8930000000380,P-801765,Nuoc lau san Aquafina huong vi tu nhien,219000,258,Ke G2-06,993,2026-09-19
8930000000381,P-955413,Snack Barona cao cap,130000,281,Ke B3-05,494,2026-08-27
8930000000382,P-265154,Nuoc suoi Nam Ngu huong vi tu nhien,380000,296,Ke G2-05,951,2026-07-13
8930000000383,P-310647,Nuoc lau san Comfort huong vi tu nhien,481000,242,Ke J4-01,364,2026-10-03
8930000000384,P-296653,Khan giay Sting chai 500ml,155000,186,Ke B1-06,911,2026-09-10
8930000000385,P-614663,Dau goi Aquafina huong vi tu nhien,54000,225,Ke H2-02,541,2026-07-30
8930000000386,P-562236,Dau an Pepsi dam da,470000,254,Ke A2-05,231,2026-08-04
8930000000387,P-350229,Dau goi Aquafina loc 4 hop,189000,224,Ke C5-05,111,2026-08-08
8930000000388,P-863124,Nuoc giat Chin-su khong duong,184000,227,Ke A3-04,113,2026-09-09
8930000000389,P-180458,Ca phe TH True Milk khong duong,205000,220,Ke F1-03,682,2026-09-08
8930000000390,P-242371,Nuoc xa Closeup loc 4 hop,63000,220,Ke H5-08,819,2026-07-08
8930000000391,P-770872,Dau an Lavie tiet kiem,394000,209,Ke I4-03,112,2026-09-20
8930000000392,P-335137,Sua tuoi Omachi khong duong,179000,261,Ke A2-01,694,2026-08-21
8930000000393,P-460263,Sua tam Lay's truyen thong,7000,227,Ke H3-05,497,2026-09-23
8930000000394,P-476224,Sua tam Simply hop 200g,81000,266,Ke C2-05,785,2026-09-19
8930000000395,P-158845,Nuoc suoi Lifebuoy it duong,344000,224,Ke D4-02,717,2026-07-31
8930000000396,P-163946,Khan giay Chin-su it duong,440000,81,Ke D1-03,410,2026-09-29
8930000000397,P-561999,Nuoc suoi Nam Ngu khong duong,221000,14,Ke J2-02,885,2026-09-27
8930000000398,P-573858,Dau goi Pepsi goi 85g,159000,123,Ke D3-07,490,2026-09-26
8930000000399,P-290305,Nuoc lau san Pepsi cao cap,29000,160,Ke B3-06,287,2026-08-20
8930000000400,P-288646,Sua tam Simply chai 500ml,461000,29,Ke C1-01,53,2026-07-11
8930000000401,P-576535,Snack Nam Ngu loc 4 hop,244000,148,Ke J1-07,189,2026-09-01
8930000000402,P-166857,Nuoc xa Aquafina chai 500ml,158000,62,Ke B1-09,788,2026-09-17
8930000000403,P-558976,Snack Aquafina truyen thong,417000,190,Ke J5-06,243,2026-07-12
8930000000404,P-881177,Nuoc suoi Nam Ngu hop 200g,199000,49,Ke B2-02,42,2026-07-20
8930000000405,P-384913,Tuong ot Nam Ngu truyen thong,231000,55,Ke B5-06,308,2026-08-04
8930000000406,P-370328,Tuong ot Nescafe truyen thong,81000,27,Ke C2-07,563,2026-09-01
8930000000407,P-616137,Nuoc tuong Aquafina chai 500ml,232000,65,Ke G1-08,429,2026-07-28
8930000000408,P-768470,Nuoc lau san OMO huong vi tu nhien,88000,145,Ke C3-01,978,2026-07-23
8930000000409,P-741233,Banh quy OMO truyen thong,100000,208,Ke H5-09,994,2026-09-24
8930000000410,P-855638,Nuoc mam Sting tiet kiem,263000,201,Ke I4-07,621,2026-08-30
8930000000411,P-416422,Tuong ot Chin-su huong vi tu nhien,84000,297,Ke D5-01,900,2026-07-30
8930000000412,P-986365,Nuoc giat G7 truyen thong,371000,273,Ke E3-04,303,2026-07-05
8930000000413,P-508926,Nuoc suoi Nescafe dam da,90000,119,Ke A5-04,298,2026-09-28
8930000000414,P-559022,Dau an Maggi loc 4 hop,477000,73,Ke E1-04,843,2026-09-07
8930000000415,P-577092,Nuoc tuong Hao Hao huong vi tu nhien,335000,182,Ke K5-06,332,2026-09-23
8930000000416,P-824586,Nuoc tuong Tuong An truyen thong,71000,214,Ke J3-06,58,2026-07-15
8930000000417,P-789545,Sua tuoi Comfort chai 500ml,115000,148,Ke C3-01,550,2026-07-11
8930000000418,P-302544,Gia vi Hao Hao truyen thong,384000,200,Ke K3-09,211,2026-08-08
8930000000419,P-807617,Hat nem Lavie loc 4 hop,107000,207,Ke C4-04,747,2026-08-09
8930000000420,P-904694,Kem danh rang Omachi can 2L,50000,258,Ke C4-03,835,2026-09-11
8930000000421,P-591534,Tuong ot Oishi can 2L,485000,97,Ke K3-01,317,2026-09-13
8930000000422,P-410244,Nuoc mam Comfort chai 1L,354000,101,Ke B2-02,436,2026-09-02
8930000000423,P-245534,Nuoc giat Barona cao cap,499000,211,Ke B5-03,744,2026-10-02
8930000000424,P-335445,Khan giay Hao Hao chai 1L,199000,15,Ke B1-01,135,2026-09-02
8930000000425,P-938338,Mi goi Tuong An khong duong,483000,11,Ke A1-09,753,2026-08-21
8930000000426,P-456637,Mi goi Nam Ngu khong duong,248000,293,Ke H2-05,339,2026-08-03
8930000000427,P-274421,Dau an Simply huong vi tu nhien,281000,141,Ke K5-02,21,2026-09-28
8930000000428,P-772741,Nuoc ngot Nescafe loc 4 hop,55000,266,Ke G2-01,934,2026-09-05
8930000000429,P-656116,Sua tuoi Simply chai 1L,200000,80,Ke F3-04,943,2026-07-08
8930000000430,P-544151,Dau goi Closeup truyen thong,424000,62,Ke H2-02,229,2026-09-20
8930000000431,P-424398,Ca phe Aquafina dam da,318000,175,Ke B3-02,917,2026-09-28
8930000000432,P-165858,Khan giay Omachi khong duong,222000,276,Ke F5-03,695,2026-08-10
8930000000433,P-579094,Dau an Maggi cao cap,354000,159,Ke J3-06,896,2026-09-20
8930000000434,P-388389,Nuoc suoi Barona can 2L,341000,193,Ke E1-01,882,2026-09-14
8930000000435,P-364525,Dau an Lavie khong duong,202000,233,Ke H1-02,591,2026-08-10
8930000000436,P-958182,Nuoc suoi Omachi dam da,168000,70,Ke C4-06,326,2026-08-01
8930000000437,P-942946,Sua tam Red Bull truyen thong,214000,175,Ke C2-07,428,2026-07-25
8930000000438,P-200219,Nuoc xa Nescafe goi 85g,255000,277,Ke I2-07,85,2026-07-21
8930000000439,P-806396,Sua tam G7 hop 200g,400000,117,Ke B2-06,2,2026-09-07
8930000000440,P-963699,Sua tuoi Aquafina goi 85g,245000,73,Ke B1-06,369,2026-09-16
8930000000441,P-716338,Ca phe Sting khong duong,430000,287,Ke G2-04,847,2026-09-05
8930000000442,P-546980,Banh quy Clear khong duong,63000,78,Ke G1-07,380,2026-09-27
8930000000443,P-116405,Nuoc ngot Closeup hop 200g,40000,249,Ke J2-01,150,2026-08-18
8930000000444,P-297383,Dau an Kinh Do it duong,42000,11,Ke J4-03,783,2026-09-10
8930000000445,P-880762,Nuoc xa Clear khong duong,386000,275,Ke E4-07,739,2026-08-21
8930000000446,P-177077,Nuoc giat OMO cao cap,358000,11,Ke E1-03,61,2026-07-13
8930000000447,P-881770,Banh quy Lay's tiet kiem,91000,262,Ke C1-07,852,2026-08-10
8930000000448,P-550664,Nuoc giat Nescafe truyen thong,427000,137,Ke J5-05,726,2026-09-04
8930000000449,P-916776,Sua tam Barona khong duong,142000,52,Ke I4-03,760,2026-09-06
8930000000450,P-700660,Dau goi Lay's huong vi tu nhien,115000,205,Ke C5-02,836,2026-07-07
8930000000451,P-797492,Nuoc giat Red Bull chai 500ml,337000,212,Ke G2-01,822,2026-08-17
8930000000452,P-698717,Sua tam Nam Ngu loc 4 hop,58000,58,Ke B3-06,28,2026-09-03
8930000000453,P-270555,Ca phe Chin-su goi 85g,57000,38,Ke D5-01,774,2026-08-25
8930000000454,P-449759,Tuong ot Nescafe it duong,329000,21,Ke D3-02,1000,2026-07-23
8930000000455,P-886931,Gia vi TH True Milk hop 200g,407000,252,Ke A1-06,95,2026-08-25
8930000000456,P-288128,Sua tuoi Aquafina tiet kiem,147000,208,Ke I2-06,769,2026-08-14
8930000000457,P-100884,Kem danh rang Omachi truyen thong,348000,54,Ke F4-09,103,2026-07-31
8930000000458,P-366431,Dau an Vinamilk hop 200g,410000,200,Ke H5-01,297,2026-09-13
8930000000459,P-496764,Dau an Closeup can 2L,43000,52,Ke D2-03,787,2026-09-13
8930000000460,P-146385,Nuoc lau san G7 truyen thong,314000,272,Ke F4-03,347,2026-08-27
8930000000461,P-470248,Kem danh rang Lay's chai 1L,23000,203,Ke D2-02,981,2026-09-14
8930000000462,P-433222,Gia vi Colgate can 2L,52000,12,Ke C3-09,888,2026-09-22
8930000000463,P-620465,Nuoc xa Hao Hao can 2L,163000,91,Ke E2-02,286,2026-07-22
8930000000464,P-326061,Kem danh rang Aquafina dam da,39000,96,Ke H3-08,262,2026-08-08
8930000000465,P-402020,Dau an Hao Hao hop 200g,252000,25,Ke F3-07,418,2026-07-16
8930000000466,P-245939,Dau an Sting chai 500ml,265000,165,Ke F1-07,518,2026-08-07
8930000000467,P-176537,Nuoc suoi Maggi cao cap,24000,34,Ke D5-01,158,2026-09-20
8930000000468,P-479167,Ca phe Coca Cola khong duong,294000,209,Ke B2-07,895,2026-08-05
8930000000469,P-347861,Mi goi Aquafina can 2L,242000,278,Ke H1-02,184,2026-09-20
8930000000470,P-943776,Dau goi Sunsilk chai 1L,105000,210,Ke F1-06,350,2026-07-18
8930000000471,P-106429,Nuoc xa Nam Ngu truyen thong,382000,248,Ke B3-08,39,2026-07-26
8930000000472,P-810380,Dau an Red Bull khong duong,330000,114,Ke F5-01,615,2026-08-16
8930000000473,P-651613,Banh quy Barona tiet kiem,188000,225,Ke H2-01,216,2026-10-01
8930000000474,P-699198,Sua tam Tuong An loc 4 hop,328000,95,Ke B2-02,280,2026-08-13
8930000000475,P-470858,Mi goi Knorr truyen thong,234000,219,Ke I2-05,188,2026-09-27
8930000000476,P-132146,Mi goi Maggi chai 1L,178000,157,Ke C2-06,964,2026-08-11
8930000000477,P-139589,Nuoc xa Red Bull goi 85g,355000,87,Ke G3-07,842,2026-10-02
8930000000478,P-565776,Nuoc tuong OMO hop 200g,104000,44,Ke K5-03,331,2026-07-10
8930000000479,P-530720,Snack Vinamilk khong duong,462000,239,Ke C4-06,116,2026-07-09
8930000000480,P-643323,Sua tam Tuong An goi 85g,372000,6,Ke H2-08,654,2026-07-21
8930000000481,P-660069,Nuoc ngot TH True Milk it duong,384000,101,Ke G5-03,615,2026-08-16
8930000000482,P-152973,Tuong ot Aquafina it duong,490000,102,Ke K5-01,379,2026-08-18
8930000000483,P-773440,Sua tuoi Knorr loc 4 hop,260000,68,Ke H4-07,420,2026-08-19
8930000000484,P-139581,Kem danh rang Comfort goi 85g,221000,272,Ke F1-03,469,2026-08-10
8930000000485,P-926403,Kem danh rang Chin-su goi 85g,307000,88,Ke I4-07,291,2026-07-11
8930000000486,P-336388,Sua tam Colgate loc 4 hop,362000,55,Ke B1-02,665,2026-10-01
8930000000487,P-151470,Khan giay Barona chai 1L,56000,259,Ke J5-02,648,2026-08-08
8930000000488,P-826596,Nuoc lau san Oishi tiet kiem,19000,153,Ke G2-04,795,2026-08-06
8930000000489,P-522866,Nuoc tuong Coca Cola dam da,103000,245,Ke B3-08,422,2026-07-13
8930000000490,P-743966,Dau goi Vinamilk chai 500ml,403000,119,Ke I3-05,900,2026-07-11
8930000000491,P-511612,Nuoc suoi Knorr tiet kiem,468000,217,Ke K2-01,921,2026-08-11
8930000000492,P-663051,Banh quy Vinamilk huong vi tu nhien,81000,196,Ke I5-06,343,2026-09-12
8930000000493,P-600241,Gia vi Pepsi it duong,287000,205,Ke D5-07,848,2026-09-27
8930000000494,P-420523,Gia vi Pepsi khong duong,483000,204,Ke C4-06,529,2026-09-13
8930000000495,P-901561,Sua tam Simply dam da,366000,69,Ke I1-07,863,2026-07-15
8930000000496,P-805511,Nuoc suoi Comfort goi 85g,84000,170,Ke D1-02,26,2026-08-09
8930000000497,P-335765,Sua tuoi Colgate tiet kiem,306000,83,Ke A5-09,942,2026-09-23
8930000000498,P-208954,Gia vi Coca Cola huong vi tu nhien,383000,71,Ke H3-03,245,2026-07-12
8930000000499,P-160423,Hat nem Knorr it duong,277000,130,Ke G3-01,281,2026-09-23
8930000000500,P-790658,Dau an Colgate huong vi tu nhien,329000,57,Ke B4-02,109,2026-09-15
8930000000501,P-986593,Ca phe Tuong An khong duong,50000,44,Ke H3-04,400,2026-09-21
8930000000502,P-708502,Nuoc xa OMO huong vi tu nhien,214000,42,Ke H1-04,703,2026-08-11
8930000000503,P-166447,Dau goi Maggi chai 500ml,327000,235,Ke C2-05,10,2026-09-11
8930000000504,P-869238,Gia vi Colgate hop 200g,440000,21,Ke B3-06,495,2026-07-17
8930000000505,P-929912,Khan giay Nescafe huong vi tu nhien,84000,272,Ke E1-04,620,2026-09-30
8930000000506,P-497346,Nuoc tuong Vinamilk goi 85g,265000,83,Ke D3-02,920,2026-09-06
8930000000507,P-768061,Sua tuoi Lavie khong duong,115000,47,Ke C3-05,493,2026-09-08
8930000000508,P-197545,Mi goi Aquafina truyen thong,285000,155,Ke H4-07,524,2026-08-13
8930000000509,P-651363,Tuong ot Tuong An khong duong,104000,148,Ke G1-05,169,2026-09-07
8930000000510,P-729371,Nuoc xa Pepsi can 2L,219000,144,Ke F5-02,621,2026-08-15
8930000000511,P-159653,Sua tam Nam Ngu hop 200g,183000,196,Ke K1-08,171,2026-09-29
8930000000512,P-839389,Nuoc lau san Tuong An hop 200g,212000,155,Ke J5-06,407,2026-09-30
8930000000513,P-556542,Nuoc ngot Chin-su tiet kiem,168000,224,Ke C3-04,74,2026-09-06
8930000000514,P-557409,Kem danh rang Aquafina khong duong,402000,165,Ke B1-06,704,2026-10-02
8930000000515,P-253300,Snack Nam Ngu can 2L,293000,169,Ke D5-02,394,2026-08-28
8930000000516,P-950916,Khan giay Nam Ngu goi 85g,114000,57,Ke I3-02,587,2026-07-13
8930000000517,P-422266,Sua tam Closeup tiet kiem,225000,167,Ke F2-04,50,2026-08-01
8930000000518,P-656837,Nuoc xa TH True Milk loc 4 hop,218000,66,Ke B4-03,615,2026-08-23
8930000000519,P-879414,Gia vi Coca Cola it duong,298000,15,Ke E1-01,933,2026-08-05
8930000000520,P-731728,Ca phe Omachi chai 1L,21000,278,Ke I1-06,660,2026-10-01
8930000000521,P-605065,Mi goi Red Bull dam da,427000,217,Ke E3-06,771,2026-08-20
8930000000522,P-432043,Dau goi Kinh Do goi 85g,399000,165,Ke H5-01,402,2026-08-26
8930000000523,P-691088,Nuoc giat Red Bull cao cap,498000,67,Ke F5-02,29,2026-09-05
8930000000524,P-364294,Banh quy Comfort huong vi tu nhien,74000,58,Ke F4-04,174,2026-09-22
8930000000525,P-516297,Tuong ot Clear tiet kiem,191000,280,Ke A1-05,904,2026-09-28
8930000000526,P-481104,Nuoc ngot TH True Milk loc 4 hop,41000,140,Ke F5-07,276,2026-07-06
8930000000527,P-688508,Nuoc mam Barona khong duong,301000,240,Ke B2-06,882,2026-09-15
8930000000528,P-746624,Gia vi Maggi chai 1L,329000,233,Ke K1-09,540,2026-09-03
8930000000529,P-794083,Gia vi Red Bull cao cap,253000,148,Ke F4-04,94,2026-08-31
8930000000530,P-513474,Ca phe Lifebuoy dam da,183000,290,Ke D2-02,76,2026-08-01
8930000000531,P-601916,Banh quy Nam Ngu huong vi tu nhien,346000,115,Ke H4-04,499,2026-09-20
8930000000532,P-442230,Snack Nam Ngu hop 200g,392000,275,Ke I3-05,725,2026-08-06
8930000000533,P-571635,Dau an Sunlight goi 85g,57000,71,Ke D3-07,998,2026-08-07
8930000000534,P-705711,Khan giay G7 it duong,402000,209,Ke D1-05,433,2026-09-12
8930000000535,P-186424,Ca phe Sunlight hop 200g,334000,57,Ke C4-02,762,2026-09-19
8930000000536,P-352867,Hat nem Vinamilk can 2L,98000,141,Ke A4-09,463,2026-08-19
8930000000537,P-736565,Nuoc suoi Hao Hao goi 85g,46000,186,Ke G2-03,406,2026-07-31
8930000000538,P-610343,Sua tam G7 chai 500ml,30000,230,Ke E3-02,50,2026-07-12
8930000000539,P-286906,Dau goi Clear chai 1L,102000,155,Ke D4-03,608,2026-08-29
8930000000540,P-923927,Nuoc lau san Lay's can 2L,268000,226,Ke B1-04,981,2026-09-19
8930000000541,P-803055,Hat nem Hao Hao huong vi tu nhien,461000,23,Ke J3-04,67,2026-07-27
8930000000542,P-168517,Nuoc ngot Tuong An it duong,454000,212,Ke G4-02,225,2026-07-07
8930000000543,P-487728,Nuoc suoi Red Bull it duong,90000,109,Ke F3-05,751,2026-10-03
8930000000544,P-110142,Nuoc ngot Chin-su goi 85g,467000,249,Ke E2-03,322,2026-07-08
8930000000545,P-381770,Mi goi Chin-su khong duong,173000,238,Ke C1-08,438,2026-08-22
8930000000546,P-523727,Sua tuoi Chin-su loc 4 hop,454000,44,Ke C1-06,992,2026-08-04
8930000000547,P-434640,Gia vi Vinamilk can 2L,450000,131,Ke H1-01,838,2026-10-01
8930000000548,P-556329,Gia vi Closeup loc 4 hop,430000,121,Ke I5-03,773,2026-09-15
8930000000549,P-524707,Nuoc ngot Hao Hao loc 4 hop,414000,176,Ke H4-06,558,2026-09-01
8930000000550,P-740632,Nuoc xa Tuong An chai 500ml,237000,11,Ke F3-06,912,2026-07-29
8930000000551,P-612997,Khan giay Red Bull dam da,141000,270,Ke K1-03,420,2026-09-05
8930000000552,P-207903,Dau an Aquafina can 2L,18000,130,Ke J4-06,211,2026-09-22
8930000000553,P-182760,Tuong ot Barona chai 1L,330000,60,Ke E5-08,981,2026-07-28
8930000000554,P-765105,Nuoc mam Tuong An cao cap,181000,174,Ke G5-07,967,2026-08-29
8930000000555,P-280908,Ca phe Nam Ngu huong vi tu nhien,299000,271,Ke F5-02,443,2026-08-06
8930000000556,P-386814,Gia vi OMO tiet kiem,180000,152,Ke B1-08,949,2026-07-08
8930000000557,P-170260,Dau an Sting cao cap,79000,272,Ke E5-09,680,2026-09-13
8930000000558,P-494956,Ca phe Red Bull loc 4 hop,36000,155,Ke A4-01,222,2026-08-28
8930000000559,P-218548,Gia vi Hao Hao huong vi tu nhien,253000,161,Ke A4-06,676,2026-10-03
8930000000560,P-130915,Banh quy Tuong An khong duong,182000,150,Ke I5-03,976,2026-09-22
8930000000561,P-400814,Nuoc suoi Omachi truyen thong,103000,226,Ke J1-05,224,2026-09-29
8930000000562,P-728038,Nuoc xa Barona chai 500ml,130000,202,Ke G4-02,914,2026-08-31
8930000000563,P-501557,Ca phe Lay's loc 4 hop,91000,293,Ke G3-03,699,2026-09-08
8930000000564,P-535612,Nuoc suoi Omachi chai 1L,286000,107,Ke E3-02,304,2026-07-23
8930000000565,P-942127,Nuoc giat Nescafe khong duong,195000,228,Ke B2-09,452,2026-07-07
8930000000566,P-182361,Snack G7 cao cap,367000,188,Ke H3-07,477,2026-08-11
8930000000567,P-299072,Sua tam Sting huong vi tu nhien,470000,291,Ke A4-02,773,2026-09-16
8930000000568,P-248533,Khan giay Barona loc 4 hop,405000,129,Ke J5-06,130,2026-07-16
8930000000569,P-908475,Nuoc tuong Maggi hop 200g,452000,155,Ke A4-03,412,2026-07-10
8930000000570,P-177060,Sua tuoi Sting tiet kiem,393000,270,Ke H1-02,56,2026-08-30
8930000000571,P-947609,Nuoc ngot Lavie hop 200g,52000,153,Ke J4-06,885,2026-09-26
8930000000572,P-173199,Nuoc ngot Clear hop 200g,348000,266,Ke A2-09,147,2026-07-24
8930000000573,P-408474,Nuoc xa Omachi it duong,461000,84,Ke E3-01,824,2026-08-02
8930000000574,P-596171,Khan giay Lifebuoy it duong,61000,39,Ke A2-02,532,2026-09-21
8930000000575,P-243132,Hat nem Nam Ngu dam da,245000,17,Ke I4-07,56,2026-09-18
8930000000576,P-479358,Ca phe Coca Cola can 2L,97000,125,Ke I3-08,879,2026-07-11
8930000000577,P-117500,Khan giay Hao Hao chai 1L,77000,16,Ke C2-04,174,2026-07-30
8930000000578,P-630458,Nuoc tuong Nam Ngu can 2L,248000,153,Ke E1-08,376,2026-07-10
8930000000579,P-464189,Nuoc suoi Coca Cola chai 1L,360000,59,Ke H4-07,151,2026-09-30
8930000000580,P-119627,Ca phe Sting dam da,291000,204,Ke A5-05,34,2026-07-13
8930000000581,P-409030,Khan giay Sting huong vi tu nhien,467000,186,Ke C4-08,283,2026-10-02
8930000000582,P-220351,Nuoc mam Aquafina goi 85g,441000,262,Ke D3-09,399,2026-07-30
8930000000583,P-101258,Mi goi Chin-su cao cap,80000,185,Ke K5-06,470,2026-09-16
8930000000584,P-625600,Nuoc suoi OMO tiet kiem,340000,160,Ke G1-08,385,2026-08-04
8930000000585,P-435039,Khan giay Closeup khong duong,297000,264,Ke K5-05,132,2026-07-06
8930000000586,P-722651,Snack Oishi hop 200g,181000,211,Ke B1-01,872,2026-09-13
8930000000587,P-877259,Hat nem Hao Hao cao cap,57000,260,Ke K4-06,778,2026-09-04
8930000000588,P-680933,Hat nem Hao Hao khong duong,375000,201,Ke G1-01,626,2026-09-01
8930000000589,P-533321,Nuoc ngot TH True Milk truyen thong,40000,231,Ke F5-01,945,2026-09-11
8930000000590,P-821634,Snack Hao Hao truyen thong,233000,198,Ke C5-09,204,2026-09-08
8930000000591,P-487477,Nuoc suoi Red Bull can 2L,350000,151,Ke D2-03,444,2026-07-28
8930000000592,P-230394,Tuong ot Kinh Do hop 200g,15000,54,Ke D1-03,914,2026-10-03
8930000000593,P-701987,Kem danh rang Sunsilk chai 1L,293000,284,Ke B3-03,698,2026-07-13
8930000000594,P-109909,Nuoc lau san Red Bull it duong,429000,111,Ke J4-09,360,2026-08-19
8930000000595,P-437666,Khan giay Maggi goi 85g,439000,75,Ke B4-07,640,2026-08-16
8930000000596,P-511967,Mi goi Oishi dam da,68000,269,Ke E1-02,510,2026-09-04
8930000000597,P-940952,Banh quy Lay's goi 85g,172000,16,Ke D3-05,399,2026-07-05
8930000000598,P-719176,Kem danh rang Kinh Do khong duong,498000,152,Ke B5-04,873,2026-07-29
8930000000599,P-598733,Khan giay G7 loc 4 hop,207000,34,Ke I1-08,959,2026-08-31
8930000000600,P-747983,Sua tuoi TH True Milk chai 500ml,218000,138,Ke D3-01,142,2026-09-07
8930000000601,P-273061,Nuoc tuong Comfort truyen thong,171000,36,Ke D4-02,824,2026-07-23
8930000000602,P-907812,Khan giay Lifebuoy tiet kiem,416000,23,Ke F1-07,612,2026-07-17
8930000000603,P-101139,Mi goi Maggi goi 85g,248000,71,Ke E1-02,36,2026-08-01
8930000000604,P-250861,Nuoc lau san Simply cao cap,182000,225,Ke H3-04,21,2026-09-26
8930000000605,P-195136,Sua tuoi Sunsilk tiet kiem,418000,105,Ke I5-07,698,2026-07-08
8930000000606,P-715448,Sua tuoi Nescafe can 2L,29000,203,Ke G2-07,718,2026-08-10
8930000000607,P-223949,Nuoc tuong Omachi dam da,227000,65,Ke J3-06,198,2026-08-21
8930000000608,P-293411,Sua tam Barona huong vi tu nhien,124000,123,Ke B5-01,232,2026-08-12
8930000000609,P-289934,Nuoc tuong Oishi huong vi tu nhien,413000,12,Ke D1-02,58,2026-09-17
8930000000610,P-913373,Nuoc giat Chin-su loc 4 hop,25000,165,Ke F5-04,299,2026-09-17
8930000000611,P-767830,Khan giay Coca Cola can 2L,339000,67,Ke K1-02,256,2026-07-26
8930000000612,P-900581,Tuong ot Red Bull truyen thong,379000,187,Ke D4-05,964,2026-08-18
8930000000613,P-765213,Nuoc tuong Knorr cao cap,128000,274,Ke E3-09,515,2026-09-20
8930000000614,P-314181,Banh quy Aquafina chai 1L,364000,253,Ke E1-04,933,2026-09-16
8930000000615,P-708792,Nuoc lau san Simply loc 4 hop,382000,288,Ke D1-06,742,2026-09-15
8930000000616,P-655178,Banh quy Simply truyen thong,228000,237,Ke B1-08,856,2026-09-29
8930000000617,P-410401,Nuoc suoi Tuong An hop 200g,199000,158,Ke B1-05,875,2026-07-17
8930000000618,P-930884,Dau goi Red Bull huong vi tu nhien,444000,200,Ke G4-01,229,2026-09-07
8930000000619,P-693127,Dau goi Chin-su cao cap,223000,277,Ke A3-01,554,2026-08-20
8930000000620,P-915573,Sua tuoi Barona hop 200g,389000,177,Ke E5-04,775,2026-09-30
8930000000621,P-950941,Snack Clear hop 200g,225000,223,Ke A1-09,397,2026-07-09
8930000000622,P-847245,Ca phe Sunlight goi 85g,240000,222,Ke J5-09,266,2026-09-13
8930000000623,P-932250,Dau goi Sting truyen thong,476000,126,Ke C1-05,818,2026-07-08
8930000000624,P-745915,Nuoc suoi Kinh Do it duong,397000,282,Ke E3-07,39,2026-07-17
8930000000625,P-851763,Nuoc suoi Aquafina loc 4 hop,340000,133,Ke K5-01,127,2026-08-25
8930000000626,P-527809,Gia vi Closeup chai 500ml,431000,140,Ke C4-08,17,2026-08-08
8930000000627,P-555851,Sua tuoi Sting huong vi tu nhien,497000,188,Ke H5-04,418,2026-09-26
8930000000628,P-432061,Gia vi Kinh Do loc 4 hop,462000,287,Ke F1-08,184,2026-08-31
8930000000629,P-866260,Nuoc suoi Tuong An can 2L,68000,121,Ke K2-03,892,2026-07-16
8930000000630,P-587853,Banh quy Simply dam da,338000,24,Ke C5-08,593,2026-08-24
8930000000631,P-476948,Banh quy Nescafe truyen thong,119000,36,Ke E3-01,694,2026-08-19
8930000000632,P-363871,Nuoc tuong Lifebuoy huong vi tu nhien,310000,125,Ke F1-02,519,2026-08-08
8930000000633,P-696707,Nuoc ngot G7 dam da,124000,109,Ke F5-06,849,2026-07-08
8930000000634,P-365406,Sua tam Kinh Do cao cap,221000,149,Ke C1-06,621,2026-08-18
8930000000635,P-938373,Snack Pepsi cao cap,194000,245,Ke E5-01,164,2026-08-17
8930000000636,P-406327,Banh quy Knorr khong duong,469000,18,Ke B5-04,827,2026-08-24
8930000000637,P-817611,Nuoc lau san Lifebuoy tiet kiem,382000,265,Ke J3-04,387,2026-07-21
8930000000638,P-518801,Banh quy Closeup truyen thong,79000,200,Ke K1-02,981,2026-09-05
8930000000639,P-799891,Gia vi G7 hop 200g,325000,285,Ke G5-02,867,2026-07-28
8930000000640,P-662445,Banh quy Lay's can 2L,340000,273,Ke I4-06,275,2026-09-09
8930000000641,P-178629,Gia vi Knorr it duong,171000,129,Ke F2-08,322,2026-09-19
8930000000642,P-914854,Hat nem Sting truyen thong,493000,214,Ke F1-06,573,2026-07-31
8930000000643,P-212512,Mi goi Barona chai 500ml,337000,252,Ke J2-08,805,2026-08-11
8930000000644,P-766833,Hat nem Oishi khong duong,476000,280,Ke D4-03,620,2026-08-31
8930000000645,P-921945,Ca phe Lavie chai 500ml,63000,46,Ke G4-09,151,2026-07-22
8930000000646,P-346961,Nuoc xa Colgate tiet kiem,104000,97,Ke H1-03,123,2026-08-11
8930000000647,P-155843,Nuoc suoi Sunsilk goi 85g,367000,245,Ke B2-01,853,2026-08-09
8930000000648,P-369452,Sua tuoi Lifebuoy khong duong,40000,72,Ke I5-07,925,2026-08-10
8930000000649,P-758775,Kem danh rang Omachi chai 1L,359000,290,Ke D3-02,344,2026-08-21
8930000000650,P-699298,Gia vi Lay's hop 200g,58000,28,Ke B3-08,932,2026-08-12
8930000000651,P-963684,Nuoc giat Clear chai 1L,151000,249,Ke C2-09,85,2026-09-14
8930000000652,P-381981,Sua tuoi Oishi hop 200g,192000,237,Ke G3-08,180,2026-07-30
8930000000653,P-346205,Gia vi Tuong An tiet kiem,52000,123,Ke E4-06,49,2026-07-23
8930000000654,P-499755,Nuoc lau san Maggi goi 85g,299000,265,Ke G3-06,393,2026-08-24
8930000000655,P-303765,Nuoc mam Omachi huong vi tu nhien,419000,112,Ke G5-05,588,2026-07-17
8930000000656,P-144033,Snack Hao Hao chai 500ml,148000,89,Ke B3-05,498,2026-08-08
8930000000657,P-265409,Hat nem Maggi khong duong,150000,137,Ke J1-04,682,2026-08-29
8930000000658,P-623879,Dau an Hao Hao it duong,285000,265,Ke C1-01,982,2026-07-26
8930000000659,P-698384,Nuoc tuong OMO it duong,6000,255,Ke A3-04,288,2026-07-22
8930000000660,P-507333,Sua tam Clear can 2L,269000,69,Ke H3-02,733,2026-07-05
8930000000661,P-965845,Nuoc ngot Sting chai 1L,255000,139,Ke B2-05,749,2026-07-10
8930000000662,P-387330,Nuoc ngot Aquafina tiet kiem,43000,118,Ke B3-03,519,2026-08-22
8930000000663,P-635593,Nuoc suoi Sting cao cap,379000,267,Ke K1-06,913,2026-09-29
8930000000664,P-661147,Sua tam Hao Hao truyen thong,409000,271,Ke F2-09,676,2026-07-15
8930000000665,P-111846,Banh quy Colgate cao cap,7000,130,Ke C5-07,893,2026-09-05
8930000000666,P-681456,Tuong ot Tuong An can 2L,80000,253,Ke C4-05,134,2026-09-08
8930000000667,P-874415,Mi goi G7 truyen thong,386000,114,Ke A4-02,502,2026-07-24
8930000000668,P-791309,Khan giay Nam Ngu truyen thong,94000,24,Ke G3-07,646,2026-07-21
8930000000669,P-520075,Hat nem Colgate chai 500ml,250000,276,Ke K2-05,860,2026-09-04
8930000000670,P-587957,Ca phe Closeup can 2L,253000,205,Ke J3-09,492,2026-08-27
8930000000671,P-187889,Nuoc ngot Simply dam da,496000,152,Ke G4-06,253,2026-07-11
8930000000672,P-444432,Sua tam Hao Hao khong duong,240000,168,Ke K1-06,713,2026-08-14
8930000000673,P-904150,Dau an Sunsilk can 2L,433000,255,Ke J4-04,29,2026-08-27
8930000000674,P-591798,Nuoc suoi G7 it duong,458000,214,Ke A5-06,267,2026-07-09
8930000000675,P-549956,Snack Pepsi chai 1L,417000,231,Ke G4-05,934,2026-09-27
8930000000676,P-197992,Nuoc suoi Red Bull truyen thong,115000,178,Ke K1-05,458,2026-08-12
8930000000677,P-211764,Hat nem Oishi khong duong,277000,110,Ke K1-06,132,2026-07-18
8930000000678,P-120478,Nuoc tuong Vinamilk truyen thong,13000,199,Ke B3-06,785,2026-07-25
8930000000679,P-471658,Mi goi Colgate huong vi tu nhien,268000,112,Ke F5-04,160,2026-07-27
8930000000680,P-627778,Dau goi Sunlight truyen thong,120000,153,Ke C3-06,423,2026-09-06
8930000000681,P-693128,Nuoc tuong Clear it duong,484000,11,Ke A1-09,104,2026-07-31
8930000000682,P-624108,Dau goi OMO can 2L,24000,85,Ke E3-01,235,2026-07-15
8930000000683,P-964371,Hat nem TH True Milk loc 4 hop,386000,68,Ke G4-03,837,2026-08-30
8930000000684,P-377304,Mi goi Kinh Do dam da,261000,217,Ke A1-09,619,2026-09-14
8930000000685,P-755843,Nuoc ngot Clear hop 200g,408000,205,Ke D5-05,803,2026-08-23
8930000000686,P-372804,Sua tam G7 truyen thong,14000,159,Ke E4-04,102,2026-08-31
8930000000687,P-805483,Gia vi Red Bull chai 1L,152000,224,Ke B2-07,574,2026-08-29
8930000000688,P-912378,Nuoc xa Knorr truyen thong,276000,264,Ke D4-01,508,2026-08-14
8930000000689,P-733801,Kem danh rang Sunsilk goi 85g,368000,60,Ke H2-01,406,2026-09-04
8930000000690,P-964998,Nuoc giat Aquafina can 2L,291000,60,Ke K3-06,147,2026-07-15
8930000000691,P-515018,Mi goi Hao Hao goi 85g,89000,111,Ke H5-04,85,2026-09-15
8930000000692,P-361805,Dau goi Lay's can 2L,270000,295,Ke D1-08,258,2026-08-12
8930000000693,P-475876,Ca phe Clear chai 500ml,430000,82,Ke A3-07,892,2026-10-03
8930000000694,P-780768,Nuoc suoi Lifebuoy it duong,389000,292,Ke H5-08,320,2026-07-12
8930000000695,P-237795,Hat nem Lavie can 2L,365000,252,Ke I5-02,943,2026-09-20
8930000000696,P-588640,Sua tam Lifebuoy dam da,195000,70,Ke A2-09,766,2026-09-18
8930000000697,P-320939,Nuoc mam Nam Ngu can 2L,448000,63,Ke A4-08,174,2026-07-15
8930000000698,P-661671,Nuoc lau san Red Bull khong duong,386000,285,Ke G4-01,303,2026-09-18
8930000000699,P-768990,Sua tam Knorr truyen thong,475000,143,Ke I3-06,577,2026-07-12
8930000000700,P-106658,Nuoc mam Omachi loc 4 hop,270000,109,Ke J3-09,619,2026-09-01
8930000000701,P-366105,Nuoc xa Sting it duong,482000,174,Ke C2-09,732,2026-08-04
8930000000702,P-922471,Sua tuoi Lavie chai 1L,94000,81,Ke H1-01,319,2026-07-06
8930000000703,P-103642,Tuong ot Nam Ngu truyen thong,51000,280,Ke H3-02,62,2026-07-16
8930000000704,P-512042,Nuoc giat Lay's khong duong,37000,184,Ke K5-04,353,2026-07-15
8930000000705,P-182582,Sua tuoi Barona it duong,143000,150,Ke G5-05,376,2026-07-16
8930000000706,P-245051,Dau goi Barona loc 4 hop,290000,282,Ke K2-02,606,2026-09-14
8930000000707,P-534153,Nuoc ngot Clear it duong,146000,96,Ke E5-02,129,2026-07-29
8930000000708,P-407419,Gia vi Colgate tiet kiem,199000,174,Ke J5-05,989,2026-07-17
8930000000709,P-563246,Nuoc xa Nam Ngu khong duong,4000,123,Ke D1-03,146,2026-09-12
8930000000710,P-114892,Nuoc xa Sunlight huong vi tu nhien,168000,44,Ke A2-09,826,2026-08-08
8930000000711,P-255061,Sua tam Closeup can 2L,170000,159,Ke I1-04,573,2026-08-14
8930000000712,P-839883,Dau goi Sunsilk chai 1L,364000,247,Ke F3-09,324,2026-07-28
8930000000713,P-656921,Mi goi Maggi hop 200g,434000,114,Ke C3-03,860,2026-08-09
8930000000714,P-510154,Nuoc tuong Sting can 2L,358000,133,Ke K1-09,921,2026-08-09
8930000000715,P-291936,Kem danh rang Chin-su huong vi tu nhien,446000,192,Ke H3-07,218,2026-07-17
8930000000716,P-916449,Nuoc tuong Maggi it duong,198000,196,Ke C1-04,452,2026-08-18
8930000000717,P-970071,Nuoc lau san Nam Ngu huong vi tu nhien,303000,163,Ke F1-06,937,2026-09-01
8930000000718,P-267520,Nuoc lau san Barona huong vi tu nhien,313000,144,Ke A3-08,407,2026-09-28
8930000000719,P-574978,Nuoc suoi Tuong An cao cap,32000,297,Ke A4-08,502,2026-09-11
8930000000720,P-739705,Nuoc xa Clear cao cap,387000,284,Ke B1-06,29,2026-07-17
8930000000721,P-769987,Dau an Lifebuoy truyen thong,93000,72,Ke B4-02,57,2026-08-08
8930000000722,P-153231,Banh quy Lavie dam da,442000,283,Ke E2-01,340,2026-07-09
8930000000723,P-337264,Snack Maggi truyen thong,89000,192,Ke I1-07,426,2026-07-10
8930000000724,P-639915,Banh quy Kinh Do it duong,425000,261,Ke C3-02,176,2026-08-08
8930000000725,P-856027,Banh quy Tuong An hop 200g,104000,263,Ke G2-01,318,2026-08-29
8930000000726,P-529893,Nuoc tuong Aquafina dam da,177000,243,Ke J1-08,90,2026-09-19
8930000000727,P-674842,Mi goi Chin-su truyen thong,47000,100,Ke F5-01,785,2026-09-12
8930000000728,P-981334,Sua tuoi Nam Ngu cao cap,194000,240,Ke B2-05,857,2026-07-08
8930000000729,P-329974,Tuong ot Clear tiet kiem,380000,72,Ke E1-07,722,2026-08-28
8930000000730,P-848023,Nuoc mam Tuong An khong duong,292000,166,Ke G2-04,279,2026-09-08
8930000000731,P-936223,Nuoc mam Knorr loc 4 hop,360000,230,Ke E1-08,363,2026-07-21
8930000000732,P-119629,Kem danh rang Aquafina tiet kiem,331000,272,Ke H2-01,972,2026-07-21
8930000000733,P-792165,Dau goi Omachi goi 85g,294000,112,Ke G3-05,212,2026-08-21
8930000000734,P-423404,Nuoc lau san Nescafe truyen thong,409000,142,Ke B5-04,264,2026-09-06
8930000000735,P-989053,Nuoc giat Tuong An huong vi tu nhien,475000,64,Ke I2-08,143,2026-08-05
8930000000736,P-312033,Gia vi Lavie chai 500ml,291000,198,Ke K5-01,330,2026-07-06
8930000000737,P-733941,Nuoc ngot Colgate chai 500ml,448000,9,Ke C4-08,342,2026-08-21
8930000000738,P-400384,Nuoc ngot Chin-su chai 500ml,159000,88,Ke H5-03,770,2026-10-01
8930000000739,P-559969,Nuoc giat OMO hop 200g,236000,299,Ke G4-08,854,2026-09-02
8930000000740,P-823222,Nuoc suoi Clear chai 500ml,310000,177,Ke H4-05,41,2026-09-04
8930000000741,P-530074,Nuoc lau san Hao Hao chai 1L,221000,142,Ke J4-01,167,2026-07-30
8930000000742,P-817712,Nuoc mam Barona loc 4 hop,456000,273,Ke D5-03,133,2026-07-11
8930000000743,P-563690,Snack OMO huong vi tu nhien,499000,51,Ke E2-06,469,2026-08-14
8930000000744,P-956795,Nuoc mam Sting huong vi tu nhien,340000,80,Ke D2-05,314,2026-09-23
8930000000745,P-716966,Nuoc mam Simply it duong,226000,51,Ke D2-09,865,2026-08-17
8930000000746,P-658136,Sua tuoi Red Bull khong duong,179000,56,Ke H5-07,715,2026-09-06
8930000000747,P-932978,Nuoc xa Closeup chai 1L,428000,242,Ke D1-07,131,2026-08-24
8930000000748,P-587192,Dau an Coca Cola tiet kiem,170000,149,Ke K4-07,546,2026-09-24
8930000000749,P-934794,Kem danh rang Red Bull cao cap,382000,18,Ke D5-03,786,2026-09-03
8930000000750,P-132699,Kem danh rang Aquafina chai 500ml,259000,5,Ke J5-07,936,2026-09-24
8930000000751,P-196955,Hat nem Omachi can 2L,99000,27,Ke D3-07,95,2026-08-21
8930000000752,P-288158,Dau goi Colgate khong duong,220000,82,Ke E3-07,691,2026-08-03
8930000000753,P-572623,Banh quy Tuong An chai 1L,94000,88,Ke G5-02,476,2026-09-23
8930000000754,P-796982,Kem danh rang Closeup truyen thong,54000,212,Ke A2-06,131,2026-07-22
8930000000755,P-246726,Nuoc lau san Coca Cola cao cap,235000,10,Ke H4-07,789,2026-09-27
8930000000756,P-866816,Ca phe Pepsi loc 4 hop,382000,64,Ke J4-09,381,2026-08-04
8930000000757,P-219726,Snack Sunlight goi 85g,500000,191,Ke B2-07,544,2026-08-15
8930000000758,P-980155,Mi goi Omachi huong vi tu nhien,175000,137,Ke D5-08,445,2026-09-27
8930000000759,P-216242,Nuoc giat Knorr huong vi tu nhien,65000,255,Ke H3-01,910,2026-07-19
8930000000760,P-256445,Kem danh rang Tuong An chai 1L,175000,156,Ke A5-05,183,2026-08-27
8930000000761,P-939717,Kem danh rang Pepsi huong vi tu nhien,231000,171,Ke E1-02,365,2026-09-29
8930000000762,P-768891,Nuoc tuong Clear chai 1L,130000,94,Ke B5-02,129,2026-09-15
8930000000763,P-970196,Nuoc xa Pepsi loc 4 hop,179000,239,Ke J2-09,582,2026-08-06
8930000000764,P-742865,Banh quy Kinh Do chai 500ml,193000,24,Ke C5-02,391,2026-07-30
8930000000765,P-171131,Mi goi Lavie cao cap,386000,159,Ke G4-01,188,2026-09-01
8930000000766,P-499534,Mi goi Comfort chai 1L,497000,64,Ke D5-05,310,2026-07-17
8930000000767,P-388375,Nuoc lau san Nescafe tiet kiem,127000,30,Ke F5-08,220,2026-08-09
8930000000768,P-105506,Nuoc suoi Clear truyen thong,401000,100,Ke E5-01,619,2026-08-13
8930000000769,P-883301,Nuoc mam Closeup loc 4 hop,142000,7,Ke G2-01,800,2026-08-11
8930000000770,P-563298,Dau an Tuong An loc 4 hop,239000,167,Ke B2-04,18,2026-07-05
8930000000771,P-370782,Snack Simply dam da,316000,152,Ke J4-07,650,2026-07-19
8930000000772,P-640410,Snack Nescafe chai 1L,246000,290,Ke A3-06,327,2026-08-20
8930000000773,P-369054,Nuoc giat Omachi can 2L,440000,260,Ke D5-03,689,2026-08-15
8930000000774,P-952227,Nuoc suoi Coca Cola huong vi tu nhien,341000,297,Ke B4-09,353,2026-09-23
8930000000775,P-842464,Tuong ot Clear goi 85g,192000,160,Ke E3-08,690,2026-08-05
8930000000776,P-324993,Sua tuoi Omachi hop 200g,302000,90,Ke J3-07,425,2026-10-01
8930000000777,P-316899,Ca phe Nescafe truyen thong,254000,125,Ke G5-03,387,2026-07-18
8930000000778,P-596489,Nuoc ngot Hao Hao chai 1L,114000,113,Ke B5-05,182,2026-09-13
8930000000779,P-706574,Dau goi Nescafe chai 1L,183000,116,Ke G5-05,327,2026-08-18
8930000000780,P-681896,Nuoc ngot Closeup cao cap,494000,167,Ke I5-09,401,2026-09-05
8930000000781,P-644315,Dau goi Red Bull tiet kiem,240000,151,Ke H2-03,409,2026-08-28
8930000000782,P-543732,Sua tuoi Nescafe chai 500ml,393000,242,Ke K2-02,392,2026-07-21
8930000000783,P-174441,Sua tam Pepsi chai 1L,99000,19,Ke J2-03,624,2026-07-16
8930000000784,P-846221,Nuoc lau san Kinh Do hop 200g,295000,214,Ke A3-04,170,2026-07-23
8930000000785,P-999488,Nuoc xa Closeup dam da,490000,194,Ke A5-07,565,2026-07-30
8930000000786,P-338846,Tuong ot Sunlight khong duong,237000,193,Ke D2-08,959,2026-09-08
8930000000787,P-428993,Snack Omachi loc 4 hop,36000,20,Ke D5-08,470,2026-09-02
8930000000788,P-843266,Khan giay Sting it duong,410000,95,Ke H5-02,822,2026-07-18
8930000000789,P-509711,Snack Sunlight khong duong,128000,241,Ke B1-01,698,2026-07-09
8930000000790,P-383091,Sua tam Sunlight goi 85g,243000,202,Ke B4-05,904,2026-07-27
8930000000791,P-318877,Nuoc ngot Lifebuoy tiet kiem,313000,278,Ke A4-08,847,2026-09-26
8930000000792,P-195629,Ca phe OMO chai 1L,427000,25,Ke F4-09,644,2026-07-12
8930000000793,P-313487,Nuoc giat Pepsi tiet kiem,66000,58,Ke C3-02,739,2026-09-12
8930000000794,P-759726,Kem danh rang Pepsi cao cap,176000,77,Ke D4-04,270,2026-09-21
8930000000795,P-426087,Snack Colgate truyen thong,40000,239,Ke H2-05,350,2026-08-27
8930000000796,P-662968,Nuoc giat Lavie tiet kiem,233000,137,Ke J3-01,779,2026-09-16
8930000000797,P-407151,Dau an G7 loc 4 hop,16000,118,Ke F5-06,730,2026-08-27
8930000000798,P-319162,Ca phe Lifebuoy khong duong,293000,161,Ke H4-05,158,2026-07-07
8930000000799,P-744793,Dau an Omachi hop 200g,152000,201,Ke E2-01,871,2026-09-06
8930000000800,P-819335,Gia vi Knorr khong duong,302000,11,Ke E3-09,763,2026-07-29
8930000000801,P-829445,Dau goi Red Bull hop 200g,463000,92,Ke F2-09,321,2026-07-29
8930000000802,P-825391,Kem danh rang Coca Cola can 2L,334000,91,Ke I4-03,495,2026-08-16
8930000000803,P-691240,Sua tuoi Closeup dam da,178000,120,Ke E2-04,153,2026-08-29
8930000000804,P-595158,Khan giay Sunsilk truyen thong,407000,66,Ke K2-06,510,2026-08-06
8930000000805,P-745558,Gia vi Barona cao cap,467000,11,Ke I2-04,372,2026-07-10
8930000000806,P-594109,Banh quy Coca Cola cao cap,53000,173,Ke I1-05,566,2026-07-27
8930000000807,P-510133,Nuoc tuong Sunlight dam da,499000,33,Ke H5-09,253,2026-09-02
8930000000808,P-512509,Nuoc suoi OMO truyen thong,96000,130,Ke D4-03,41,2026-07-18
8930000000809,P-774588,Nuoc suoi Nescafe loc 4 hop,49000,102,Ke B2-09,310,2026-09-26
8930000000810,P-816712,Tuong ot Simply it duong,302000,249,Ke H1-09,902,2026-09-27
8930000000811,P-344831,Snack OMO cao cap,40000,105,Ke H1-08,85,2026-08-04
8930000000812,P-550797,Tuong ot Hao Hao goi 85g,304000,115,Ke J4-05,582,2026-10-02
8930000000813,P-309668,Gia vi Pepsi dam da,371000,231,Ke K2-08,0,2026-09-01
8930000000814,P-191549,Sua tam Lay's loc 4 hop,255000,95,Ke F5-08,526,2026-08-28
8930000000815,P-274418,Ca phe Tuong An goi 85g,130000,179,Ke E5-09,316,2026-07-15
8930000000816,P-824038,Nuoc giat Hao Hao tiet kiem,487000,98,Ke H1-06,914,2026-07-30
8930000000817,P-108203,Nuoc xa Red Bull khong duong,94000,38,Ke G3-02,947,2026-08-08
8930000000818,P-139019,Snack Colgate cao cap,278000,98,Ke D1-04,218,2026-08-25
8930000000819,P-658453,Nuoc lau san Knorr chai 500ml,395000,276,Ke H1-05,949,2026-07-17
8930000000820,P-504186,Tuong ot Oishi cao cap,82000,170,Ke C2-07,804,2026-09-12
8930000000821,P-265001,Nuoc mam Lay's cao cap,83000,171,Ke I4-07,798,2026-08-30
8930000000822,P-373832,Hat nem Barona loc 4 hop,244000,160,Ke F2-05,341,2026-08-19
8930000000823,P-768169,Snack Sting loc 4 hop,220000,293,Ke G4-01,780,2026-08-13
8930000000824,P-653829,Banh quy Pepsi chai 500ml,333000,76,Ke H3-01,838,2026-07-05
8930000000825,P-287555,Tuong ot Nam Ngu cao cap,369000,136,Ke E3-01,329,2026-08-10
8930000000826,P-153015,Dau goi Lavie goi 85g,289000,107,Ke D5-09,450,2026-08-29
8930000000827,P-730421,Nuoc ngot Kinh Do it duong,85000,171,Ke H5-08,974,2026-09-28
8930000000828,P-366817,Dau goi Lifebuoy truyen thong,252000,132,Ke E5-07,60,2026-09-21
8930000000829,P-211005,Banh quy Colgate chai 500ml,144000,280,Ke F4-05,113,2026-08-04
8930000000830,P-227126,Dau an Maggi truyen thong,40000,171,Ke G2-03,603,2026-08-26
8930000000831,P-521126,Gia vi Nam Ngu goi 85g,48000,229,Ke D3-09,781,2026-07-11
8930000000832,P-728471,Nuoc suoi Nescafe goi 85g,421000,154,Ke A2-02,891,2026-07-06
8930000000833,P-638857,Snack Sunlight chai 500ml,466000,233,Ke D2-06,479,2026-09-04
8930000000834,P-261638,Nuoc giat Aquafina chai 500ml,104000,137,Ke E5-01,143,2026-09-18
8930000000835,P-192318,Sua tam Pepsi chai 1L,415000,254,Ke A5-01,934,2026-07-30
8930000000836,P-481913,Kem danh rang Vinamilk hop 200g,226000,21,Ke I3-09,503,2026-08-28
8930000000837,P-948799,Gia vi Lavie cao cap,37000,43,Ke J1-09,799,2026-09-19
8930000000838,P-308573,Nuoc tuong Chin-su tiet kiem,265000,49,Ke J4-04,769,2026-09-24
8930000000839,P-881206,Sua tam Comfort loc 4 hop,241000,236,Ke C3-02,186,2026-07-13
8930000000840,P-479818,Gia vi Lavie can 2L,273000,226,Ke A4-05,6,2026-07-16
8930000000841,P-343977,Dau goi Vinamilk huong vi tu nhien,118000,170,Ke G2-05,876,2026-09-05
8930000000842,P-804938,Gia vi Closeup tiet kiem,170000,277,Ke H2-06,914,2026-07-22
8930000000843,P-830550,Dau an Nam Ngu tiet kiem,78000,110,Ke E2-02,26,2026-07-27
8930000000844,P-386706,Khan giay Sunlight huong vi tu nhien,402000,70,Ke I3-02,335,2026-08-24
8930000000845,P-463251,Hat nem Closeup it duong,106000,160,Ke C4-05,238,2026-09-06
8930000000846,P-962276,Kem danh rang Vinamilk khong duong,452000,230,Ke B4-01,454,2026-09-07
8930000000847,P-676884,Dau goi TH True Milk can 2L,227000,209,Ke D2-07,604,2026-09-18
8930000000848,P-389279,Mi goi Chin-su goi 85g,470000,269,Ke B2-04,123,2026-08-02
8930000000849,P-152578,Khan giay Aquafina truyen thong,165000,217,Ke D2-02,818,2026-07-31
8930000000850,P-814281,Kem danh rang Red Bull loc 4 hop,263000,62,Ke H1-01,389,2026-08-11
8930000000851,P-523956,Dau goi Sunlight dam da,184000,189,Ke E1-07,968,2026-07-12
8930000000852,P-723939,Ca phe Simply truyen thong,46000,204,Ke H1-05,747,2026-07-13
8930000000853,P-628750,Snack TH True Milk khong duong,436000,132,Ke C5-01,131,2026-07-29
8930000000854,P-948749,Dau an Omachi truyen thong,243000,24,Ke A5-04,887,2026-07-11
8930000000855,P-918859,Ca phe Aquafina hop 200g,215000,85,Ke G2-03,958,2026-07-29
8930000000856,P-975522,Dau an Clear tiet kiem,417000,97,Ke F1-03,30,2026-08-01
8930000000857,P-245998,Tuong ot Knorr chai 1L,323000,196,Ke E5-06,29,2026-09-30
8930000000858,P-695990,Snack Vinamilk can 2L,20000,78,Ke G1-09,386,2026-07-19
8930000000859,P-959926,Nuoc lau san Chin-su khong duong,54000,12,Ke F2-02,429,2026-09-25
8930000000860,P-234097,Nuoc ngot Red Bull can 2L,215000,279,Ke H2-01,318,2026-08-04
8930000000861,P-516791,Nuoc xa Maggi loc 4 hop,68000,170,Ke K5-06,979,2026-07-17
8930000000862,P-680096,Nuoc ngot Red Bull can 2L,386000,297,Ke D2-04,527,2026-09-17
8930000000863,P-387636,Dau an Simply cao cap,45000,53,Ke G3-02,255,2026-09-05
8930000000864,P-254610,Nuoc suoi Chin-su truyen thong,340000,159,Ke F4-09,529,2026-07-22
8930000000865,P-373432,Nuoc suoi Sunsilk khong duong,170000,221,Ke F2-01,765,2026-08-15
8930000000866,P-568238,Banh quy OMO it duong,96000,12,Ke C1-04,165,2026-08-14
8930000000867,P-531694,Snack Vinamilk hop 200g,249000,252,Ke F2-07,462,2026-09-06
8930000000868,P-522060,Nuoc giat Lay's loc 4 hop,282000,230,Ke B3-09,946,2026-08-21
8930000000869,P-238173,Snack Maggi khong duong,133000,179,Ke H5-08,679,2026-09-21
8930000000870,P-580102,Snack Sunsilk goi 85g,137000,37,Ke F4-01,987,2026-07-26
8930000000871,P-517754,Dau an Hao Hao it duong,237000,61,Ke B5-05,129,2026-08-20
8930000000872,P-180674,Ca phe Sting chai 1L,286000,47,Ke I2-07,839,2026-07-30
8930000000873,P-552760,Tuong ot Omachi cao cap,116000,13,Ke D3-09,615,2026-09-14
8930000000874,P-660081,Gia vi Sunlight goi 85g,271000,29,Ke I3-09,235,2026-07-07
8930000000875,P-127537,Nuoc lau san Chin-su chai 500ml,84000,56,Ke K2-04,863,2026-09-14
8930000000876,P-482364,Nuoc tuong Lay's chai 1L,442000,108,Ke E1-07,303,2026-08-15
8930000000877,P-663723,Nuoc lau san Pepsi can 2L,242000,169,Ke C3-01,76,2026-09-01
8930000000878,P-390334,Nuoc tuong Closeup loc 4 hop,109000,39,Ke A4-03,147,2026-08-03
8930000000879,P-256466,Nuoc mam Sunsilk tiet kiem,489000,129,Ke G2-07,400,2026-07-20
8930000000880,P-533174,Tuong ot Simply chai 500ml,39000,120,Ke E2-07,126,2026-07-21
8930000000881,P-258290,Dau an Nam Ngu can 2L,75000,146,Ke F1-02,533,2026-08-25
8930000000882,P-974774,Nuoc lau san Hao Hao tiet kiem,324000,246,Ke D4-05,841,2026-09-18
8930000000883,P-912617,Nuoc tuong Clear hop 200g,235000,83,Ke B3-05,972,2026-09-28
8930000000884,P-739008,Dau goi Comfort loc 4 hop,60000,243,Ke G5-03,897,2026-07-05
8930000000885,P-351083,Nuoc xa Sunsilk loc 4 hop,118000,272,Ke B1-06,247,2026-07-10
8930000000886,P-591081,Nuoc xa Comfort truyen thong,496000,226,Ke G1-02,885,2026-08-29
8930000000887,P-455193,Nuoc suoi Maggi loc 4 hop,330000,265,Ke F4-05,365,2026-09-23
8930000000888,P-990429,Sua tuoi Hao Hao truyen thong,415000,253,Ke D5-08,226,2026-07-20
8930000000889,P-299122,Sua tam Closeup loc 4 hop,56000,254,Ke I5-07,621,2026-07-29
8930000000890,P-386741,Dau goi TH True Milk hop 200g,58000,55,Ke J1-02,989,2026-09-03
8930000000891,P-509018,Kem danh rang Oishi cao cap,366000,220,Ke G1-06,662,2026-08-08
8930000000892,P-685934,Nuoc giat Oishi goi 85g,22000,209,Ke K4-01,221,2026-07-23
8930000000893,P-201987,Nuoc mam Vinamilk cao cap,487000,173,Ke B3-07,821,2026-09-30
8930000000894,P-268132,Nuoc giat Sunlight loc 4 hop,186000,181,Ke F2-05,456,2026-09-27
8930000000895,P-586208,Snack Sting truyen thong,328000,139,Ke C2-09,789,2026-07-25
8930000000896,P-445705,Snack Clear chai 1L,388000,183,Ke C4-02,341,2026-08-19
8930000000897,P-116495,Khan giay Nescafe truyen thong,415000,121,Ke F3-02,936,2026-09-22
8930000000898,P-232413,Dau goi Lavie hop 200g,257000,100,Ke G2-05,876,2026-07-05
8930000000899,P-555596,Nuoc xa Aquafina chai 500ml,415000,229,Ke F2-03,330,2026-10-01
8930000000900,P-134007,Nuoc ngot Nam Ngu hop 200g,161000,264,Ke K5-05,774,2026-07-24
8930000000901,P-390743,Nuoc tuong Chin-su chai 1L,319000,43,Ke D1-02,728,2026-07-19
8930000000902,P-309100,Dau goi Sunlight loc 4 hop,77000,179,Ke I3-07,136,2026-08-15
8930000000903,P-568640,Nuoc ngot Sunlight truyen thong,420000,155,Ke J5-02,331,2026-09-05
8930000000904,P-695403,Nuoc giat Comfort huong vi tu nhien,128000,285,Ke C3-01,506,2026-09-05
8930000000905,P-116093,Hat nem Simply it duong,228000,115,Ke C1-05,249,2026-10-01
8930000000906,P-965401,Khan giay Red Bull can 2L,215000,289,Ke I5-04,422,2026-09-10
8930000000907,P-652388,Nuoc lau san Oishi chai 1L,324000,299,Ke G3-06,822,2026-08-31
8930000000908,P-496583,Sua tam Aquafina chai 500ml,463000,125,Ke F5-06,78,2026-07-07
8930000000909,P-825104,Dau an Lavie truyen thong,129000,280,Ke J2-02,939,2026-07-31
8930000000910,P-579441,Nuoc xa Nescafe chai 500ml,56000,121,Ke F5-04,476,2026-08-30
8930000000911,P-787991,Gia vi Comfort huong vi tu nhien,238000,229,Ke H5-07,66,2026-09-12
8930000000912,P-266316,Sua tuoi Nescafe can 2L,289000,34,Ke F4-03,65,2026-07-08
8930000000913,P-842411,Kem danh rang Kinh Do truyen thong,144000,296,Ke E1-08,441,2026-07-05
8930000000914,P-445888,Dau an Coca Cola it duong,341000,236,Ke E5-05,338,2026-09-04
8930000000915,P-227950,Gia vi OMO goi 85g,487000,213,Ke C5-06,883,2026-10-03
8930000000916,P-630126,Khan giay TH True Milk truyen thong,389000,188,Ke J1-02,628,2026-09-25
8930000000917,P-225200,Nuoc lau san Pepsi truyen thong,85000,104,Ke D5-03,855,2026-09-10
8930000000918,P-348658,Sua tuoi Colgate can 2L,376000,66,Ke F1-02,968,2026-08-13
8930000000919,P-676843,Gia vi Lifebuoy cao cap,201000,213,Ke G4-03,867,2026-08-21
8930000000920,P-780566,Nuoc mam Hao Hao loc 4 hop,184000,95,Ke G3-08,92,2026-09-10
8930000000921,P-806073,Nuoc suoi Coca Cola it duong,119000,184,Ke K1-06,462,2026-09-21
8930000000922,P-471042,Nuoc lau san Tuong An huong vi tu nhien,453000,36,Ke I1-06,97,2026-09-12
8930000000923,P-563864,Sua tuoi G7 huong vi tu nhien,5000,172,Ke G3-01,819,2026-07-23
8930000000924,P-669576,Gia vi Aquafina dam da,492000,93,Ke D5-08,186,2026-07-27
8930000000925,P-596520,Tuong ot Aquafina dam da,449000,84,Ke J3-03,912,2026-08-08
8930000000926,P-454877,Nuoc mam G7 khong duong,419000,232,Ke A5-01,957,2026-07-27
8930000000927,P-194689,Nuoc ngot OMO loc 4 hop,481000,154,Ke B3-03,604,2026-07-29
8930000000928,P-505977,Nuoc mam Maggi dam da,257000,103,Ke J2-06,960,2026-08-06
8930000000929,P-854987,Nuoc tuong Comfort chai 1L,404000,234,Ke B5-02,346,2026-09-02
8930000000930,P-780663,Kem danh rang Omachi it duong,494000,256,Ke D4-01,366,2026-09-26
8930000000931,P-830000,Nuoc xa OMO cao cap,365000,55,Ke I1-06,933,2026-07-28
8930000000932,P-178693,Gia vi Oishi truyen thong,275000,272,Ke G5-04,289,2026-08-23
8930000000933,P-949363,Dau an Sting tiet kiem,104000,154,Ke K4-07,445,2026-08-16
8930000000934,P-768545,Mi goi Red Bull huong vi tu nhien,254000,58,Ke F5-08,624,2026-08-15
8930000000935,P-659921,Ca phe Red Bull tiet kiem,397000,152,Ke K1-09,851,2026-09-28
8930000000936,P-292930,Tuong ot Kinh Do loc 4 hop,459000,297,Ke I2-06,756,2026-09-27
8930000000937,P-392075,Nuoc tuong Vinamilk huong vi tu nhien,497000,160,Ke G2-06,987,2026-07-27
8930000000938,P-733561,Banh quy Comfort cao cap,450000,227,Ke I5-03,520,2026-08-17
8930000000939,P-236937,Banh quy Barona it duong,53000,239,Ke C2-06,74,2026-09-07
8930000000940,P-732697,Nuoc xa Nam Ngu hop 200g,330000,12,Ke A4-04,921,2026-07-07
8930000000941,P-228074,Nuoc ngot Barona loc 4 hop,5000,128,Ke K3-03,399,2026-09-04
8930000000942,P-102871,Kem danh rang Barona chai 1L,25000,84,Ke C5-04,636,2026-07-10
8930000000943,P-947272,Nuoc suoi Maggi chai 1L,351000,297,Ke K3-04,962,2026-07-12
8930000000944,P-905942,Nuoc suoi Pepsi truyen thong,8000,217,Ke G4-05,862,2026-09-09
8930000000945,P-250255,Nuoc xa Tuong An hop 200g,8000,207,Ke A4-03,678,2026-07-07
8930000000946,P-555401,Hat nem Kinh Do cao cap,61000,64,Ke C4-02,187,2026-07-27
8930000000947,P-414353,Snack Chin-su truyen thong,134000,208,Ke E5-05,291,2026-07-23
8930000000948,P-785111,Nuoc suoi Hao Hao tiet kiem,64000,207,Ke D1-09,866,2026-08-01
8930000000949,P-834018,Tuong ot Omachi goi 85g,21000,245,Ke H1-02,234,2026-09-29
8930000000950,P-673108,Dau goi Chin-su dam da,393000,39,Ke D4-06,448,2026-09-15
8930000000951,P-142627,Nuoc giat Lay's tiet kiem,24000,262,Ke D2-06,44,2026-07-23
8930000000952,P-225738,Sua tuoi Omachi chai 500ml,443000,133,Ke C3-08,205,2026-07-13
8930000000953,P-543473,Banh quy Coca Cola chai 1L,81000,154,Ke I1-04,188,2026-07-15
8930000000954,P-684801,Tuong ot Lavie cao cap,372000,229,Ke A4-02,863,2026-09-02
8930000000955,P-162448,Khan giay G7 loc 4 hop,288000,87,Ke C5-06,58,2026-09-19
8930000000956,P-925551,Mi goi Pepsi goi 85g,276000,13,Ke J2-06,379,2026-09-29
8930000000957,P-111060,Dau an Maggi dam da,353000,124,Ke A4-01,576,2026-09-26
8930000000958,P-491559,Dau goi Sunsilk hop 200g,64000,119,Ke K1-09,75,2026-10-01
8930000000959,P-819622,Nuoc xa Barona hop 200g,333000,202,Ke E5-07,460,2026-09-03
8930000000960,P-736818,Nuoc xa Lay's loc 4 hop,179000,237,Ke H2-08,549,2026-08-18
8930000000961,P-255813,Hat nem Omachi loc 4 hop,329000,94,Ke G3-03,376,2026-10-01
8930000000962,P-501620,Sua tam OMO loc 4 hop,76000,26,Ke H4-09,872,2026-09-04
8930000000963,P-473023,Dau goi Omachi cao cap,183000,111,Ke G4-07,471,2026-08-07
8930000000964,P-499581,Nuoc giat Coca Cola can 2L,189000,177,Ke F4-03,740,2026-07-28
8930000000965,P-670557,Tuong ot Simply it duong,367000,102,Ke J2-06,921,2026-08-05
8930000000966,P-791308,Nuoc tuong Sunlight tiet kiem,408000,214,Ke F3-04,402,2026-09-15
8930000000967,P-166418,Nuoc xa Hao Hao goi 85g,336000,236,Ke E5-07,52,2026-09-08
8930000000968,P-741055,Tuong ot Lavie goi 85g,458000,85,Ke K4-09,442,2026-09-10
8930000000969,P-355709,Nuoc giat Vinamilk truyen thong,108000,202,Ke J2-05,763,2026-07-08
8930000000970,P-325146,Gia vi Sunsilk khong duong,331000,210,Ke J2-03,421,2026-08-24
8930000000971,P-206355,Nuoc giat Simply truyen thong,69000,254,Ke F5-09,752,2026-07-15
8930000000972,P-398384,Banh quy Closeup dam da,405000,38,Ke B1-01,942,2026-09-27
8930000000973,P-438756,Snack Sunlight dam da,163000,187,Ke D2-04,314,2026-09-25
8930000000974,P-318353,Kem danh rang Lay's chai 500ml,301000,233,Ke H3-03,296,2026-08-26
8930000000975,P-980919,Nuoc ngot OMO goi 85g,84000,82,Ke C4-02,545,2026-07-16
8930000000976,P-619886,Sua tam Chin-su goi 85g,285000,245,Ke E2-02,679,2026-09-15
8930000000977,P-658739,Nuoc giat Hao Hao tiet kiem,23000,74,Ke G4-07,488,2026-09-12
8930000000978,P-676276,Sua tuoi Oishi truyen thong,421000,190,Ke H5-03,458,2026-10-01
8930000000979,P-862886,Nuoc xa Closeup hop 200g,179000,178,Ke B3-02,181,2026-09-16
8930000000980,P-421080,Khan giay Knorr cao cap,204000,81,Ke B2-06,299,2026-09-23
8930000000981,P-778827,Kem danh rang Lay's tiet kiem,256000,13,Ke J5-07,173,2026-08-18
8930000000982,P-428572,Nuoc suoi Nam Ngu goi 85g,146000,271,Ke A4-06,927,2026-09-12
8930000000983,P-530849,Banh quy Colgate it duong,361000,161,Ke E4-07,345,2026-09-28
8930000000984,P-110048,Nuoc suoi Clear tiet kiem,339000,239,Ke K1-06,564,2026-09-29
8930000000985,P-223502,Dau an Sunlight hop 200g,8000,298,Ke A3-07,204,2026-08-04
8930000000986,P-722999,Dau goi Coca Cola huong vi tu nhien,358000,143,Ke G3-06,822,2026-07-30
8930000000987,P-817318,Sua tam Pepsi truyen thong,178000,72,Ke F3-09,197,2026-08-02
8930000000988,P-479742,Ca phe Tuong An dam da,470000,235,Ke K1-06,882,2026-07-30
8930000000989,P-208529,Nuoc ngot Vinamilk tiet kiem,68000,59,Ke D1-03,382,2026-09-25
8930000000990,P-957525,Dau an Oishi tiet kiem,124000,49,Ke B1-01,754,2026-08-21
8930000000991,P-598598,Khan giay Kinh Do khong duong,301000,240,Ke K3-02,627,2026-09-18
8930000000992,P-285652,Banh quy Lifebuoy khong duong,105000,46,Ke C1-02,3,2026-08-09
8930000000993,P-949541,Hat nem Nam Ngu huong vi tu nhien,370000,45,Ke G3-09,197,2026-08-04
8930000000994,P-673149,Tuong ot Lifebuoy can 2L,312000,100,Ke H3-01,453,2026-09-10
8930000000995,P-866418,Nuoc lau san Vinamilk dam da,93000,106,Ke E2-09,589,2026-09-09
8930000000996,P-544726,Nuoc ngot Lifebuoy tiet kiem,41000,101,Ke C3-04,166,2026-08-14
8930000000997,P-726495,Gia vi Knorr hop 200g,214000,264,Ke K3-04,436,2026-09-01
8930000000998,P-456581,Kem danh rang Clear it duong,274000,8,Ke K3-05,772,2026-09-13
8930000000999,P-917823,Mi goi TH True Milk dam da,255000,181,Ke A5-07,81,2026-07-09
8930000001000,P-562543,Nuoc giat Vinamilk truyen thong,348000,50,Ke F5-06,714,2026-07-08
8930000001001,P-939333,Khan giay Closeup dam da,294000,139,Ke F4-06,760,2026-08-03
8930000001002,P-888047,Kem danh rang Red Bull loc 4 hop,393000,255,Ke F5-04,233,2026-07-20
8930000001003,P-195325,Nuoc mam TH True Milk truyen thong,183000,214,Ke H4-06,945,2026-08-13
8930000001004,P-501078,Nuoc giat Sunlight can 2L,234000,83,Ke C4-07,972,2026-09-30
8930000001005,P-797229,Dau an OMO chai 500ml,198000,81,Ke G3-01,444,2026-07-11
8930000001006,P-846172,Nuoc mam Omachi hop 200g,487000,99,Ke D1-01,400,2026-08-04
8930000001007,P-610311,Dau an Tuong An chai 500ml,104000,16,Ke H4-03,310,2026-07-25
8930000001008,P-184365,Nuoc suoi Simply it duong,252000,260,Ke G4-03,499,2026-07-10
8930000001009,P-735324,Banh quy Aquafina dam da,37000,170,Ke H5-05,144,2026-09-03
8930000001010,P-185168,Nuoc lau san Red Bull tiet kiem,113000,218,Ke H1-05,646,2026-09-13
8930000001011,P-749208,Snack Colgate loc 4 hop,353000,224,Ke J1-03,542,2026-08-28
8930000001012,P-702427,Snack Clear chai 500ml,416000,70,Ke F5-08,64,2026-10-01
8930000001013,P-875501,Nuoc giat Aquafina chai 1L,129000,112,Ke F2-06,649,2026-08-04
8930000001014,P-720317,Nuoc suoi Nescafe chai 500ml,298000,174,Ke D2-06,800,2026-07-15
8930000001015,P-299836,Gia vi Barona it duong,365000,126,Ke D4-08,911,2026-10-01
8930000001016,P-698967,Snack G7 dam da,199000,80,Ke J3-02,541,2026-08-02
8930000001017,P-273438,Nuoc giat Lay's truyen thong,139000,39,Ke H4-04,810,2026-08-29
8930000001018,P-309902,Dau an Aquafina tiet kiem,33000,247,Ke D2-01,335,2026-08-19
8930000001019,P-668573,Khan giay Red Bull goi 85g,77000,144,Ke F4-06,619,2026-07-27
8930000001020,P-264136,Tuong ot Comfort tiet kiem,333000,101,Ke J5-02,302,2026-09-26
8930000001021,P-328552,Tuong ot G7 tiet kiem,261000,149,Ke D4-07,717,2026-10-02
8930000001022,P-391704,Ca phe Tuong An it duong,76000,156,Ke A1-07,80,2026-08-17
8930000001023,P-922974,Nuoc giat Sunsilk khong duong,231000,200,Ke I2-08,776,2026-08-24
8930000001024,P-655953,Nuoc ngot Barona loc 4 hop,236000,146,Ke D5-08,291,2026-09-13
8930000001025,P-888387,Gia vi Omachi chai 500ml,492000,13,Ke B1-06,565,2026-08-03
8930000001026,P-574514,Kem danh rang Omachi chai 500ml,428000,197,Ke I1-07,661,2026-08-23
8930000001027,P-934541,Dau goi Chin-su chai 500ml,316000,22,Ke K3-06,579,2026-07-23
8930000001028,P-296694,Banh quy Maggi goi 85g,31000,72,Ke H1-02,143,2026-09-14
8930000001029,P-506637,Nuoc ngot G7 khong duong,484000,125,Ke B3-06,346,2026-09-23
8930000001030,P-546383,Sua tam Lavie tiet kiem,38000,257,Ke G5-01,537,2026-08-11
8930000001031,P-251363,Dau goi Lifebuoy khong duong,283000,50,Ke D4-03,118,2026-08-31
8930000001032,P-139178,Hat nem Simply huong vi tu nhien,333000,290,Ke A1-04,490,2026-09-28
8930000001033,P-489043,Banh quy Simply tiet kiem,122000,83,Ke C5-06,330,2026-08-15
8930000001034,P-976735,Dau goi Vinamilk goi 85g,394000,153,Ke H1-07,563,2026-09-25
8930000001035,P-851742,Banh quy Nam Ngu hop 200g,21000,111,Ke D5-08,7,2026-08-20
8930000001036,P-532459,Mi goi Oishi chai 500ml,263000,89,Ke G2-03,549,2026-10-03
8930000001037,P-255141,Khan giay Knorr loc 4 hop,287000,196,Ke I4-03,854,2026-09-08
8930000001038,P-666847,Khan giay Tuong An chai 500ml,103000,172,Ke E4-02,666,2026-08-28
8930000001039,P-812131,Nuoc giat Vinamilk can 2L,311000,267,Ke G2-03,115,2026-09-28
8930000001040,P-336422,Dau goi OMO dam da,383000,110,Ke D5-05,852,2026-07-07
8930000001041,P-363550,Tuong ot Maggi hop 200g,421000,160,Ke F4-01,663,2026-07-15
8930000001042,P-977394,Hat nem Oishi loc 4 hop,114000,266,Ke A3-01,221,2026-09-10
8930000001043,P-665621,Snack Nam Ngu can 2L,487000,203,Ke F4-07,616,2026-09-12
8930000001044,P-796787,Nuoc xa Red Bull goi 85g,308000,151,Ke K2-02,631,2026-09-20
8930000001045,P-409234,Sua tuoi Sunlight huong vi tu nhien,320000,30,Ke A3-01,310,2026-08-08
8930000001046,P-773045,Dau goi Clear hop 200g,495000,86,Ke B1-06,220,2026-07-13
8930000001047,P-622998,Tuong ot Pepsi truyen thong,451000,195,Ke B3-07,669,2026-10-01
8930000001048,P-137042,Ca phe Sunsilk huong vi tu nhien,463000,66,Ke E2-05,467,2026-09-07
8930000001049,P-343467,Nuoc ngot Barona cao cap,384000,20,Ke H2-01,115,2026-09-22
8930000001050,P-492393,Hat nem Sting hop 200g,358000,290,Ke E3-01,719,2026-07-23
8930000001051,P-571145,Nuoc xa Kinh Do truyen thong,357000,83,Ke D1-07,694,2026-08-16
8930000001052,P-959324,Sua tuoi TH True Milk can 2L,224000,243,Ke G2-01,590,2026-09-28
8930000001053,P-192296,Mi goi Sunsilk loc 4 hop,366000,149,Ke H2-05,24,2026-07-10
8930000001054,P-293319,Nuoc suoi Sunlight it duong,123000,234,Ke A1-07,572,2026-07-06
8930000001055,P-565504,Nuoc xa OMO it duong,369000,29,Ke E3-02,612,2026-08-17
8930000001056,P-770147,Nuoc giat Comfort can 2L,281000,88,Ke F3-09,553,2026-09-15
8930000001057,P-668882,Snack Clear cao cap,180000,213,Ke C5-07,381,2026-08-05
8930000001058,P-736095,Kem danh rang Sunsilk loc 4 hop,78000,258,Ke K5-07,368,2026-08-09
8930000001059,P-197923,Mi goi Lay's loc 4 hop,456000,75,Ke F3-08,461,2026-07-26
8930000001060,P-218423,Nuoc mam Maggi huong vi tu nhien,178000,264,Ke K2-06,553,2026-07-15
8930000001061,P-535686,Nuoc mam Sunlight tiet kiem,296000,76,Ke D4-02,843,2026-08-11
8930000001062,P-929493,Nuoc ngot G7 goi 85g,24000,271,Ke B5-01,260,2026-07-25
8930000001063,P-420297,Nuoc mam Clear it duong,353000,176,Ke H1-06,749,2026-08-17
8930000001064,P-888930,Nuoc tuong Barona chai 1L,270000,206,Ke D5-06,767,2026-08-12
8930000001065,P-283017,Nuoc ngot Simply cao cap,332000,237,Ke C2-01,914,2026-07-31
8930000001066,P-408929,Nuoc ngot Red Bull khong duong,471000,41,Ke E2-07,310,2026-09-07
8930000001067,P-934674,Nuoc tuong Colgate dam da,490000,102,Ke A1-01,302,2026-09-18
8930000001068,P-172371,Tuong ot Chin-su tiet kiem,351000,41,Ke B3-08,973,2026-09-18
8930000001069,P-699378,Sua tam Aquafina cao cap,209000,10,Ke J3-06,397,2026-08-17
8930000001070,P-647114,Tuong ot Knorr chai 1L,320000,249,Ke K5-01,695,2026-08-02
8930000001071,P-419149,Banh quy Red Bull chai 500ml,182000,20,Ke E4-07,770,2026-07-27
8930000001072,P-672696,Nuoc ngot Pepsi truyen thong,303000,184,Ke K4-01,389,2026-09-29
8930000001073,P-621533,Nuoc xa Sunsilk dam da,246000,134,Ke I1-02,251,2026-07-15
8930000001074,P-865470,Nuoc ngot Sting chai 1L,386000,177,Ke D5-08,35,2026-08-23
8930000001075,P-490321,Ca phe Nescafe tiet kiem,363000,236,Ke D5-07,97,2026-10-02
8930000001076,P-831663,Dau an Oishi cao cap,402000,19,Ke I4-02,514,2026-09-10
8930000001077,P-273148,Nuoc giat Tuong An truyen thong,292000,203,Ke I1-05,599,2026-09-18
8930000001078,P-749342,Nuoc lau san Red Bull khong duong,464000,236,Ke E2-01,297,2026-07-19
8930000001079,P-143858,Snack Pepsi dam da,354000,84,Ke B2-08,497,2026-09-02
8930000001080,P-388204,Sua tuoi Coca Cola tiet kiem,384000,95,Ke G1-05,187,2026-09-05
8930000001081,P-183262,Snack Sunlight cao cap,301000,257,Ke D4-02,103,2026-09-12
8930000001082,P-587282,Dau an Omachi truyen thong,487000,293,Ke A4-08,375,2026-07-06
8930000001083,P-629298,Sua tam Vinamilk truyen thong,271000,193,Ke K5-02,428,2026-08-04
8930000001084,P-633541,Banh quy Tuong An chai 1L,288000,221,Ke B1-02,269,2026-07-10
8930000001085,P-140932,Kem danh rang Red Bull chai 1L,262000,129,Ke C1-01,165,2026-09-22
8930000001086,P-736745,Gia vi Chin-su cao cap,103000,233,Ke K5-06,570,2026-08-31
8930000001087,P-243902,Nuoc xa Kinh Do tiet kiem,339000,99,Ke J4-02,573,2026-09-28
8930000001088,P-444207,Hat nem Nam Ngu khong duong,156000,73,Ke G1-06,61,2026-07-30
8930000001089,P-995993,Sua tuoi Hao Hao goi 85g,343000,141,Ke J5-01,310,2026-09-16
8930000001090,P-579605,Snack Barona it duong,443000,250,Ke D2-08,489,2026-08-03
8930000001091,P-272769,Tuong ot Hao Hao khong duong,201000,288,Ke K5-02,149,2026-07-10
8930000001092,P-310040,Dau an Sunlight goi 85g,77000,39,Ke H5-02,579,2026-09-12
8930000001093,P-448475,Hat nem Colgate tiet kiem,214000,190,Ke D3-07,61,2026-08-09
8930000001094,P-476018,Banh quy Sunlight chai 500ml,402000,207,Ke A2-06,400,2026-08-07
8930000001095,P-164401,Khan giay Comfort it duong,386000,70,Ke H5-09,910,2026-08-12
8930000001096,P-465962,Nuoc mam Simply hop 200g,269000,152,Ke H1-07,614,2026-09-30
8930000001097,P-643118,Sua tam Kinh Do goi 85g,46000,79,Ke K1-06,284,2026-08-14
8930000001098,P-345884,Nuoc suoi Sting cao cap,416000,179,Ke E5-06,941,2026-08-25
8930000001099,P-743789,Nuoc xa G7 can 2L,200000,291,Ke K5-03,480,2026-08-21
8930000001100,P-593355,Mi goi Lifebuoy can 2L,178000,277,Ke I5-02,257,2026-07-15
8930000001101,P-109576,Nuoc suoi Barona loc 4 hop,450000,152,Ke J5-04,320,2026-08-23
8930000001102,P-639535,Hat nem Oishi it duong,181000,161,Ke D3-09,692,2026-08-12
8930000001103,P-478411,Nuoc suoi Tuong An hop 200g,220000,101,Ke J2-05,194,2026-07-08
8930000001104,P-848206,Kem danh rang Lifebuoy goi 85g,286000,169,Ke D4-09,177,2026-09-18
8930000001105,P-495489,Ca phe Colgate it duong,108000,177,Ke C4-06,251,2026-08-14
8930000001106,P-408877,Nuoc xa Lifebuoy loc 4 hop,480000,295,Ke H5-06,149,2026-09-01
8930000001107,P-762904,Khan giay Kinh Do loc 4 hop,66000,197,Ke I4-01,68,2026-09-09
8930000001108,P-995706,Nuoc suoi Barona can 2L,235000,286,Ke J3-09,581,2026-08-11
8930000001109,P-227767,Tuong ot Tuong An huong vi tu nhien,221000,255,Ke J1-08,447,2026-08-15
8930000001110,P-163648,Snack Hao Hao khong duong,95000,67,Ke F1-01,867,2026-09-25
8930000001111,P-259097,Nuoc suoi Hao Hao goi 85g,277000,142,Ke C1-07,209,2026-09-28
8930000001112,P-731718,Gia vi TH True Milk huong vi tu nhien,60000,177,Ke J3-05,440,2026-09-03
8930000001113,P-593403,Hat nem Simply hop 200g,312000,297,Ke E5-06,860,2026-09-03
8930000001114,P-468591,Dau an Vinamilk goi 85g,302000,167,Ke D2-07,208,2026-07-26
8930000001115,P-346668,Khan giay Vinamilk khong duong,49000,297,Ke J3-08,127,2026-09-21
8930000001116,P-319684,Hat nem Sunlight chai 1L,116000,128,Ke H5-03,913,2026-09-11
8930000001117,P-631756,Hat nem Tuong An dam da,4000,127,Ke K3-07,593,2026-07-19
8930000001118,P-913761,Dau goi Sting it duong,121000,56,Ke B4-08,453,2026-09-14
8930000001119,P-774661,Dau goi Sunlight hop 200g,387000,199,Ke A5-05,210,2026-07-09
8930000001120,P-547181,Nuoc xa Pepsi tiet kiem,451000,273,Ke F3-01,511,2026-07-31
8930000001121,P-722886,Khan giay Coca Cola can 2L,313000,110,Ke F2-02,615,2026-07-06
8930000001122,P-384815,Dau goi Chin-su tiet kiem,209000,111,Ke D3-06,414,2026-08-29
8930000001123,P-859143,Hat nem Lifebuoy loc 4 hop,463000,123,Ke G5-08,983,2026-09-30
8930000001124,P-594312,Gia vi Simply cao cap,360000,38,Ke H1-07,585,2026-08-20
8930000001125,P-644951,Kem danh rang Coca Cola huong vi tu nhien,254000,228,Ke H4-02,447,2026-09-01
8930000001126,P-809217,Kem danh rang Simply loc 4 hop,190000,138,Ke H2-03,224,2026-07-21
8930000001127,P-501393,Nuoc lau san Lay's goi 85g,417000,105,Ke A4-06,49,2026-09-04
8930000001128,P-607699,Mi goi Lifebuoy khong duong,50000,288,Ke A3-02,537,2026-09-01
8930000001129,P-254739,Nuoc giat Omachi loc 4 hop,75000,228,Ke E2-04,419,2026-08-25
8930000001130,P-868316,Nuoc mam G7 dam da,121000,52,Ke J1-03,295,2026-07-25
8930000001131,P-102260,Nuoc xa Pepsi khong duong,123000,13,Ke D5-02,68,2026-09-21
8930000001132,P-873443,Nuoc suoi Comfort tiet kiem,94000,278,Ke B4-09,779,2026-08-17
8930000001133,P-673619,Nuoc mam Omachi goi 85g,480000,100,Ke D1-06,875,2026-09-12
8930000001134,P-256206,Nuoc suoi G7 huong vi tu nhien,259000,263,Ke A4-03,171,2026-09-27
8930000001135,P-354367,Nuoc xa Omachi khong duong,126000,193,Ke J3-08,251,2026-08-06
8930000001136,P-609892,Nuoc mam Lifebuoy dam da,368000,132,Ke C5-01,68,2026-08-16
8930000001137,P-869983,Dau an Vinamilk loc 4 hop,238000,275,Ke H4-09,554,2026-08-13
8930000001138,P-968726,Nuoc lau san Sting cao cap,485000,271,Ke F5-07,769,2026-09-01
8930000001139,P-528361,Nuoc lau san Barona chai 1L,88000,262,Ke H2-01,211,2026-09-24
8930000001140,P-841978,Khan giay Aquafina loc 4 hop,62000,216,Ke G4-05,382,2026-09-30
8930000001141,P-190898,Snack Red Bull it duong,387000,13,Ke D4-03,460,2026-07-20
8930000001142,P-921609,Dau an Colgate tiet kiem,157000,207,Ke D2-01,922,2026-09-04
8930000001143,P-101885,Nuoc giat Tuong An can 2L,207000,243,Ke H3-04,474,2026-09-17
8930000001144,P-262246,Sua tam TH True Milk it duong,488000,79,Ke K1-05,383,2026-09-27
8930000001145,P-708798,Kem danh rang Sting chai 1L,457000,226,Ke B5-05,363,2026-07-30
8930000001146,P-505910,Nuoc tuong Red Bull huong vi tu nhien,481000,250,Ke B3-06,198,2026-08-25
8930000001147,P-891787,Nuoc lau san Chin-su huong vi tu nhien,54000,79,Ke I3-01,25,2026-07-30
8930000001148,P-522842,Tuong ot Colgate goi 85g,193000,17,Ke H4-06,817,2026-07-17
8930000001149,P-650779,Nuoc giat Aquafina hop 200g,170000,150,Ke F1-09,599,2026-09-18
8930000001150,P-585517,Nuoc giat Sunsilk can 2L,224000,268,Ke A5-09,68,2026-09-14
8930000001151,P-984532,Dau goi Lavie cao cap,368000,230,Ke K3-03,145,2026-09-08
8930000001152,P-141360,Mi goi Lay's chai 1L,144000,206,Ke D1-01,310,2026-10-02
8930000001153,P-368214,Dau an Nam Ngu chai 1L,294000,104,Ke G2-07,560,2026-07-23
8930000001154,P-979562,Nuoc suoi Barona it duong,3000,38,Ke C1-05,744,2026-08-03
8930000001155,P-830494,Mi goi Simply can 2L,471000,89,Ke K4-02,81,2026-07-10
8930000001156,P-447195,Nuoc giat OMO chai 500ml,318000,195,Ke H3-09,561,2026-08-22
8930000001157,P-169113,Snack G7 khong duong,344000,271,Ke K3-04,231,2026-10-01
8930000001158,P-621877,Sua tam Red Bull loc 4 hop,171000,265,Ke E4-07,52,2026-07-20
8930000001159,P-998198,Ca phe OMO loc 4 hop,57000,80,Ke I2-04,901,2026-09-02
8930000001160,P-182857,Nuoc giat Maggi khong duong,477000,55,Ke I5-06,422,2026-08-13
8930000001161,P-612438,Sua tam Oishi chai 500ml,156000,46,Ke D2-08,971,2026-07-11
8930000001162,P-111901,Mi goi Sunsilk chai 500ml,477000,34,Ke G4-07,157,2026-08-11
8930000001163,P-715519,Nuoc xa Vinamilk chai 500ml,483000,194,Ke B3-04,498,2026-08-02
8930000001164,P-287241,Dau goi Oishi it duong,210000,225,Ke D3-04,625,2026-09-12
8930000001165,P-477685,Snack Chin-su hop 200g,170000,197,Ke B1-02,84,2026-10-02
8930000001166,P-639131,Dau an Nescafe chai 1L,255000,52,Ke K2-01,2,2026-08-04
8930000001167,P-899049,Nuoc mam TH True Milk khong duong,152000,192,Ke K3-02,41,2026-09-12
8930000001168,P-194813,Ca phe Lavie dam da,22000,47,Ke A5-01,841,2026-09-09
8930000001169,P-602073,Nuoc mam Maggi chai 1L,424000,256,Ke B3-05,630,2026-07-28
8930000001170,P-246566,Mi goi Comfort hop 200g,148000,75,Ke B4-05,161,2026-07-13
8930000001171,P-586097,Nuoc lau san Hao Hao can 2L,313000,119,Ke E1-07,872,2026-08-21
8930000001172,P-451238,Nuoc mam Lifebuoy can 2L,417000,236,Ke F5-05,300,2026-07-12
8930000001173,P-213844,Dau goi Pepsi tiet kiem,479000,125,Ke E3-04,246,2026-08-05
8930000001174,P-873449,Dau an Lifebuoy khong duong,21000,45,Ke A5-02,151,2026-09-20
8930000001175,P-804314,Nuoc giat Omachi khong duong,373000,42,Ke E3-06,593,2026-09-03
8930000001176,P-720556,Nuoc xa Pepsi chai 1L,65000,287,Ke J3-04,917,2026-08-04
8930000001177,P-113721,Banh quy Aquafina khong duong,203000,103,Ke F1-01,32,2026-09-01
8930000001178,P-475623,Dau goi Chin-su can 2L,240000,208,Ke F4-03,835,2026-08-23
8930000001179,P-846348,Sua tam Closeup chai 500ml,493000,295,Ke C1-03,977,2026-09-01
8930000001180,P-171942,Sua tam Kinh Do can 2L,451000,176,Ke C1-03,245,2026-07-30
8930000001181,P-419491,Khan giay Red Bull loc 4 hop,467000,108,Ke C4-01,789,2026-10-02
8930000001182,P-147549,Kem danh rang Lifebuoy chai 500ml,412000,195,Ke F1-02,494,2026-07-31
8930000001183,P-812565,Tuong ot Nam Ngu khong duong,173000,263,Ke E5-07,910,2026-07-28
8930000001184,P-375311,Gia vi Lay's hop 200g,103000,227,Ke A4-09,297,2026-07-27
8930000001185,P-901280,Nuoc giat TH True Milk loc 4 hop,173000,14,Ke G5-02,485,2026-08-11
8930000001186,P-162952,Nuoc giat Barona hop 200g,295000,123,Ke F5-04,460,2026-08-31
8930000001187,P-722725,Ca phe Maggi cao cap,439000,24,Ke D5-05,404,2026-08-31
8930000001188,P-649787,Sua tuoi G7 it duong,23000,118,Ke H2-07,2,2026-08-09
8930000001189,P-678083,Banh quy Kinh Do tiet kiem,414000,145,Ke I5-07,16,2026-07-31
8930000001190,P-746947,Ca phe Sunsilk hop 200g,342000,31,Ke H5-04,546,2026-07-11
8930000001191,P-789233,Nuoc tuong Knorr tiet kiem,62000,125,Ke G5-06,181,2026-07-26
8930000001192,P-364236,Tuong ot Vinamilk cao cap,222000,45,Ke F2-08,21,2026-09-21
8930000001193,P-464825,Dau an Barona truyen thong,377000,137,Ke C3-05,425,2026-09-13
8930000001194,P-859359,Sua tam Nam Ngu truyen thong,86000,190,Ke B3-05,555,2026-07-07
8930000001195,P-497542,Nuoc tuong Colgate dam da,42000,84,Ke B1-04,67,2026-08-30
8930000001196,P-794042,Nuoc mam Hao Hao tiet kiem,234000,177,Ke B5-09,476,2026-07-30
8930000001197,P-333726,Nuoc ngot Red Bull cao cap,317000,147,Ke B3-02,361,2026-09-11
8930000001198,P-328596,Dau goi OMO it duong,282000,133,Ke A5-02,64,2026-09-13
8930000001199,P-856719,Dau an Lavie khong duong,270000,278,Ke D4-06,30,2026-08-21
8930000001200,P-406703,Dau goi OMO tiet kiem,224000,58,Ke I4-04,171,2026-09-09
8930000001201,P-436030,Khan giay Colgate can 2L,399000,39,Ke D4-09,789,2026-08-06
8930000001202,P-690341,Dau goi Lavie cao cap,191000,106,Ke A1-08,192,2026-10-03
8930000001203,P-864752,Gia vi Aquafina huong vi tu nhien,343000,195,Ke K3-07,767,2026-10-03
8930000001204,P-720647,Snack Sunlight can 2L,46000,73,Ke B5-09,574,2026-09-19
8930000001205,P-785386,Gia vi Omachi can 2L,256000,288,Ke I3-02,639,2026-09-29
8930000001206,P-584172,Snack Simply loc 4 hop,277000,222,Ke E1-02,56,2026-08-26
8930000001207,P-198246,Dau an Lifebuoy loc 4 hop,420000,199,Ke C3-06,870,2026-08-12
8930000001208,P-634473,Mi goi G7 chai 500ml,41000,260,Ke E3-07,23,2026-09-30
8930000001209,P-792094,Ca phe Lavie khong duong,367000,52,Ke C5-02,371,2026-09-19
8930000001210,P-862606,Nuoc ngot Tuong An tiet kiem,173000,167,Ke B2-04,596,2026-09-23
8930000001211,P-157701,Hat nem TH True Milk loc 4 hop,162000,286,Ke I1-09,957,2026-07-22
8930000001212,P-568436,Nuoc tuong Knorr goi 85g,339000,157,Ke B4-01,319,2026-08-11
8930000001213,P-260448,Mi goi Closeup chai 500ml,140000,31,Ke C1-02,971,2026-07-20
8930000001214,P-652029,Sua tuoi Hao Hao can 2L,24000,245,Ke F4-09,109,2026-08-31
8930000001215,P-998723,Nuoc mam Oishi goi 85g,461000,131,Ke B3-03,189,2026-07-12
8930000001216,P-494220,Gia vi Lifebuoy dam da,325000,13,Ke H2-03,173,2026-07-08
8930000001217,P-868170,Nuoc lau san Simply chai 1L,5000,272,Ke E5-04,504,2026-07-25
8930000001218,P-268956,Hat nem TH True Milk chai 1L,111000,203,Ke D5-05,352,2026-09-16
8930000001219,P-790855,Dau goi Oishi chai 1L,469000,152,Ke E2-02,723,2026-08-11
8930000001220,P-980521,Nuoc suoi Colgate hop 200g,257000,5,Ke B4-04,764,2026-09-01
8930000001221,P-436318,Dau an Oishi khong duong,419000,66,Ke K2-03,728,2026-09-28
8930000001222,P-289019,Hat nem Simply truyen thong,26000,41,Ke K4-03,988,2026-09-06
8930000001223,P-320039,Nuoc suoi Hao Hao hop 200g,4000,112,Ke B1-07,109,2026-08-21
8930000001224,P-856035,Tuong ot Sting khong duong,78000,68,Ke F3-07,387,2026-07-11
8930000001225,P-601903,Nuoc lau san Closeup loc 4 hop,230000,108,Ke K2-04,398,2026-08-19
8930000001226,P-706063,Tuong ot Sunlight cao cap,442000,129,Ke H4-05,447,2026-09-27
8930000001227,P-956572,Nuoc suoi Vinamilk chai 1L,240000,86,Ke A1-08,536,2026-08-27
8930000001228,P-469685,Tuong ot Pepsi dam da,454000,152,Ke C3-05,181,2026-08-10
8930000001229,P-168872,Sua tuoi Red Bull tiet kiem,393000,276,Ke B5-08,356,2026-08-26
8930000001230,P-852787,Hat nem Sting it duong,355000,146,Ke H4-05,164,2026-08-03
8930000001231,P-679364,Hat nem Sting khong duong,11000,125,Ke K4-07,224,2026-07-25
8930000001232,P-919898,Nuoc lau san Colgate khong duong,59000,142,Ke F5-05,706,2026-09-21
8930000001233,P-495303,Nuoc suoi Sunlight cao cap,267000,163,Ke G1-02,580,2026-09-20
8930000001234,P-772865,Hat nem Maggi loc 4 hop,132000,130,Ke K5-09,943,2026-09-10
8930000001235,P-216506,Nuoc xa G7 huong vi tu nhien,79000,15,Ke F5-07,581,2026-08-21
8930000001236,P-850827,Sua tuoi Red Bull it duong,98000,60,Ke E4-05,712,2026-08-30
8930000001237,P-395307,Gia vi Nam Ngu cao cap,208000,294,Ke J3-02,389,2026-08-04
8930000001238,P-386544,Khan giay Nam Ngu it duong,169000,28,Ke F3-08,777,2026-09-03
8930000001239,P-352153,Nuoc tuong Lavie can 2L,119000,225,Ke I1-02,105,2026-07-23
8930000001240,P-148001,Dau an Simply chai 1L,446000,27,Ke D4-07,547,2026-09-24
8930000001241,P-234618,Nuoc ngot Closeup goi 85g,228000,74,Ke D2-04,379,2026-09-21
8930000001242,P-966630,Banh quy Tuong An huong vi tu nhien,473000,214,Ke B3-08,914,2026-09-07
8930000001243,P-725380,Mi goi Lavie it duong,316000,65,Ke B3-09,764,2026-07-15
8930000001244,P-237935,Hat nem TH True Milk can 2L,355000,146,Ke I2-01,948,2026-08-02
8930000001245,P-231647,Tuong ot OMO chai 1L,457000,174,Ke B1-09,596,2026-09-04
8930000001246,P-672949,Gia vi Tuong An huong vi tu nhien,221000,183,Ke F4-09,712,2026-09-12
8930000001247,P-271456,Sua tuoi Clear dam da,324000,297,Ke A3-04,176,2026-09-13
8930000001248,P-814956,Hat nem Clear huong vi tu nhien,378000,96,Ke D2-04,135,2026-08-27
8930000001249,P-150068,Nuoc giat TH True Milk cao cap,233000,120,Ke J2-01,120,2026-09-07
8930000001250,P-811451,Kem danh rang Colgate tiet kiem,453000,158,Ke K4-03,704,2026-09-25
8930000001251,P-694731,Nuoc mam Red Bull chai 1L,6000,92,Ke F1-09,179,2026-07-08
8930000001252,P-340633,Sua tam Hao Hao dam da,394000,85,Ke D1-03,425,2026-09-20
8930000001253,P-665492,Sua tam Simply truyen thong,419000,90,Ke E5-09,905,2026-07-09
8930000001254,P-779172,Nuoc lau san Maggi hop 200g,463000,173,Ke H2-09,676,2026-07-23
8930000001255,P-342389,Tuong ot Sting chai 1L,91000,232,Ke E3-05,620,2026-09-06
8930000001256,P-130271,Sua tuoi Nam Ngu chai 1L,154000,197,Ke I4-02,895,2026-07-21
8930000001257,P-416768,Nuoc ngot OMO truyen thong,67000,32,Ke D5-02,573,2026-08-03
8930000001258,P-296494,Dau goi Barona cao cap,300000,74,Ke A5-03,551,2026-09-04
8930000001259,P-578180,Dau an Simply huong vi tu nhien,263000,283,Ke B2-09,565,2026-09-23
8930000001260,P-753064,Snack G7 goi 85g,50000,137,Ke E3-09,139,2026-09-11
8930000001261,P-219781,Banh quy Pepsi can 2L,438000,110,Ke C2-02,530,2026-09-15
8930000001262,P-856379,Khan giay Sting dam da,219000,284,Ke B3-08,168,2026-07-08
8930000001263,P-465746,Nuoc suoi Sunlight chai 500ml,18000,21,Ke A1-01,883,2026-09-30
8930000001264,P-340341,Mi goi Lavie khong duong,390000,46,Ke B2-08,975,2026-09-21
8930000001265,P-413305,Nuoc giat OMO goi 85g,334000,195,Ke A5-01,736,2026-09-14
8930000001266,P-591644,Kem danh rang Lavie chai 1L,347000,63,Ke I3-05,267,2026-09-13
8930000001267,P-617077,Mi goi Nescafe khong duong,310000,300,Ke I4-05,502,2026-07-29
8930000001268,P-889216,Mi goi Omachi khong duong,425000,152,Ke I5-01,321,2026-08-16
8930000001269,P-882351,Nuoc xa TH True Milk goi 85g,225000,244,Ke A1-01,2,2026-07-11
8930000001270,P-376142,Nuoc suoi Maggi it duong,196000,181,Ke K3-02,370,2026-07-29
8930000001271,P-746281,Nuoc suoi G7 khong duong,210000,198,Ke J1-04,422,2026-09-14
8930000001272,P-918164,Nuoc suoi G7 it duong,167000,194,Ke K1-06,317,2026-09-12
8930000001273,P-867333,Gia vi Coca Cola truyen thong,24000,287,Ke A4-01,416,2026-09-07
8930000001274,P-899444,Hat nem Pepsi hop 200g,441000,290,Ke H5-06,805,2026-10-01
8930000001275,P-678469,Khan giay Sunsilk cao cap,490000,274,Ke C2-02,62,2026-08-30
8930000001276,P-365641,Banh quy Barona dam da,446000,205,Ke E5-02,911,2026-07-24
8930000001277,P-263573,Nuoc lau san Clear huong vi tu nhien,136000,137,Ke K2-09,971,2026-08-04
8930000001278,P-228479,Nuoc xa Maggi it duong,267000,104,Ke G2-09,663,2026-09-25
8930000001279,P-371212,Dau goi Tuong An it duong,82000,38,Ke C4-05,743,2026-09-12
8930000001280,P-324875,Nuoc lau san Oishi cao cap,345000,162,Ke G3-03,21,2026-09-02
8930000001281,P-514337,Sua tam Sunsilk truyen thong,69000,193,Ke I4-04,106,2026-08-25
8930000001282,P-204904,Nuoc suoi Kinh Do can 2L,450000,25,Ke G3-07,160,2026-08-19
8930000001283,P-309159,Kem danh rang Sunsilk loc 4 hop,446000,26,Ke C4-04,738,2026-07-09
8930000001284,P-650121,Kem danh rang Lavie goi 85g,352000,100,Ke E2-01,684,2026-09-23
8930000001285,P-963874,Nuoc xa Coca Cola loc 4 hop,213000,148,Ke E5-09,517,2026-10-01
8930000001286,P-764575,Hat nem Clear dam da,191000,128,Ke I5-09,182,2026-08-29
8930000001287,P-236217,Snack Clear khong duong,241000,36,Ke K3-01,296,2026-07-08
8930000001288,P-312559,Banh quy Sunlight loc 4 hop,125000,109,Ke D2-06,198,2026-07-28
8930000001289,P-356622,Nuoc suoi Oishi chai 500ml,455000,67,Ke G2-03,825,2026-09-20
8930000001290,P-943700,Mi goi Hao Hao truyen thong,310000,237,Ke I4-02,557,2026-09-27
8930000001291,P-243885,Khan giay Nam Ngu it duong,306000,51,Ke K2-08,221,2026-09-16
8930000001292,P-479481,Dau goi Colgate chai 500ml,118000,25,Ke G1-02,979,2026-09-23
8930000001293,P-911152,Khan giay Sunsilk goi 85g,257000,172,Ke G1-08,983,2026-07-31
8930000001294,P-221462,Sua tam Sunsilk goi 85g,371000,273,Ke A1-03,213,2026-09-30
8930000001295,P-985331,Sua tuoi Oishi dam da,174000,217,Ke B5-03,857,2026-07-19
8930000001296,P-608993,Nuoc lau san Barona huong vi tu nhien,128000,198,Ke F4-08,270,2026-08-28
8930000001297,P-402218,Khan giay Hao Hao truyen thong,467000,217,Ke A5-04,401,2026-08-17
8930000001298,P-485397,Khan giay OMO chai 500ml,71000,34,Ke B3-02,827,2026-09-18
8930000001299,P-106814,Nuoc lau san Colgate tiet kiem,297000,151,Ke B5-05,231,2026-09-04
8930000001300,P-774079,Dau goi G7 can 2L,178000,18,Ke J2-07,199,2026-09-12
8930000001301,P-899213,Nuoc mam Nam Ngu hop 200g,311000,263,Ke C1-04,462,2026-08-29
8930000001302,P-129751,Snack Lavie chai 1L,42000,52,Ke E1-05,133,2026-07-29
8930000001303,P-299254,Nuoc tuong Pepsi truyen thong,24000,192,Ke K1-06,243,2026-08-01
8930000001304,P-269999,Dau goi Pepsi chai 1L,497000,28,Ke I1-02,764,2026-09-17
8930000001305,P-632195,Sua tam Sunsilk huong vi tu nhien,483000,26,Ke D1-09,906,2026-09-07
8930000001306,P-977740,Kem danh rang Coca Cola chai 1L,455000,50,Ke A4-03,701,2026-08-06
8930000001307,P-769952,Mi goi Lavie truyen thong,111000,56,Ke C2-05,919,2026-08-21
8930000001308,P-907756,Kem danh rang TH True Milk chai 1L,263000,286,Ke C4-02,497,2026-07-15
8930000001309,P-130914,Nuoc xa Pepsi tiet kiem,290000,78,Ke J2-09,851,2026-08-31
8930000001310,P-245357,Ca phe Clear huong vi tu nhien,62000,128,Ke E5-01,812,2026-07-28
8930000001311,P-324319,Nuoc giat Sunsilk it duong,178000,157,Ke D4-09,754,2026-07-28
8930000001312,P-802897,Dau an Pepsi huong vi tu nhien,111000,124,Ke K3-02,54,2026-09-20
8930000001313,P-440131,Kem danh rang Sting truyen thong,358000,14,Ke J1-09,377,2026-07-23
8930000001314,P-439902,Gia vi Lifebuoy dam da,414000,153,Ke E5-03,957,2026-10-01
8930000001315,P-258003,Nuoc giat Tuong An hop 200g,416000,89,Ke G5-07,785,2026-07-16
8930000001316,P-253184,Gia vi OMO chai 1L,448000,156,Ke I5-08,91,2026-07-29
8930000001317,P-954779,Ca phe Omachi goi 85g,404000,192,Ke J4-04,150,2026-08-22
8930000001318,P-862569,Gia vi Hao Hao loc 4 hop,13000,261,Ke E5-04,976,2026-09-11
8930000001319,P-821846,Tuong ot Hao Hao khong duong,432000,119,Ke E2-07,413,2026-07-23
8930000001320,P-827157,Nuoc tuong TH True Milk chai 1L,321000,16,Ke I4-03,407,2026-07-14
8930000001321,P-930281,Nuoc ngot Sting tiet kiem,216000,20,Ke K4-03,767,2026-09-06
8930000001322,P-458332,Ca phe Nescafe truyen thong,119000,271,Ke J2-06,686,2026-07-11
8930000001323,P-593515,Khan giay Barona chai 500ml,335000,129,Ke I2-09,775,2026-10-01
8930000001324,P-872303,Ca phe Comfort huong vi tu nhien,462000,181,Ke G1-03,923,2026-07-07
8930000001325,P-616256,Gia vi Lay's chai 1L,177000,20,Ke I2-07,604,2026-08-19
8930000001326,P-320861,Nuoc tuong Closeup khong duong,225000,141,Ke B5-07,586,2026-08-16
8930000001327,P-585188,Kem danh rang Pepsi cao cap,40000,115,Ke A5-08,828,2026-08-10
8930000001328,P-238595,Nuoc ngot Closeup cao cap,454000,79,Ke D5-06,585,2026-08-21
8930000001329,P-656639,Nuoc ngot Tuong An it duong,400000,141,Ke G5-03,246,2026-07-20
8930000001330,P-397223,Ca phe Sunlight goi 85g,142000,25,Ke A2-08,770,2026-09-05
8930000001331,P-694587,Sua tuoi Vinamilk cao cap,439000,268,Ke G5-07,929,2026-08-15
8930000001332,P-402692,Mi goi TH True Milk dam da,429000,203,Ke I2-02,83,2026-07-10
8930000001333,P-977646,Tuong ot Comfort hop 200g,174000,18,Ke A1-07,540,2026-09-26
8930000001334,P-501641,Khan giay Colgate loc 4 hop,44000,155,Ke K5-02,878,2026-08-23
8930000001335,P-255875,Banh quy Sting chai 1L,399000,95,Ke K5-04,892,2026-07-21
8930000001336,P-318379,Nuoc giat Colgate chai 1L,324000,78,Ke A3-04,652,2026-08-29
8930000001337,P-827146,Nuoc suoi Vinamilk can 2L,228000,231,Ke J3-07,166,2026-09-26
8930000001338,P-141761,Nuoc giat Maggi khong duong,374000,211,Ke G2-03,352,2026-10-01
8930000001339,P-221011,Nuoc tuong OMO dam da,384000,256,Ke K4-07,945,2026-09-27
8930000001340,P-739905,Nuoc mam Oishi truyen thong,480000,39,Ke E1-07,959,2026-07-28
8930000001341,P-874863,Nuoc tuong Tuong An dam da,499000,104,Ke D2-08,237,2026-09-22
8930000001342,P-440536,Dau an Barona chai 500ml,186000,92,Ke D3-07,111,2026-08-05
8930000001343,P-574379,Nuoc tuong Barona dam da,240000,10,Ke D2-02,80,2026-07-18
8930000001344,P-153063,Nuoc mam Vinamilk chai 1L,60000,117,Ke G2-09,685,2026-08-24
8930000001345,P-809489,Dau an Sting can 2L,282000,298,Ke F4-02,194,2026-09-06
8930000001346,P-525818,Nuoc giat Kinh Do cao cap,282000,156,Ke E3-01,743,2026-09-12
8930000001347,P-946561,Gia vi Lavie huong vi tu nhien,75000,207,Ke E5-01,996,2026-09-21
8930000001348,P-866536,Sua tam Tuong An loc 4 hop,30000,126,Ke H2-05,851,2026-09-20
8930000001349,P-446859,Dau goi Red Bull goi 85g,58000,77,Ke H4-09,174,2026-09-10
8930000001350,P-400614,Mi goi Vinamilk khong duong,330000,52,Ke H5-09,847,2026-09-10
8930000001351,P-247111,Nuoc ngot Colgate it duong,136000,270,Ke G2-09,348,2026-08-02
8930000001352,P-604906,Khan giay Sting it duong,391000,223,Ke D5-04,897,2026-09-19
8930000001353,P-184532,Nuoc lau san Chin-su goi 85g,351000,168,Ke G1-06,234,2026-07-22
8930000001354,P-389362,Nuoc giat Clear huong vi tu nhien,255000,283,Ke K4-07,697,2026-09-18
8930000001355,P-354897,Nuoc giat Red Bull truyen thong,34000,211,Ke H2-07,530,2026-09-15
8930000001356,P-461260,Sua tuoi Aquafina tiet kiem,4000,197,Ke I2-02,674,2026-09-12
8930000001357,P-320256,Nuoc mam Simply cao cap,181000,172,Ke K2-02,402,2026-07-09
8930000001358,P-788279,Kem danh rang Vinamilk tiet kiem,174000,281,Ke H1-05,414,2026-07-23
8930000001359,P-503097,Dau an Clear dam da,270000,94,Ke B5-03,335,2026-07-23
8930000001360,P-135035,Dau goi Sting tiet kiem,307000,25,Ke I5-09,791,2026-07-08
8930000001361,P-832052,Nuoc suoi Simply chai 1L,322000,282,Ke E5-01,975,2026-09-13
8930000001362,P-315651,Dau an Maggi huong vi tu nhien,438000,174,Ke A5-04,678,2026-07-26
8930000001363,P-993916,Sua tam Clear hop 200g,369000,133,Ke I3-03,305,2026-07-18
8930000001364,P-697978,Snack Sunlight truyen thong,315000,267,Ke I1-02,290,2026-08-20
8930000001365,P-624139,Nuoc giat Colgate goi 85g,262000,239,Ke A4-02,365,2026-09-11
8930000001366,P-555673,Hat nem Maggi goi 85g,208000,234,Ke G4-04,552,2026-07-11
8930000001367,P-235047,Nuoc mam Vinamilk hop 200g,234000,145,Ke G1-02,736,2026-07-15
8930000001368,P-827632,Nuoc giat Red Bull hop 200g,275000,257,Ke G5-03,877,2026-07-16
8930000001369,P-661654,Gia vi Barona chai 1L,261000,259,Ke C2-06,528,2026-07-22
8930000001370,P-861949,Tuong ot Red Bull truyen thong,22000,277,Ke F5-01,408,2026-07-13
8930000001371,P-984522,Nuoc mam Closeup cao cap,408000,126,Ke F1-05,904,2026-09-30
8930000001372,P-940346,Kem danh rang Sunsilk chai 1L,198000,174,Ke K4-01,31,2026-07-09
8930000001373,P-295892,Nuoc ngot Chin-su loc 4 hop,463000,282,Ke C3-06,274,2026-09-01
8930000001374,P-298667,Nuoc mam Barona goi 85g,204000,240,Ke J4-04,143,2026-08-19
8930000001375,P-749838,Khan giay Knorr khong duong,329000,131,Ke K2-09,757,2026-07-22
8930000001376,P-908713,Nuoc suoi OMO chai 1L,428000,118,Ke D5-02,348,2026-08-13
8930000001377,P-452207,Nuoc mam Tuong An dam da,353000,172,Ke C5-06,739,2026-08-03
8930000001378,P-479430,Nuoc mam Barona chai 500ml,202000,90,Ke J2-07,968,2026-07-20
8930000001379,P-285810,Hat nem Sunlight truyen thong,116000,180,Ke I5-06,104,2026-09-05
8930000001380,P-984756,Nuoc lau san Hao Hao goi 85g,366000,205,Ke F3-01,974,2026-07-13
8930000001381,P-768933,Nuoc xa G7 loc 4 hop,492000,202,Ke I3-01,624,2026-08-23
8930000001382,P-852146,Nuoc xa Sunsilk cao cap,150000,138,Ke D1-04,313,2026-07-15
8930000001383,P-588148,Khan giay Hao Hao cao cap,460000,267,Ke J1-02,935,2026-08-03
8930000001384,P-190582,Khan giay Red Bull khong duong,27000,106,Ke I3-04,275,2026-09-29
8930000001385,P-326956,Mi goi Comfort chai 500ml,110000,206,Ke E1-06,300,2026-08-06
8930000001386,P-397809,Nuoc ngot Lavie chai 500ml,106000,59,Ke D2-06,634,2026-09-06
8930000001387,P-563173,Sua tam Red Bull truyen thong,436000,273,Ke B2-07,458,2026-08-24
8930000001388,P-335615,Banh quy Vinamilk hop 200g,139000,81,Ke K1-05,973,2026-09-22
8930000001389,P-895075,Banh quy Sunsilk chai 500ml,93000,238,Ke G5-09,970,2026-09-18
8930000001390,P-236708,Gia vi G7 can 2L,290000,35,Ke J2-08,6,2026-08-30
8930000001391,P-107096,Kem danh rang Omachi it duong,435000,268,Ke I5-06,411,2026-09-13
8930000001392,P-781433,Dau an Barona chai 500ml,288000,224,Ke G1-06,884,2026-07-21
8930000001393,P-716493,Nuoc lau san Pepsi tiet kiem,389000,235,Ke I4-05,305,2026-09-12
8930000001394,P-871976,Dau an Red Bull truyen thong,175000,266,Ke F3-09,647,2026-08-21
8930000001395,P-578938,Gia vi Pepsi chai 500ml,410000,167,Ke J3-03,514,2026-09-17
8930000001396,P-393308,Ca phe Lay's dam da,498000,47,Ke G3-01,139,2026-10-03
8930000001397,P-904751,Banh quy TH True Milk khong duong,413000,162,Ke F2-04,74,2026-09-03
8930000001398,P-535098,Dau an Colgate dam da,412000,171,Ke F1-04,5,2026-08-23
8930000001399,P-620226,Snack Red Bull huong vi tu nhien,270000,109,Ke K4-09,755,2026-09-10
8930000001400,P-488984,Nuoc ngot Knorr loc 4 hop,148000,271,Ke I5-07,395,2026-07-20
8930000001401,P-676967,Khan giay Lifebuoy can 2L,76000,260,Ke D4-08,920,2026-07-14
8930000001402,P-303880,Nuoc giat Clear loc 4 hop,332000,216,Ke C1-03,375,2026-07-30
8930000001403,P-912402,Nuoc mam Barona chai 500ml,150000,112,Ke B5-04,824,2026-09-11
8930000001404,P-546376,Nuoc tuong OMO dam da,380000,73,Ke D1-03,204,2026-07-18
8930000001405,P-770030,Dau an Maggi cao cap,6000,161,Ke J1-01,386,2026-10-02
8930000001406,P-207581,Mi goi G7 it duong,215000,139,Ke H2-04,734,2026-07-25
8930000001407,P-999695,Nuoc giat Aquafina huong vi tu nhien,275000,89,Ke H4-09,723,2026-09-22
8930000001408,P-501124,Nuoc giat Chin-su tiet kiem,95000,184,Ke H4-06,266,2026-08-18
8930000001409,P-508930,Nuoc tuong Colgate loc 4 hop,250000,74,Ke G2-01,333,2026-09-15
8930000001410,P-697983,Khan giay Kinh Do goi 85g,421000,237,Ke G5-04,747,2026-09-20
8930000001411,P-531319,Dau goi TH True Milk goi 85g,447000,98,Ke H1-08,179,2026-09-25
8930000001412,P-599365,Nuoc giat Closeup it duong,104000,231,Ke D5-03,979,2026-09-30
8930000001413,P-532368,Snack Chin-su khong duong,82000,300,Ke J5-04,758,2026-08-12
8930000001414,P-992931,Nuoc mam Hao Hao truyen thong,221000,172,Ke K5-02,655,2026-08-26
8930000001415,P-156215,Hat nem Nescafe goi 85g,76000,126,Ke C3-06,719,2026-09-02
8930000001416,P-520051,Gia vi Sunlight goi 85g,107000,168,Ke I3-05,427,2026-09-18
8930000001417,P-176066,Nuoc xa Clear cao cap,240000,257,Ke D2-07,296,2026-09-02
8930000001418,P-596395,Sua tuoi Oishi chai 500ml,136000,134,Ke J4-02,184,2026-08-07
8930000001419,P-272529,Khan giay Comfort hop 200g,227000,6,Ke C5-03,450,2026-09-25
8930000001420,P-849086,Nuoc mam TH True Milk chai 500ml,129000,244,Ke I4-02,219,2026-08-02
8930000001421,P-218881,Snack Omachi hop 200g,490000,290,Ke I2-03,152,2026-09-30
8930000001422,P-733052,Nuoc ngot Omachi tiet kiem,189000,208,Ke A5-04,177,2026-09-29
8930000001423,P-148026,Banh quy Tuong An tiet kiem,286000,255,Ke J4-09,515,2026-07-31
8930000001424,P-556379,Gia vi Sting chai 500ml,353000,112,Ke F5-06,189,2026-09-03
8930000001425,P-301898,Nuoc tuong Coca Cola huong vi tu nhien,411000,25,Ke D1-05,309,2026-09-03
8930000001426,P-546157,Dau goi Colgate dam da,420000,298,Ke J3-02,471,2026-09-25
8930000001427,P-861894,Kem danh rang Comfort khong duong,491000,112,Ke J1-01,797,2026-09-14
8930000001428,P-790731,Gia vi Chin-su tiet kiem,477000,183,Ke K1-02,310,2026-09-08
8930000001429,P-772124,Nuoc xa Tuong An cao cap,447000,266,Ke D1-04,933,2026-10-03
8930000001430,P-190707,Gia vi Pepsi can 2L,45000,112,Ke K5-08,95,2026-07-18
8930000001431,P-468247,Nuoc ngot Omachi chai 1L,27000,82,Ke C1-04,161,2026-09-18
8930000001432,P-113266,Nuoc giat Pepsi can 2L,388000,76,Ke A1-02,118,2026-09-19
8930000001433,P-223481,Dau goi Coca Cola dam da,69000,97,Ke A1-01,457,2026-09-16
8930000001434,P-672661,Snack Closeup truyen thong,476000,275,Ke H2-04,947,2026-07-16
8930000001435,P-451936,Tuong ot TH True Milk loc 4 hop,295000,103,Ke G4-06,213,2026-07-27
8930000001436,P-202463,Sua tuoi Closeup khong duong,236000,159,Ke I1-03,782,2026-08-28
8930000001437,P-745414,Nuoc mam Hao Hao dam da,148000,16,Ke I4-09,143,2026-08-21
8930000001438,P-550268,Sua tuoi Oishi cao cap,170000,73,Ke C5-05,384,2026-09-17
8930000001439,P-659951,Sua tuoi Comfort hop 200g,102000,192,Ke F4-02,829,2026-07-12
8930000001440,P-800007,Sua tuoi OMO it duong,369000,296,Ke J3-03,797,2026-07-07
8930000001441,P-961639,Gia vi Red Bull huong vi tu nhien,400000,54,Ke D4-02,145,2026-08-29
8930000001442,P-448321,Tuong ot Pepsi chai 500ml,284000,172,Ke I3-07,314,2026-09-17
8930000001443,P-191982,Tuong ot Sunlight huong vi tu nhien,135000,43,Ke C1-03,493,2026-09-27
8930000001444,P-305171,Sua tam Hao Hao chai 500ml,317000,87,Ke H2-09,506,2026-08-29
8930000001445,P-685365,Banh quy Chin-su hop 200g,320000,36,Ke H1-07,436,2026-07-20
8930000001446,P-761938,Sua tuoi Pepsi it duong,69000,69,Ke E5-02,350,2026-08-24
8930000001447,P-783501,Nuoc suoi Sunlight khong duong,426000,8,Ke D3-01,255,2026-09-26
8930000001448,P-725339,Nuoc ngot Vinamilk hop 200g,188000,212,Ke H5-08,377,2026-08-10
8930000001449,P-373216,Ca phe Lay's dam da,192000,231,Ke J3-06,291,2026-08-10
8930000001450,P-115474,Nuoc mam Simply loc 4 hop,248000,59,Ke C3-08,444,2026-10-03
8930000001451,P-677124,Nuoc ngot TH True Milk goi 85g,33000,65,Ke I1-01,212,2026-09-30
8930000001452,P-734035,Sua tam Nescafe it duong,54000,235,Ke G3-02,500,2026-09-13
8930000001453,P-806004,Sua tam G7 huong vi tu nhien,281000,11,Ke I1-06,458,2026-09-20
8930000001454,P-832697,Dau an Oishi huong vi tu nhien,447000,60,Ke F1-08,86,2026-09-08
8930000001455,P-166974,Nuoc lau san TH True Milk chai 1L,234000,57,Ke D1-08,729,2026-09-04
8930000001456,P-611265,Snack Kinh Do huong vi tu nhien,419000,152,Ke F5-05,503,2026-08-26
8930000001457,P-377746,Tuong ot OMO chai 1L,92000,63,Ke D1-01,578,2026-08-09
8930000001458,P-488528,Nuoc mam Aquafina goi 85g,443000,275,Ke K3-08,436,2026-07-05
8930000001459,P-826991,Sua tam Lay's loc 4 hop,257000,20,Ke D1-09,5,2026-08-22
8930000001460,P-267082,Tuong ot Closeup tiet kiem,449000,107,Ke J4-03,842,2026-08-08
8930000001461,P-843793,Nuoc suoi Comfort chai 1L,458000,206,Ke G2-02,361,2026-07-21
8930000001462,P-734059,Mi goi G7 it duong,428000,75,Ke H1-01,58,2026-08-30
8930000001463,P-313446,Dau goi Pepsi chai 1L,54000,164,Ke F5-01,773,2026-09-25
8930000001464,P-626797,Nuoc ngot TH True Milk can 2L,304000,253,Ke K4-02,935,2026-09-01
8930000001465,P-536801,Banh quy Vinamilk truyen thong,338000,139,Ke J2-09,786,2026-07-25
8930000001466,P-201883,Mi goi Comfort truyen thong,291000,143,Ke J1-06,255,2026-07-10
8930000001467,P-946313,Mi goi Lavie tiet kiem,91000,26,Ke E5-09,38,2026-07-20
8930000001468,P-350956,Ca phe Colgate hop 200g,423000,259,Ke G5-09,504,2026-07-14
8930000001469,P-141043,Hat nem Colgate dam da,104000,242,Ke J4-02,833,2026-08-11
8930000001470,P-693022,Dau goi Lay's goi 85g,386000,154,Ke B4-07,978,2026-09-21
8930000001471,P-219754,Dau an Nam Ngu can 2L,149000,30,Ke H4-05,254,2026-09-04
8930000001472,P-340820,Nuoc mam Sunsilk chai 500ml,226000,98,Ke D5-05,596,2026-07-23
8930000001473,P-317402,Nuoc ngot Lay's can 2L,416000,12,Ke B3-03,904,2026-08-09
8930000001474,P-282313,Dau an Vinamilk it duong,242000,31,Ke I4-09,864,2026-09-12
8930000001475,P-691912,Nuoc ngot Kinh Do chai 1L,31000,86,Ke K1-05,97,2026-07-26
8930000001476,P-420310,Mi goi Simply chai 500ml,353000,297,Ke I5-09,906,2026-07-21
8930000001477,P-630573,Nuoc giat Maggi khong duong,462000,62,Ke B4-01,748,2026-07-27
8930000001478,P-691807,Nuoc lau san Colgate hop 200g,496000,153,Ke K5-01,834,2026-09-24
8930000001479,P-857505,Nuoc tuong Barona chai 1L,460000,138,Ke E5-03,164,2026-09-18
8930000001480,P-483102,Nuoc giat Maggi chai 500ml,270000,267,Ke D5-08,995,2026-07-31
8930000001481,P-941272,Kem danh rang Sting huong vi tu nhien,279000,93,Ke A1-05,553,2026-09-28
8930000001482,P-694764,Sua tam Red Bull chai 500ml,245000,52,Ke C2-07,576,2026-09-23
8930000001483,P-811016,Ca phe Lay's chai 1L,49000,48,Ke C5-08,690,2026-07-20
8930000001484,P-972176,Nuoc suoi OMO khong duong,310000,221,Ke I5-03,474,2026-08-14
8930000001485,P-882033,Gia vi Closeup can 2L,343000,30,Ke E1-06,234,2026-09-18
8930000001486,P-465004,Nuoc suoi Maggi tiet kiem,48000,221,Ke B3-07,45,2026-08-01
8930000001487,P-884197,Nuoc tuong Colgate it duong,93000,254,Ke E5-09,229,2026-08-22
8930000001488,P-898461,Dau goi Aquafina dam da,401000,240,Ke J4-03,299,2026-07-14
8930000001489,P-638289,Banh quy Maggi hop 200g,477000,220,Ke K3-07,392,2026-07-26
8930000001490,P-912233,Hat nem Clear loc 4 hop,482000,224,Ke A3-08,523,2026-08-25
8930000001491,P-536158,Dau an Kinh Do can 2L,8000,83,Ke I3-02,395,2026-09-15
8930000001492,P-371577,Nuoc mam Barona chai 500ml,299000,129,Ke K4-05,555,2026-07-26
8930000001493,P-376106,Dau an Vinamilk goi 85g,498000,298,Ke D3-09,409,2026-07-27
8930000001494,P-469007,Nuoc lau san Simply hop 200g,24000,228,Ke C3-07,491,2026-09-14
8930000001495,P-336047,Nuoc lau san Sting hop 200g,297000,39,Ke G1-02,91,2026-08-26
8930000001496,P-539605,Mi goi Nam Ngu dam da,303000,132,Ke F5-03,840,2026-09-07
8930000001497,P-879850,Sua tam Hao Hao it duong,112000,248,Ke G1-06,191,2026-09-02
8930000001498,P-165046,Banh quy Barona loc 4 hop,167000,289,Ke I1-07,340,2026-07-06
8930000001499,P-184002,Sua tuoi Barona khong duong,187000,147,Ke E4-03,268,2026-09-18
8930000001500,P-835716,Khan giay Hao Hao chai 1L,165000,21,Ke D3-05,28,2026-07-23
8930000001501,P-567315,Sua tam Coca Cola dam da,243000,252,Ke B5-03,716,2026-08-31
8930000001502,P-662275,Khan giay Nescafe hop 200g,388000,284,Ke K1-09,554,2026-10-03
8930000001503,P-130216,Dau goi Sting goi 85g,77000,54,Ke E1-08,277,2026-08-12
8930000001504,P-786641,Nuoc lau san Sunlight dam da,406000,120,Ke F5-03,941,2026-08-14
8930000001505,P-923856,Dau goi Tuong An goi 85g,219000,280,Ke J2-07,713,2026-07-16
8930000001506,P-672133,Nuoc tuong Sting loc 4 hop,479000,264,Ke G5-05,705,2026-09-22
8930000001507,P-205907,Snack Lavie hop 200g,136000,165,Ke K1-02,127,2026-07-17
8930000001508,P-649753,Dau an Clear hop 200g,350000,97,Ke A4-06,252,2026-07-06
8930000001509,P-839113,Dau goi Maggi truyen thong,25000,184,Ke B1-08,80,2026-08-10
8930000001510,P-239613,Banh quy Simply hop 200g,278000,289,Ke G2-07,321,2026-09-02
8930000001511,P-799287,Sua tam Lifebuoy cao cap,67000,56,Ke I5-05,335,2026-08-17
8930000001512,P-529322,Khan giay TH True Milk chai 1L,251000,8,Ke A1-05,826,2026-09-16
8930000001513,P-965322,Ca phe G7 hop 200g,131000,96,Ke A3-07,384,2026-07-08
8930000001514,P-794022,Nuoc suoi OMO truyen thong,444000,290,Ke J4-07,509,2026-08-12
8930000001515,P-885408,Banh quy Lavie tiet kiem,226000,139,Ke C1-05,322,2026-08-10
8930000001516,P-862736,Kem danh rang Red Bull tiet kiem,229000,179,Ke I1-08,801,2026-08-25
8930000001517,P-577110,Snack Simply it duong,403000,264,Ke J1-07,133,2026-09-02
8930000001518,P-945619,Kem danh rang Tuong An tiet kiem,210000,200,Ke C2-07,344,2026-07-06
8930000001519,P-853252,Ca phe TH True Milk dam da,206000,176,Ke J5-06,234,2026-09-27
8930000001520,P-503348,Sua tuoi Lifebuoy cao cap,220000,87,Ke C1-03,155,2026-08-27
8930000001521,P-784607,Nuoc mam Sunsilk tiet kiem,234000,224,Ke H4-05,410,2026-09-16
8930000001522,P-172988,Snack Lay's dam da,202000,19,Ke B1-03,287,2026-07-05
8930000001523,P-214532,Nuoc ngot Kinh Do chai 500ml,469000,262,Ke E5-09,654,2026-08-15
8930000001524,P-914992,Banh quy Vinamilk tiet kiem,466000,279,Ke A1-08,602,2026-07-29
8930000001525,P-800280,Dau goi Red Bull truyen thong,256000,291,Ke C2-02,177,2026-07-22
8930000001526,P-914571,Khan giay Maggi chai 500ml,230000,11,Ke E4-03,735,2026-08-12
8930000001527,P-238205,Nuoc suoi Sunlight khong duong,329000,222,Ke B2-02,941,2026-09-12
8930000001528,P-447362,Banh quy Nam Ngu goi 85g,131000,122,Ke H3-04,440,2026-08-20
8930000001529,P-921874,Gia vi Clear chai 1L,446000,277,Ke A4-09,358,2026-07-14
8930000001530,P-284171,Nuoc mam Aquafina loc 4 hop,488000,268,Ke C3-03,126,2026-07-10
8930000001531,P-662628,Nuoc tuong Lifebuoy tiet kiem,122000,262,Ke F3-06,816,2026-08-30
8930000001532,P-916344,Banh quy TH True Milk cao cap,486000,224,Ke E3-06,292,2026-07-12
8930000001533,P-392136,Nuoc giat Lavie truyen thong,77000,105,Ke B1-03,967,2026-09-09
8930000001534,P-812413,Dau an Barona truyen thong,232000,151,Ke I5-08,698,2026-07-16
8930000001535,P-875507,Mi goi Sting can 2L,464000,208,Ke D2-05,660,2026-07-13
8930000001536,P-779112,Nuoc mam Red Bull khong duong,18000,103,Ke I5-07,701,2026-09-12
8930000001537,P-184714,Mi goi Maggi can 2L,184000,11,Ke K5-01,820,2026-09-25
8930000001538,P-942216,Khan giay OMO chai 1L,495000,131,Ke A3-06,731,2026-07-14
8930000001539,P-746781,Tuong ot TH True Milk chai 1L,314000,122,Ke F5-09,849,2026-09-15
8930000001540,P-177101,Nuoc suoi Lay's it duong,172000,122,Ke E1-01,878,2026-07-06
8930000001541,P-991993,Nuoc ngot G7 dam da,369000,207,Ke H4-09,293,2026-07-30
8930000001542,P-749863,Mi goi Comfort chai 1L,179000,93,Ke E3-05,938,2026-07-10
8930000001543,P-616342,Kem danh rang Tuong An loc 4 hop,221000,32,Ke I2-09,900,2026-08-18
8930000001544,P-649414,Mi goi Red Bull hop 200g,320000,116,Ke H5-02,15,2026-07-13
8930000001545,P-328994,Snack Simply cao cap,308000,68,Ke C5-08,983,2026-07-31
8930000001546,P-906233,Nuoc lau san Closeup loc 4 hop,450000,280,Ke G5-07,600,2026-07-28
8930000001547,P-498458,Nuoc lau san Sunsilk khong duong,456000,36,Ke E3-08,592,2026-07-06
8930000001548,P-563031,Dau an Comfort can 2L,56000,145,Ke H2-05,385,2026-09-04
8930000001549,P-377319,Banh quy OMO dam da,444000,281,Ke G3-03,274,2026-09-17
8930000001550,P-236014,Tuong ot Comfort goi 85g,335000,120,Ke J4-03,533,2026-09-03
8930000001551,P-245095,Hat nem Oishi tiet kiem,55000,82,Ke B5-08,30,2026-08-14
8930000001552,P-350021,Nuoc mam Maggi hop 200g,110000,93,Ke I5-01,728,2026-07-22
8930000001553,P-285186,Nuoc tuong Barona it duong,88000,79,Ke B1-02,15,2026-09-10
8930000001554,P-745830,Hat nem Chin-su huong vi tu nhien,11000,37,Ke I4-08,444,2026-08-16
8930000001555,P-710527,Nuoc ngot TH True Milk huong vi tu nhien,263000,290,Ke K4-07,124,2026-10-02
8930000001556,P-554059,Nuoc tuong Kinh Do loc 4 hop,99000,195,Ke G1-05,63,2026-09-03
8930000001557,P-445200,Nuoc tuong Knorr chai 500ml,335000,129,Ke K1-09,773,2026-09-27
8930000001558,P-217996,Nuoc xa Tuong An chai 1L,403000,286,Ke K2-04,322,2026-08-25
8930000001559,P-741804,Sua tam Sunlight hop 200g,164000,55,Ke A1-04,750,2026-10-01
8930000001560,P-161010,Nuoc giat Comfort tiet kiem,209000,98,Ke A3-05,966,2026-08-22
8930000001561,P-588461,Gia vi Coca Cola can 2L,430000,43,Ke F1-01,446,2026-08-09
8930000001562,P-430738,Dau goi Pepsi loc 4 hop,50000,42,Ke A4-06,306,2026-09-22
8930000001563,P-943737,Mi goi Lifebuoy it duong,147000,5,Ke H5-06,102,2026-08-13
8930000001564,P-213475,Khan giay Comfort hop 200g,140000,245,Ke A5-01,376,2026-07-24
8930000001565,P-143010,Tuong ot Pepsi chai 1L,283000,108,Ke E5-03,386,2026-07-27
8930000001566,P-689849,Gia vi Oishi hop 200g,210000,86,Ke G5-08,803,2026-10-02
8930000001567,P-604923,Nuoc lau san Simply goi 85g,224000,290,Ke I5-02,483,2026-07-28
8930000001568,P-507523,Nuoc xa OMO hop 200g,40000,191,Ke A3-07,184,2026-08-18
8930000001569,P-930724,Nuoc giat Sunlight dam da,294000,237,Ke G1-04,129,2026-10-01
8930000001570,P-534773,Mi goi Omachi chai 1L,454000,188,Ke H5-09,850,2026-09-10
8930000001571,P-867926,Dau goi Vinamilk loc 4 hop,43000,288,Ke A5-06,956,2026-09-16
8930000001572,P-223215,Mi goi OMO can 2L,187000,176,Ke I3-02,471,2026-08-02
8930000001573,P-103161,Nuoc giat Knorr truyen thong,49000,75,Ke H3-07,616,2026-09-10
8930000001574,P-188984,Mi goi Hao Hao goi 85g,347000,287,Ke C3-02,623,2026-07-20
8930000001575,P-336574,Dau goi Omachi chai 1L,139000,95,Ke C2-08,342,2026-07-30
8930000001576,P-853270,Gia vi Kinh Do can 2L,30000,140,Ke F3-03,107,2026-07-25
8930000001577,P-911159,Kem danh rang Closeup loc 4 hop,193000,253,Ke A3-07,798,2026-07-31
8930000001578,P-288667,Dau an Vinamilk hop 200g,75000,69,Ke F4-01,727,2026-07-22
8930000001579,P-427305,Sua tuoi Clear huong vi tu nhien,35000,209,Ke D3-07,281,2026-09-27
8930000001580,P-894348,Nuoc giat Chin-su it duong,426000,74,Ke E4-03,515,2026-09-13
8930000001581,P-748276,Nuoc tuong Lay's chai 500ml,457000,148,Ke A1-02,497,2026-07-29
8930000001582,P-515492,Nuoc lau san Chin-su khong duong,355000,139,Ke H2-02,139,2026-08-11
8930000001583,P-125755,Mi goi Coca Cola goi 85g,476000,196,Ke A4-02,60,2026-08-20
8930000001584,P-504452,Nuoc tuong Colgate truyen thong,388000,35,Ke B1-06,998,2026-10-03
8930000001585,P-456871,Khan giay Chin-su can 2L,456000,60,Ke K1-06,190,2026-08-10
8930000001586,P-388016,Mi goi Clear huong vi tu nhien,383000,190,Ke D4-01,840,2026-07-23
8930000001587,P-979060,Dau an Nam Ngu huong vi tu nhien,19000,241,Ke B4-06,696,2026-10-02
8930000001588,P-234475,Sua tuoi Red Bull loc 4 hop,466000,49,Ke I5-05,575,2026-08-23
8930000001589,P-403859,Ca phe Simply tiet kiem,333000,77,Ke J5-08,423,2026-07-20
8930000001590,P-388792,Nuoc tuong Oishi it duong,445000,216,Ke F2-05,285,2026-08-04
8930000001591,P-324082,Nuoc ngot Pepsi truyen thong,48000,268,Ke C4-04,824,2026-08-25
8930000001592,P-576877,Nuoc tuong Kinh Do it duong,464000,41,Ke A3-06,46,2026-09-14
8930000001593,P-443194,Kem danh rang Sunsilk goi 85g,342000,211,Ke D2-02,479,2026-08-27
8930000001594,P-727086,Tuong ot Maggi tiet kiem,407000,189,Ke H3-09,782,2026-09-03
8930000001595,P-283537,Snack Sunlight khong duong,218000,276,Ke A4-05,558,2026-08-09
8930000001596,P-822794,Banh quy Clear chai 1L,232000,104,Ke J5-04,734,2026-09-01
8930000001597,P-376195,Ca phe Barona goi 85g,260000,104,Ke I3-03,325,2026-09-04
8930000001598,P-350161,Dau goi Barona tiet kiem,467000,157,Ke G2-09,48,2026-08-22
8930000001599,P-834750,Snack TH True Milk can 2L,420000,232,Ke E1-07,368,2026-08-07
8930000001600,P-960307,Khan giay Lavie chai 500ml,43000,191,Ke G2-04,578,2026-09-10
8930000001601,P-874568,Sua tuoi Lay's huong vi tu nhien,279000,175,Ke F1-01,505,2026-07-15
8930000001602,P-205389,Ca phe Clear huong vi tu nhien,344000,57,Ke D1-02,102,2026-08-05
8930000001603,P-281301,Nuoc lau san Coca Cola dam da,310000,14,Ke C3-05,721,2026-08-08
8930000001604,P-165306,Dau goi TH True Milk cao cap,362000,95,Ke C1-07,734,2026-07-16
8930000001605,P-454992,Kem danh rang Barona it duong,164000,142,Ke B2-01,914,2026-09-23
8930000001606,P-127941,Dau an Chin-su can 2L,464000,165,Ke J3-01,10,2026-09-13
8930000001607,P-748665,Sua tam Sunsilk tiet kiem,361000,30,Ke B3-02,345,2026-09-06
8930000001608,P-835395,Nuoc mam Barona chai 500ml,497000,137,Ke H5-06,32,2026-08-08
8930000001609,P-612036,Ca phe TH True Milk can 2L,54000,231,Ke D2-08,609,2026-07-25
8930000001610,P-249644,Banh quy Barona chai 500ml,365000,192,Ke K1-04,682,2026-09-25
8930000001611,P-821590,Banh quy Vinamilk chai 1L,150000,115,Ke E1-04,706,2026-07-21
8930000001612,P-442722,Nuoc ngot Vinamilk loc 4 hop,181000,69,Ke A2-07,46,2026-07-31
8930000001613,P-818113,Khan giay Lifebuoy tiet kiem,148000,37,Ke B5-05,641,2026-07-17
8930000001614,P-276556,Nuoc ngot Simply cao cap,175000,94,Ke I3-06,778,2026-09-02
8930000001615,P-293720,Kem danh rang Closeup hop 200g,177000,80,Ke A3-07,72,2026-09-29
8930000001616,P-122755,Banh quy Pepsi can 2L,294000,300,Ke A1-07,584,2026-08-10
8930000001617,P-834611,Nuoc tuong TH True Milk dam da,282000,203,Ke H4-05,45,2026-07-06
8930000001618,P-479781,Hat nem Red Bull goi 85g,139000,69,Ke D2-05,314,2026-07-21
8930000001619,P-517479,Kem danh rang Sunlight it duong,13000,6,Ke G4-08,386,2026-09-13
8930000001620,P-787326,Snack Lavie huong vi tu nhien,114000,87,Ke K3-01,74,2026-08-01
8930000001621,P-987110,Tuong ot Coca Cola chai 500ml,133000,71,Ke G2-05,108,2026-08-06
8930000001622,P-144894,Nuoc tuong Tuong An khong duong,301000,36,Ke K2-03,224,2026-09-05
8930000001623,P-821673,Ca phe Lavie dam da,38000,12,Ke A5-01,658,2026-08-11
8930000001624,P-794668,Banh quy Aquafina it duong,5000,281,Ke I4-09,259,2026-09-02
8930000001625,P-683347,Sua tuoi Omachi dam da,48000,201,Ke G4-04,813,2026-09-16
8930000001626,P-975427,Khan giay Barona huong vi tu nhien,147000,176,Ke H3-09,808,2026-07-26
8930000001627,P-792267,Nuoc giat Lavie hop 200g,443000,100,Ke B2-07,319,2026-09-12
8930000001628,P-818894,Dau goi TH True Milk it duong,491000,128,Ke G2-01,905,2026-07-07
8930000001629,P-867934,Dau an Sting chai 500ml,184000,271,Ke C1-05,473,2026-08-05
8930000001630,P-516224,Sua tuoi Lifebuoy hop 200g,67000,5,Ke H1-02,820,2026-08-20
8930000001631,P-762398,Nuoc mam Simply truyen thong,387000,286,Ke A2-04,441,2026-07-06
8930000001632,P-920934,Nuoc mam Hao Hao cao cap,410000,92,Ke B3-09,804,2026-09-18
8930000001633,P-846722,Nuoc lau san Oishi can 2L,373000,7,Ke K3-02,444,2026-09-20
8930000001634,P-162549,Nuoc ngot G7 chai 1L,111000,279,Ke F3-09,563,2026-09-23
8930000001635,P-876459,Gia vi Maggi chai 500ml,294000,242,Ke H2-02,390,2026-07-24
8930000001636,P-496922,Nuoc lau san TH True Milk truyen thong,28000,178,Ke D4-09,783,2026-07-06
8930000001637,P-539375,Khan giay Sunlight it duong,37000,285,Ke G5-03,520,2026-07-21
8930000001638,P-556106,Nuoc xa Maggi khong duong,414000,265,Ke E3-05,887,2026-09-27
8930000001639,P-877572,Nuoc ngot G7 khong duong,89000,249,Ke C1-01,181,2026-07-25
8930000001640,P-299405,Tuong ot Lay's loc 4 hop,277000,70,Ke K2-03,678,2026-09-14
8930000001641,P-323404,Banh quy Tuong An dam da,145000,147,Ke H3-04,748,2026-09-17
8930000001642,P-594379,Nuoc lau san Clear dam da,36000,220,Ke F5-04,717,2026-10-02
8930000001643,P-632351,Dau an Clear cao cap,379000,11,Ke C1-04,51,2026-08-29
8930000001644,P-636361,Dau an Simply khong duong,69000,229,Ke H3-03,712,2026-09-20
8930000001645,P-161132,Hat nem Aquafina truyen thong,102000,26,Ke C5-02,427,2026-08-22
8930000001646,P-705474,Banh quy Pepsi loc 4 hop,205000,105,Ke A1-06,732,2026-07-19
8930000001647,P-909652,Hat nem Barona can 2L,236000,240,Ke F4-02,625,2026-07-27
8930000001648,P-930117,Hat nem Omachi tiet kiem,39000,16,Ke K2-02,425,2026-07-08
8930000001649,P-541315,Mi goi Red Bull loc 4 hop,196000,25,Ke C5-09,223,2026-09-18
8930000001650,P-193972,Sua tuoi Tuong An it duong,434000,282,Ke E1-07,401,2026-09-13
8930000001651,P-473095,Dau an Oishi dam da,413000,108,Ke B4-08,14,2026-07-31
8930000001652,P-701800,Banh quy Aquafina chai 1L,288000,193,Ke G4-08,976,2026-09-28
8930000001653,P-380464,Dau goi Simply truyen thong,204000,83,Ke B5-09,823,2026-08-14
8930000001654,P-757629,Kem danh rang Aquafina huong vi tu nhien,158000,151,Ke E3-01,451,2026-08-09
8930000001655,P-461888,Dau goi Nam Ngu cao cap,159000,101,Ke D5-07,352,2026-10-02
8930000001656,P-205885,Ca phe Colgate hop 200g,195000,90,Ke H2-03,866,2026-09-12
8930000001657,P-773870,Dau goi Omachi chai 1L,454000,65,Ke B3-03,261,2026-09-06
8930000001658,P-518309,Sua tam Closeup khong duong,473000,180,Ke K5-06,272,2026-07-09
8930000001659,P-376955,Dau an Hao Hao cao cap,266000,267,Ke K1-09,752,2026-08-01
8930000001660,P-518114,Khan giay Closeup hop 200g,53000,213,Ke C2-05,929,2026-09-23
8930000001661,P-174299,Khan giay Oishi cao cap,197000,139,Ke D2-09,346,2026-09-03
8930000001662,P-369437,Dau an Clear loc 4 hop,487000,240,Ke C3-01,373,2026-07-27
8930000001663,P-381607,Hat nem Simply it duong,136000,108,Ke A2-02,80,2026-07-05
8930000001664,P-869969,Kem danh rang Sunlight cao cap,273000,260,Ke G1-06,736,2026-08-30
8930000001665,P-653349,Kem danh rang Sunlight can 2L,401000,204,Ke J3-08,338,2026-08-06
8930000001666,P-678043,Dau goi Oishi truyen thong,461000,142,Ke K3-04,369,2026-09-03
8930000001667,P-598820,Sua tam Aquafina hop 200g,244000,143,Ke G4-09,391,2026-09-25
8930000001668,P-171603,Sua tam Nam Ngu loc 4 hop,67000,45,Ke C3-05,378,2026-10-01
8930000001669,P-646622,Nuoc tuong Lifebuoy huong vi tu nhien,296000,175,Ke J3-09,89,2026-08-21
8930000001670,P-570616,Nuoc mam Sunsilk chai 1L,308000,78,Ke F3-07,406,2026-08-26
8930000001671,P-532699,Nuoc giat Chin-su dam da,439000,127,Ke A4-05,139,2026-09-03
8930000001672,P-820892,Kem danh rang Sunsilk truyen thong,304000,65,Ke E2-07,125,2026-08-28
8930000001673,P-780840,Banh quy Closeup loc 4 hop,336000,283,Ke J2-04,811,2026-09-13
8930000001674,P-418841,Sua tam Comfort dam da,157000,167,Ke E2-01,463,2026-07-23
8930000001675,P-388078,Sua tam Simply cao cap,397000,239,Ke D1-01,30,2026-07-27
8930000001676,P-338596,Nuoc ngot Red Bull goi 85g,423000,187,Ke C2-02,81,2026-08-17
8930000001677,P-498658,Nuoc tuong Sting dam da,472000,290,Ke E3-03,214,2026-08-18
8930000001678,P-971084,Nuoc suoi Clear khong duong,224000,263,Ke H3-05,864,2026-07-08
8930000001679,P-342675,Nuoc xa TH True Milk dam da,257000,104,Ke K2-01,708,2026-07-28
8930000001680,P-610451,Sua tam OMO chai 500ml,451000,80,Ke D4-08,463,2026-09-17
8930000001681,P-243901,Gia vi Pepsi chai 1L,352000,170,Ke G2-04,479,2026-10-03
8930000001682,P-485896,Nuoc ngot Tuong An huong vi tu nhien,333000,28,Ke K3-03,833,2026-08-08
8930000001683,P-220190,Nuoc tuong Kinh Do huong vi tu nhien,477000,193,Ke F5-01,37,2026-09-30
8930000001684,P-884309,Dau an Red Bull cao cap,94000,70,Ke B3-03,327,2026-08-05
8930000001685,P-104666,Tuong ot Hao Hao chai 1L,16000,159,Ke D5-02,787,2026-09-06
8930000001686,P-700521,Dau goi G7 tiet kiem,324000,49,Ke H2-01,203,2026-09-18
8930000001687,P-799565,Tuong ot Coca Cola hop 200g,180000,184,Ke C5-07,180,2026-09-30
8930000001688,P-414870,Khan giay Colgate khong duong,297000,253,Ke D3-03,736,2026-08-17
8930000001689,P-278794,Khan giay Aquafina cao cap,352000,114,Ke D2-03,154,2026-07-14
8930000001690,P-763984,Nuoc giat Simply truyen thong,318000,102,Ke I5-03,1,2026-08-28
8930000001691,P-622355,Kem danh rang Sunlight can 2L,356000,118,Ke F2-03,232,2026-08-10
8930000001692,P-468623,Sua tam Kinh Do goi 85g,182000,22,Ke H4-02,929,2026-09-27
8930000001693,P-152042,Nuoc tuong Sting huong vi tu nhien,264000,100,Ke G5-08,806,2026-09-18
8930000001694,P-295361,Nuoc lau san OMO khong duong,427000,107,Ke G1-02,14,2026-08-02
8930000001695,P-310922,Nuoc ngot Omachi chai 1L,54000,186,Ke K5-04,914,2026-07-24
8930000001696,P-378258,Nuoc tuong Colgate khong duong,364000,50,Ke H4-05,546,2026-08-31
8930000001697,P-398987,Dau goi Red Bull it duong,169000,231,Ke E2-03,214,2026-09-06
8930000001698,P-755698,Dau an Omachi khong duong,473000,265,Ke A1-05,259,2026-09-14
8930000001699,P-482199,Kem danh rang Nescafe cao cap,442000,294,Ke C2-03,751,2026-08-19
8930000001700,P-685253,Dau goi TH True Milk chai 1L,96000,177,Ke D3-01,921,2026-08-15
8930000001701,P-243423,Hat nem Comfort cao cap,407000,250,Ke D1-02,544,2026-09-26
8930000001702,P-575779,Nuoc suoi Coca Cola cao cap,409000,256,Ke E1-04,6,2026-08-02
8930000001703,P-530859,Snack Simply goi 85g,489000,161,Ke B5-06,152,2026-10-02
8930000001704,P-107574,Mi goi Simply tiet kiem,200000,94,Ke G1-09,803,2026-08-28
8930000001705,P-174852,Dau goi Simply hop 200g,427000,247,Ke K3-07,64,2026-08-24
8930000001706,P-884782,Nuoc suoi OMO can 2L,26000,190,Ke F3-02,818,2026-09-11
8930000001707,P-219550,Mi goi Aquafina dam da,222000,142,Ke B1-06,337,2026-08-10
8930000001708,P-936912,Nuoc suoi Vinamilk hop 200g,480000,51,Ke J4-04,605,2026-08-23
8930000001709,P-158936,Nuoc giat Nescafe can 2L,186000,99,Ke A4-01,830,2026-09-16
8930000001710,P-572908,Sua tuoi Tuong An khong duong,225000,86,Ke K1-02,637,2026-07-12
8930000001711,P-250990,Nuoc xa Hao Hao khong duong,376000,50,Ke C3-02,963,2026-09-08
8930000001712,P-354085,Gia vi Simply tiet kiem,369000,225,Ke J4-08,544,2026-07-23
8930000001713,P-503572,Nuoc giat Coca Cola huong vi tu nhien,292000,272,Ke H2-02,168,2026-08-10
8930000001714,P-915572,Nuoc xa Maggi can 2L,121000,45,Ke J2-03,448,2026-07-12
8930000001715,P-953568,Dau goi Closeup tiet kiem,17000,240,Ke F5-09,547,2026-07-16
8930000001716,P-657783,Nuoc xa Colgate goi 85g,218000,185,Ke D2-05,207,2026-09-19
8930000001717,P-755788,Khan giay Kinh Do cao cap,397000,200,Ke F3-04,31,2026-07-30
8930000001718,P-726928,Gia vi Colgate chai 500ml,96000,124,Ke B2-01,162,2026-09-18
8930000001719,P-261618,Gia vi Kinh Do chai 500ml,434000,17,Ke F4-07,278,2026-08-28
8930000001720,P-120896,Gia vi Colgate can 2L,412000,150,Ke H1-01,1,2026-09-16
8930000001721,P-967611,Sua tam Nescafe can 2L,205000,161,Ke E5-07,508,2026-08-13
8930000001722,P-786393,Ca phe Oishi can 2L,306000,235,Ke E1-07,835,2026-09-08
8930000001723,P-618019,Dau goi Maggi chai 500ml,221000,22,Ke E3-01,23,2026-08-12
8930000001724,P-455556,Hat nem Aquafina chai 500ml,360000,117,Ke H2-01,602,2026-08-15
8930000001725,P-871711,Nuoc suoi Oishi chai 1L,318000,100,Ke H4-02,112,2026-07-14
8930000001726,P-893005,Gia vi Colgate chai 500ml,73000,296,Ke G2-06,210,2026-09-27
8930000001727,P-599397,Kem danh rang Oishi can 2L,371000,9,Ke C3-06,112,2026-09-13
8930000001728,P-457806,Nuoc lau san Chin-su can 2L,214000,110,Ke G3-04,80,2026-08-24
8930000001729,P-454349,Khan giay Knorr goi 85g,320000,291,Ke J3-07,357,2026-08-28
8930000001730,P-372273,Sua tam Closeup chai 1L,129000,157,Ke F3-05,763,2026-09-05
8930000001731,P-654634,Ca phe Lifebuoy loc 4 hop,405000,42,Ke E5-02,405,2026-07-23
8930000001732,P-757667,Khan giay Oishi it duong,388000,129,Ke E3-08,291,2026-09-05
8930000001733,P-563513,Gia vi Maggi loc 4 hop,452000,214,Ke E1-09,777,2026-07-09
8930000001734,P-613234,Nuoc tuong Chin-su khong duong,117000,29,Ke J3-09,430,2026-09-17
8930000001735,P-906527,Khan giay Clear can 2L,373000,116,Ke J5-09,596,2026-08-30
8930000001736,P-874417,Nuoc ngot Simply khong duong,56000,9,Ke J4-03,62,2026-07-07
8930000001737,P-594514,Nuoc mam Hao Hao can 2L,392000,27,Ke H3-05,920,2026-07-29
8930000001738,P-839677,Kem danh rang Nam Ngu loc 4 hop,325000,216,Ke F3-08,819,2026-07-21
8930000001739,P-446747,Dau an Sunlight tiet kiem,67000,24,Ke D1-01,309,2026-08-29
8930000001740,P-156904,Gia vi Pepsi loc 4 hop,198000,37,Ke C5-04,580,2026-09-27
8930000001741,P-239164,Sua tuoi Omachi truyen thong,450000,187,Ke B2-02,208,2026-08-05
8930000001742,P-481884,Snack Sunlight chai 1L,445000,187,Ke I5-07,194,2026-08-22
8930000001743,P-497562,Gia vi Lavie cao cap,349000,246,Ke A5-07,994,2026-09-23
8930000001744,P-842776,Gia vi Lay's it duong,486000,40,Ke E3-09,305,2026-09-09
8930000001745,P-629146,Nuoc suoi Lifebuoy chai 500ml,206000,203,Ke D1-02,228,2026-07-26
8930000001746,P-765095,Nuoc tuong Aquafina huong vi tu nhien,456000,109,Ke E2-04,848,2026-08-12
8930000001747,P-513741,Nuoc mam Barona cao cap,382000,74,Ke A2-04,317,2026-08-06
8930000001748,P-491435,Ca phe Chin-su loc 4 hop,211000,111,Ke K1-01,308,2026-09-04
8930000001749,P-869735,Nuoc giat Lifebuoy hop 200g,215000,263,Ke K4-09,851,2026-09-30
8930000001750,P-451317,Banh quy Nescafe tiet kiem,464000,165,Ke C5-05,390,2026-07-21
8930000001751,P-781113,Banh quy Omachi tiet kiem,337000,50,Ke K4-08,910,2026-08-28
8930000001752,P-785073,Mi goi Sting loc 4 hop,99000,24,Ke E2-06,59,2026-09-14
8930000001753,P-868043,Hat nem Nescafe tiet kiem,408000,192,Ke A2-03,834,2026-07-24
8930000001754,P-267378,Khan giay Tuong An chai 1L,203000,178,Ke C4-06,747,2026-09-13
8930000001755,P-311505,Tuong ot Nam Ngu khong duong,269000,83,Ke J2-01,139,2026-10-01
8930000001756,P-130897,Dau an Lavie chai 1L,296000,60,Ke D2-01,235,2026-10-01
8930000001757,P-445280,Hat nem Nam Ngu loc 4 hop,212000,244,Ke H1-02,686,2026-08-10
8930000001758,P-369125,Nuoc giat Aquafina huong vi tu nhien,227000,223,Ke C4-06,768,2026-08-24
8930000001759,P-706794,Hat nem Maggi truyen thong,32000,93,Ke E3-04,57,2026-09-23
8930000001760,P-986486,Nuoc mam Barona it duong,379000,289,Ke E4-03,240,2026-09-30
8930000001761,P-518582,Tuong ot Tuong An truyen thong,472000,72,Ke A2-09,303,2026-08-06
8930000001762,P-596574,Mi goi OMO hop 200g,417000,13,Ke B4-03,980,2026-09-13
8930000001763,P-155074,Dau an Knorr huong vi tu nhien,454000,196,Ke A4-07,938,2026-08-31
8930000001764,P-883790,Nuoc tuong Sting truyen thong,400000,57,Ke H4-06,844,2026-08-31
8930000001765,P-670792,Sua tam Hao Hao hop 200g,405000,98,Ke E1-07,368,2026-07-14
8930000001766,P-402483,Nuoc tuong Simply goi 85g,449000,230,Ke C4-03,347,2026-07-31
8930000001767,P-858931,Mi goi Chin-su khong duong,165000,25,Ke J3-07,403,2026-07-27
8930000001768,P-553014,Ca phe Lifebuoy loc 4 hop,471000,264,Ke C2-08,255,2026-07-15
8930000001769,P-811257,Tuong ot Sting hop 200g,396000,44,Ke C1-03,86,2026-09-22
8930000001770,P-404309,Banh quy Hao Hao goi 85g,237000,267,Ke A2-06,704,2026-07-25
8930000001771,P-594681,Sua tam OMO truyen thong,317000,30,Ke K1-08,875,2026-09-27
8930000001772,P-361993,Nuoc xa Knorr truyen thong,21000,120,Ke J2-06,106,2026-07-20
8930000001773,P-796405,Khan giay Lay's loc 4 hop,358000,186,Ke C5-06,752,2026-09-19
8930000001774,P-766275,Nuoc xa Hao Hao khong duong,92000,77,Ke H4-05,255,2026-09-05
8930000001775,P-315173,Nuoc tuong Sting khong duong,86000,15,Ke F3-03,147,2026-09-19
8930000001776,P-382602,Dau goi Chin-su chai 1L,350000,169,Ke K3-07,870,2026-09-09
8930000001777,P-811875,Tuong ot Clear truyen thong,3000,281,Ke D2-05,301,2026-08-26
8930000001778,P-393880,Nuoc giat Maggi huong vi tu nhien,159000,262,Ke I4-09,613,2026-07-21
8930000001779,P-359535,Snack Vinamilk loc 4 hop,240000,15,Ke C1-06,628,2026-07-08
8930000001780,P-865175,Dau goi Sunsilk goi 85g,353000,183,Ke B5-06,194,2026-07-08
8930000001781,P-214119,Nuoc giat Red Bull loc 4 hop,322000,98,Ke G4-04,163,2026-07-19
8930000001782,P-525110,Snack Pepsi it duong,140000,99,Ke H4-08,326,2026-09-12
8930000001783,P-770718,Nuoc mam Barona chai 500ml,293000,83,Ke A4-02,907,2026-08-13
8930000001784,P-575679,Kem danh rang Nescafe dam da,75000,73,Ke A3-03,154,2026-07-20
8930000001785,P-340044,Ca phe Hao Hao dam da,168000,215,Ke D1-03,605,2026-08-24
8930000001786,P-970206,Snack Sunsilk cao cap,361000,210,Ke D4-04,474,2026-07-10
8930000001787,P-885884,Dau an Colgate chai 1L,91000,156,Ke K2-01,441,2026-08-16
8930000001788,P-666390,Mi goi Lavie cao cap,135000,268,Ke A5-06,99,2026-09-09
8930000001789,P-155337,Tuong ot Clear dam da,117000,280,Ke A1-05,587,2026-07-27
8930000001790,P-170634,Hat nem Lifebuoy khong duong,35000,47,Ke C2-02,972,2026-09-11
8930000001791,P-721748,Mi goi Aquafina truyen thong,154000,266,Ke K1-06,551,2026-09-14
8930000001792,P-982554,Sua tam Nescafe chai 1L,277000,260,Ke G3-01,106,2026-07-21
8930000001793,P-869295,Nuoc ngot G7 chai 500ml,137000,289,Ke I1-07,316,2026-08-25
8930000001794,P-769320,Dau an Comfort cao cap,3000,26,Ke G2-09,937,2026-08-01
8930000001795,P-138328,Nuoc giat Colgate goi 85g,248000,130,Ke F5-06,794,2026-08-15
8930000001796,P-715643,Dau goi Knorr chai 1L,386000,164,Ke B5-07,741,2026-09-17
8930000001797,P-632280,Tuong ot Knorr cao cap,95000,62,Ke J2-07,828,2026-09-15
8930000001798,P-483588,Nuoc mam Kinh Do it duong,96000,13,Ke E1-01,291,2026-09-13
8930000001799,P-711324,Khan giay Tuong An goi 85g,114000,62,Ke E4-09,939,2026-07-23
8930000001800,P-933635,Nuoc ngot Kinh Do can 2L,444000,233,Ke C4-05,589,2026-07-07
8930000001801,P-433632,Nuoc lau san Hao Hao cao cap,85000,268,Ke D1-09,20,2026-09-26
8930000001802,P-712982,Hat nem Maggi chai 1L,219000,214,Ke A2-01,63,2026-10-03
8930000001803,P-618119,Kem danh rang Barona it duong,385000,87,Ke I3-04,557,2026-08-14
8930000001804,P-538967,Tuong ot Sunlight dam da,4000,169,Ke K1-06,829,2026-09-11
8930000001805,P-646313,Nuoc suoi Simply goi 85g,463000,125,Ke I1-06,566,2026-07-07
8930000001806,P-532322,Nuoc mam Barona chai 1L,434000,92,Ke K5-01,61,2026-08-07
8930000001807,P-194682,Dau goi Nescafe truyen thong,224000,88,Ke H4-04,878,2026-09-04
8930000001808,P-702593,Nuoc mam Sunlight goi 85g,458000,110,Ke I5-07,689,2026-09-07
8930000001809,P-674416,Tuong ot Comfort can 2L,211000,47,Ke I3-02,904,2026-07-15
8930000001810,P-712011,Nuoc tuong Barona tiet kiem,387000,211,Ke C4-08,107,2026-09-02
8930000001811,P-947732,Sua tam Nescafe loc 4 hop,497000,60,Ke A1-04,158,2026-07-11
8930000001812,P-685066,Nuoc lau san OMO khong duong,105000,120,Ke J2-02,689,2026-07-26
8930000001813,P-460234,Nuoc lau san Clear it duong,181000,100,Ke H5-02,541,2026-08-03
8930000001814,P-256175,Snack Lifebuoy tiet kiem,379000,15,Ke G4-08,394,2026-09-21
8930000001815,P-237174,Banh quy Pepsi tiet kiem,325000,194,Ke J2-01,650,2026-07-27
8930000001816,P-503380,Nuoc lau san Hao Hao cao cap,419000,141,Ke D1-03,478,2026-07-18
8930000001817,P-273899,Nuoc giat Pepsi dam da,238000,262,Ke B3-07,593,2026-07-27
8930000001818,P-992717,Hat nem Nescafe truyen thong,156000,184,Ke K4-03,752,2026-07-09
8930000001819,P-737107,Sua tuoi Lifebuoy truyen thong,80000,205,Ke G3-07,546,2026-08-15
8930000001820,P-699704,Nuoc mam Lay's chai 500ml,297000,53,Ke C3-08,209,2026-08-25
8930000001821,P-275741,Khan giay G7 hop 200g,292000,88,Ke F3-04,616,2026-08-30
8930000001822,P-483542,Sua tam Colgate cao cap,7000,232,Ke E2-01,455,2026-08-30
8930000001823,P-863336,Nuoc xa Omachi tiet kiem,319000,215,Ke G5-05,64,2026-08-08
8930000001824,P-494763,Gia vi Lay's chai 1L,251000,16,Ke I1-09,800,2026-07-19
8930000001825,P-325772,Nuoc giat Knorr cao cap,351000,259,Ke E5-06,702,2026-07-16
8930000001826,P-340062,Gia vi Knorr chai 1L,144000,43,Ke I2-09,867,2026-08-26
8930000001827,P-550089,Nuoc ngot Pepsi can 2L,127000,152,Ke H5-06,211,2026-08-13
8930000001828,P-365953,Gia vi Nescafe tiet kiem,276000,59,Ke G3-09,28,2026-08-31
8930000001829,P-267753,Ca phe Lavie huong vi tu nhien,408000,90,Ke K5-07,896,2026-10-02
8930000001830,P-139704,Snack Chin-su dam da,430000,21,Ke C4-03,984,2026-08-06
8930000001831,P-825309,Banh quy Coca Cola chai 1L,151000,288,Ke J1-01,860,2026-07-26
8930000001832,P-387782,Nuoc mam Tuong An goi 85g,429000,134,Ke F5-02,788,2026-09-05
8930000001833,P-648177,Sua tuoi Nescafe goi 85g,296000,289,Ke D1-06,494,2026-08-25
8930000001834,P-524533,Nuoc tuong Nescafe it duong,319000,247,Ke E1-09,355,2026-08-11
8930000001835,P-922072,Hat nem Vinamilk khong duong,476000,233,Ke F1-01,0,2026-09-06
8930000001836,P-843007,Banh quy Closeup chai 500ml,371000,204,Ke K4-02,606,2026-07-19
8930000001837,P-471496,Kem danh rang Colgate it duong,11000,188,Ke G3-02,571,2026-08-31
8930000001838,P-658388,Gia vi Nam Ngu can 2L,280000,155,Ke G4-01,514,2026-08-03
8930000001839,P-301224,Sua tuoi Colgate dam da,274000,246,Ke C4-01,31,2026-09-19
8930000001840,P-300337,Tuong ot Pepsi chai 500ml,457000,67,Ke A2-05,940,2026-08-27
8930000001841,P-567604,Ca phe Tuong An khong duong,310000,27,Ke G4-05,681,2026-08-21
8930000001842,P-207629,Sua tam Nescafe chai 1L,422000,196,Ke C3-01,386,2026-09-15
8930000001843,P-476710,Dau an Hao Hao chai 500ml,469000,181,Ke J5-07,893,2026-08-03
8930000001844,P-242736,Dau an Lavie chai 1L,396000,96,Ke C2-02,623,2026-10-02
8930000001845,P-410833,Snack Simply it duong,480000,155,Ke H1-05,510,2026-08-25
8930000001846,P-895284,Nuoc xa Maggi chai 1L,158000,282,Ke E3-06,611,2026-09-05
8930000001847,P-979269,Khan giay Pepsi chai 500ml,90000,54,Ke D5-04,320,2026-10-03
8930000001848,P-966286,Nuoc xa Comfort dam da,499000,75,Ke E3-06,223,2026-09-20
8930000001849,P-913308,Nuoc mam Lifebuoy hop 200g,31000,6,Ke D4-03,674,2026-09-10
8930000001850,P-497519,Mi goi Barona dam da,478000,246,Ke D2-08,506,2026-09-13
8930000001851,P-747736,Sua tam Sunsilk loc 4 hop,277000,284,Ke D5-06,569,2026-08-23
8930000001852,P-552825,Snack Nescafe chai 500ml,90000,97,Ke J3-03,697,2026-08-20
8930000001853,P-678115,Dau an Lifebuoy chai 500ml,54000,212,Ke B5-06,500,2026-08-17
8930000001854,P-862400,Khan giay Kinh Do can 2L,37000,33,Ke F1-09,872,2026-07-14
8930000001855,P-380901,Banh quy Aquafina loc 4 hop,309000,52,Ke E4-08,314,2026-08-30
8930000001856,P-659572,Nuoc xa Simply tiet kiem,190000,114,Ke F2-05,448,2026-07-28
8930000001857,P-221703,Ca phe Hao Hao tiet kiem,435000,241,Ke B3-05,719,2026-07-22
8930000001858,P-779094,Nuoc giat Nam Ngu loc 4 hop,151000,109,Ke A3-04,500,2026-07-30
8930000001859,P-525505,Nuoc tuong Vinamilk it duong,102000,68,Ke I2-07,85,2026-09-25
8930000001860,P-718990,Tuong ot Simply cao cap,269000,98,Ke G1-09,485,2026-07-31
8930000001861,P-449773,Nuoc tuong Maggi khong duong,418000,290,Ke B3-03,491,2026-07-26
8930000001862,P-993085,Nuoc xa Nam Ngu huong vi tu nhien,149000,289,Ke G2-06,700,2026-09-25
8930000001863,P-888996,Snack Chin-su dam da,230000,161,Ke G3-04,948,2026-08-23
8930000001864,P-831510,Hat nem Red Bull tiet kiem,415000,267,Ke A1-09,578,2026-09-20
8930000001865,P-799233,Kem danh rang Pepsi cao cap,247000,101,Ke E3-07,508,2026-09-22
8930000001866,P-587686,Nuoc xa Sting truyen thong,196000,88,Ke J4-02,317,2026-09-05
8930000001867,P-680099,Tuong ot Comfort chai 1L,72000,299,Ke E4-07,268,2026-08-21
8930000001868,P-372427,Banh quy Lay's hop 200g,297000,19,Ke A1-01,545,2026-07-19
8930000001869,P-315161,Nuoc tuong Lavie can 2L,119000,300,Ke A5-04,852,2026-07-08
8930000001870,P-725173,Snack Chin-su dam da,363000,48,Ke I5-07,679,2026-07-29
8930000001871,P-877714,Ca phe Maggi loc 4 hop,90000,155,Ke G3-09,795,2026-07-29
8930000001872,P-127529,Ca phe Lay's tiet kiem,483000,239,Ke J3-08,174,2026-07-24
8930000001873,P-493696,Kem danh rang Comfort tiet kiem,458000,256,Ke F5-06,772,2026-07-29
8930000001874,P-476167,Dau an G7 truyen thong,59000,31,Ke C2-02,451,2026-07-21
8930000001875,P-147504,Nuoc giat Clear goi 85g,314000,42,Ke C3-09,553,2026-09-09
8930000001876,P-710434,Khan giay Barona can 2L,463000,46,Ke H1-06,768,2026-07-21
8930000001877,P-369836,Nuoc lau san Knorr loc 4 hop,476000,173,Ke B3-04,435,2026-08-01
8930000001878,P-949153,Nuoc mam G7 chai 1L,270000,58,Ke B2-04,653,2026-09-30
8930000001879,P-806707,Tuong ot G7 goi 85g,177000,227,Ke I1-02,591,2026-09-02
8930000001880,P-113390,Khan giay Red Bull goi 85g,43000,145,Ke F5-01,908,2026-10-01
8930000001881,P-633036,Khan giay Closeup truyen thong,296000,90,Ke B4-08,590,2026-09-27
8930000001882,P-992288,Kem danh rang Lavie khong duong,289000,222,Ke G5-04,226,2026-08-17
8930000001883,P-563303,Mi goi Colgate cao cap,163000,263,Ke I1-08,984,2026-10-02
8930000001884,P-532373,Snack Nam Ngu khong duong,347000,207,Ke A1-02,589,2026-09-03
8930000001885,P-611552,Gia vi Kinh Do huong vi tu nhien,130000,277,Ke C5-08,314,2026-09-16
8930000001886,P-985249,Snack Aquafina dam da,127000,223,Ke A5-01,706,2026-07-28
8930000001887,P-375504,Snack Comfort goi 85g,411000,56,Ke I1-01,290,2026-08-23
8930000001888,P-282664,Banh quy Maggi khong duong,156000,113,Ke H2-07,71,2026-08-21
8930000001889,P-542226,Nuoc lau san Red Bull it duong,197000,210,Ke C4-02,222,2026-07-07
8930000001890,P-378517,Kem danh rang G7 truyen thong,309000,210,Ke J2-04,361,2026-09-03
8930000001891,P-175576,Khan giay TH True Milk truyen thong,6000,175,Ke I3-07,92,2026-08-18
8930000001892,P-761701,Ca phe Sting cao cap,129000,49,Ke K3-07,840,2026-08-16
8930000001893,P-347459,Hat nem Oishi can 2L,293000,100,Ke F3-02,103,2026-08-16
8930000001894,P-281043,Ca phe Simply chai 1L,492000,26,Ke K2-09,932,2026-09-03
8930000001895,P-506313,Nuoc xa Red Bull khong duong,236000,19,Ke C5-07,784,2026-07-12
8930000001896,P-385765,Dau goi Pepsi huong vi tu nhien,178000,132,Ke E2-09,84,2026-08-16
8930000001897,P-398505,Nuoc suoi Tuong An dam da,421000,216,Ke B1-02,638,2026-07-06
8930000001898,P-218661,Nuoc giat Lavie cao cap,459000,109,Ke F5-05,419,2026-08-31
8930000001899,P-491225,Banh quy Aquafina dam da,22000,101,Ke K5-09,1,2026-09-16
8930000001900,P-283568,Nuoc xa Nam Ngu huong vi tu nhien,138000,78,Ke H4-04,432,2026-09-16
8930000001901,P-204721,Nuoc lau san Sunlight dam da,137000,137,Ke K3-08,118,2026-07-28
8930000001902,P-375581,Gia vi Simply hop 200g,165000,113,Ke A5-07,588,2026-09-28
8930000001903,P-139673,Sua tam Red Bull chai 1L,136000,6,Ke J2-03,517,2026-07-27
8930000001904,P-226451,Nuoc suoi Lay's goi 85g,235000,143,Ke F3-02,876,2026-07-05
8930000001905,P-266931,Hat nem Comfort tiet kiem,171000,280,Ke H2-08,126,2026-08-06
8930000001906,P-209680,Nuoc suoi Maggi it duong,13000,222,Ke I5-02,807,2026-09-20
8930000001907,P-686075,Dau goi Comfort loc 4 hop,400000,22,Ke D3-04,604,2026-07-31
8930000001908,P-256389,Nuoc lau san Maggi dam da,262000,257,Ke D5-08,453,2026-07-12
8930000001909,P-622669,Kem danh rang G7 it duong,377000,124,Ke D4-05,779,2026-08-04
8930000001910,P-223224,Nuoc giat Vinamilk loc 4 hop,51000,124,Ke A5-01,637,2026-09-19
8930000001911,P-228093,Kem danh rang Nam Ngu goi 85g,425000,219,Ke A2-09,130,2026-08-14
8930000001912,P-801978,Dau an Aquafina loc 4 hop,406000,90,Ke A3-02,670,2026-09-12
8930000001913,P-257131,Hat nem Maggi dam da,315000,22,Ke K3-08,472,2026-09-16
8930000001914,P-203396,Sua tuoi Tuong An tiet kiem,146000,38,Ke A1-08,706,2026-07-20
8930000001915,P-805200,Nuoc suoi Hao Hao hop 200g,113000,86,Ke E3-04,860,2026-07-25
8930000001916,P-543973,Mi goi TH True Milk hop 200g,250000,163,Ke B2-03,768,2026-08-29
8930000001917,P-505116,Nuoc tuong Sting huong vi tu nhien,303000,290,Ke H2-07,261,2026-07-22
8930000001918,P-939930,Sua tam Nam Ngu khong duong,93000,196,Ke B4-05,812,2026-09-15
8930000001919,P-601365,Nuoc mam Knorr huong vi tu nhien,138000,114,Ke C4-02,110,2026-07-27
8930000001920,P-961722,Khan giay TH True Milk huong vi tu nhien,101000,161,Ke G5-07,101,2026-07-07
8930000001921,P-864201,Dau goi Nam Ngu huong vi tu nhien,246000,11,Ke C5-07,459,2026-07-07
8930000001922,P-629903,Nuoc mam TH True Milk khong duong,401000,22,Ke A5-06,798,2026-09-03
8930000001923,P-316773,Dau goi Maggi tiet kiem,215000,74,Ke B5-06,201,2026-08-12
8930000001924,P-157187,Nuoc tuong Oishi huong vi tu nhien,8000,178,Ke H4-06,30,2026-09-26
8930000001925,P-720515,Nuoc ngot Red Bull it duong,72000,175,Ke J1-01,817,2026-08-05
8930000001926,P-973294,Tuong ot Lay's can 2L,48000,102,Ke A4-03,164,2026-09-22
8930000001927,P-605139,Nuoc ngot Nam Ngu goi 85g,419000,199,Ke J1-09,483,2026-09-24
8930000001928,P-809570,Dau goi Red Bull khong duong,98000,66,Ke A3-06,891,2026-07-05
8930000001929,P-107459,Nuoc suoi Clear chai 1L,408000,62,Ke H1-03,560,2026-09-25
8930000001930,P-613707,Nuoc xa Comfort huong vi tu nhien,235000,136,Ke E2-07,55,2026-09-15
8930000001931,P-127645,Hat nem Sunsilk loc 4 hop,153000,72,Ke C3-03,95,2026-07-13
8930000001932,P-214576,Dau goi Vinamilk khong duong,178000,97,Ke D5-05,773,2026-09-23
8930000001933,P-705445,Dau an Clear cao cap,376000,13,Ke J3-05,759,2026-08-07
8930000001934,P-495490,Nuoc xa Maggi khong duong,195000,16,Ke D2-07,656,2026-07-15
8930000001935,P-946309,Kem danh rang Lavie dam da,118000,71,Ke H4-02,667,2026-08-05
8930000001936,P-893188,Khan giay Comfort loc 4 hop,371000,290,Ke A2-05,970,2026-08-20
8930000001937,P-384111,Kem danh rang Oishi goi 85g,182000,62,Ke G1-03,108,2026-09-20
8930000001938,P-336633,Gia vi Closeup dam da,166000,279,Ke J1-03,824,2026-08-09
8930000001939,P-622230,Nuoc tuong Maggi chai 1L,390000,151,Ke J5-07,261,2026-08-03
8930000001940,P-567429,Nuoc tuong Pepsi tiet kiem,452000,268,Ke K4-03,219,2026-08-05
8930000001941,P-647967,Dau goi TH True Milk huong vi tu nhien,259000,274,Ke E3-08,265,2026-09-30
8930000001942,P-681343,Nuoc lau san Clear it duong,227000,290,Ke B5-02,585,2026-09-29
8930000001943,P-344146,Nuoc xa Knorr hop 200g,436000,295,Ke C1-07,307,2026-09-28
8930000001944,P-237509,Banh quy Coca Cola hop 200g,380000,275,Ke D4-03,853,2026-09-08
8930000001945,P-821175,Snack Simply loc 4 hop,279000,142,Ke I4-05,459,2026-09-28
8930000001946,P-350921,Nuoc lau san Chin-su dam da,117000,298,Ke I4-06,280,2026-08-09
8930000001947,P-761820,Nuoc mam Omachi truyen thong,441000,9,Ke C1-03,204,2026-08-02
8930000001948,P-320281,Dau an Sunlight huong vi tu nhien,186000,173,Ke A2-04,2,2026-09-26
8930000001949,P-592296,Sua tuoi Vinamilk goi 85g,268000,197,Ke D3-07,464,2026-09-03
8930000001950,P-133276,Gia vi Hao Hao hop 200g,5000,6,Ke I5-02,124,2026-09-01
8930000001951,P-947935,Nuoc ngot Coca Cola tiet kiem,4000,16,Ke J1-07,581,2026-07-15
8930000001952,P-384459,Dau an Comfort it duong,74000,258,Ke D4-09,967,2026-07-22
8930000001953,P-288744,Nuoc giat Clear truyen thong,319000,27,Ke G1-09,814,2026-08-21
8930000001954,P-787603,Ca phe Nescafe dam da,485000,285,Ke G4-05,397,2026-09-02
8930000001955,P-476353,Banh quy TH True Milk huong vi tu nhien,474000,268,Ke E2-04,444,2026-09-18
8930000001956,P-354854,Nuoc ngot Clear it duong,490000,233,Ke B1-09,903,2026-09-23
8930000001957,P-663750,Snack Kinh Do cao cap,312000,289,Ke K3-05,337,2026-07-31
8930000001958,P-698128,Dau an Sunsilk hop 200g,495000,163,Ke C1-04,651,2026-08-31
8930000001959,P-899776,Sua tuoi Kinh Do chai 500ml,107000,170,Ke D3-07,420,2026-09-30
8930000001960,P-838793,Nuoc giat Lavie chai 1L,486000,299,Ke J5-05,290,2026-07-21
8930000001961,P-551504,Nuoc suoi Sunlight chai 1L,224000,231,Ke C1-02,59,2026-07-25
8930000001962,P-772875,Dau an Tuong An cao cap,372000,13,Ke C5-02,705,2026-07-31
8930000001963,P-126146,Dau an Barona khong duong,337000,118,Ke I4-05,991,2026-10-03
8930000001964,P-172306,Dau an Maggi chai 1L,75000,22,Ke I3-09,908,2026-09-25
8930000001965,P-870033,Nuoc xa Tuong An truyen thong,169000,74,Ke H2-06,652,2026-09-09
8930000001966,P-621691,Sua tam Knorr khong duong,489000,118,Ke F4-01,8,2026-08-27
8930000001967,P-491329,Mi goi Chin-su hop 200g,51000,291,Ke C5-06,109,2026-07-25
8930000001968,P-296059,Nuoc ngot Closeup chai 1L,483000,40,Ke K2-06,354,2026-07-23
8930000001969,P-563688,Sua tuoi Knorr cao cap,446000,208,Ke B1-01,475,2026-07-18
8930000001970,P-968485,Nuoc mam Simply huong vi tu nhien,138000,223,Ke G1-01,87,2026-09-17
8930000001971,P-929478,Nuoc tuong Simply goi 85g,76000,239,Ke B1-02,740,2026-09-11
8930000001972,P-573639,Tuong ot Maggi khong duong,293000,223,Ke B3-02,128,2026-09-30
8930000001973,P-903061,Nuoc suoi Nescafe truyen thong,194000,10,Ke H4-07,769,2026-08-23
8930000001974,P-275073,Hat nem Comfort tiet kiem,459000,137,Ke E4-01,993,2026-08-25
8930000001975,P-618382,Nuoc mam Maggi khong duong,228000,219,Ke D3-07,845,2026-09-30
8930000001976,P-332873,Nuoc ngot Lay's dam da,173000,126,Ke A3-08,736,2026-07-15
8930000001977,P-380329,Tuong ot Clear loc 4 hop,254000,81,Ke E2-06,571,2026-08-11
8930000001978,P-326665,Mi goi Red Bull chai 1L,276000,91,Ke C3-02,767,2026-07-09
8930000001979,P-347669,Dau an Comfort can 2L,345000,98,Ke G4-01,521,2026-08-14
8930000001980,P-837952,Sua tam Lifebuoy tiet kiem,201000,184,Ke G2-03,282,2026-09-24
8930000001981,P-689318,Khan giay Maggi can 2L,455000,214,Ke I4-09,876,2026-08-30
8930000001982,P-160254,Khan giay Knorr can 2L,242000,46,Ke K2-01,654,2026-09-07
8930000001983,P-892182,Kem danh rang Vinamilk huong vi tu nhien,214000,60,Ke I3-09,579,2026-08-03
8930000001984,P-309146,Ca phe Omachi khong duong,123000,165,Ke E2-05,54,2026-08-25
8930000001985,P-788784,Sua tam Maggi truyen thong,388000,198,Ke I2-02,154,2026-09-22
8930000001986,P-450632,Snack OMO cao cap,224000,134,Ke J3-03,365,2026-09-01
8930000001987,P-930541,Gia vi OMO khong duong,11000,209,Ke K3-05,658,2026-09-22
8930000001988,P-764343,Nuoc ngot Hao Hao cao cap,366000,257,Ke D5-09,82,2026-07-28
8930000001989,P-834435,Dau an Sting it duong,4000,224,Ke D3-04,345,2026-07-09
8930000001990,P-218669,Gia vi OMO loc 4 hop,259000,262,Ke C1-09,529,2026-08-29
8930000001991,P-710805,Gia vi OMO chai 1L,277000,16,Ke G4-05,886,2026-10-01
8930000001992,P-606404,Kem danh rang Sunlight dam da,421000,56,Ke A2-02,164,2026-08-17
8930000001993,P-684384,Ca phe Nam Ngu cao cap,386000,147,Ke B2-04,883,2026-09-30
8930000001994,P-666432,Nuoc ngot Lifebuoy chai 1L,29000,164,Ke J5-07,4,2026-09-03
8930000001995,P-823108,Nuoc xa Omachi dam da,368000,263,Ke G1-01,207,2026-09-13
8930000001996,P-838568,Banh quy Lifebuoy it duong,56000,233,Ke I5-01,82,2026-09-22
8930000001997,P-150026,Nuoc suoi TH True Milk huong vi tu nhien,110000,157,Ke H1-04,109,2026-07-07
8930000001998,P-139569,Nuoc xa Clear dam da,304000,243,Ke K5-07,46,2026-09-20
8930000001999,P-670913,Dau goi Maggi khong duong,392000,186,Ke K5-01,739,2026-07-31
8930000002000,P-170813,Nuoc suoi Hao Hao hop 200g,334000,150,Ke K4-09,336,2026-08-18
8930000002001,P-656379,Sua tuoi Colgate dam da,42000,110,Ke H3-04,345,2026-07-28
8930000002002,P-194769,Nuoc mam Lifebuoy dam da,14000,246,Ke C5-09,692,2026-08-08
8930000002003,P-861200,Nuoc lau san Clear huong vi tu nhien,244000,75,Ke H5-01,732,2026-09-04
8930000002004,P-731264,Nuoc giat Hao Hao chai 1L,57000,223,Ke A5-09,113,2026-07-17
8930000002005,P-352422,Nuoc xa Comfort khong duong,69000,108,Ke K5-07,257,2026-08-03
8930000002006,P-649395,Nuoc xa Sunsilk dam da,277000,106,Ke H3-04,41,2026-08-07
8930000002007,P-305438,Sua tam Nescafe dam da,463000,8,Ke C3-09,15,2026-07-09
8930000002008,P-379963,Nuoc tuong Aquafina tiet kiem,183000,243,Ke I1-01,173,2026-07-12
8930000002009,P-270820,Nuoc suoi Closeup loc 4 hop,102000,74,Ke D4-03,166,2026-09-18
8930000002010,P-725376,Dau goi Oishi huong vi tu nhien,407000,201,Ke J4-09,360,2026-08-06
8930000002011,P-151021,Nuoc suoi Coca Cola cao cap,244000,15,Ke G4-06,67,2026-08-09
8930000002012,P-468145,Khan giay Lifebuoy dam da,128000,300,Ke F2-02,329,2026-09-26
8930000002013,P-704106,Nuoc ngot Comfort chai 1L,461000,157,Ke C4-02,4,2026-08-03
8930000002014,P-803950,Sua tuoi Nam Ngu it duong,189000,28,Ke K5-05,914,2026-09-13
8930000002015,P-529161,Ca phe Sunlight it duong,362000,62,Ke J5-04,591,2026-09-16
8930000002016,P-969948,Ca phe Nescafe loc 4 hop,260000,38,Ke D1-01,308,2026-09-20
8930000002017,P-534753,Sua tam Lay's tiet kiem,417000,43,Ke A3-04,47,2026-09-15
8930000002018,P-182237,Nuoc ngot Aquafina dam da,196000,248,Ke F5-07,715,2026-08-27
8930000002019,P-431067,Dau goi Lifebuoy tiet kiem,128000,123,Ke K5-06,238,2026-08-25
8930000002020,P-160831,Nuoc tuong Kinh Do dam da,4000,171,Ke A1-05,933,2026-08-01
8930000002021,P-336290,Sua tam Tuong An tiet kiem,82000,256,Ke I5-07,876,2026-09-18
8930000002022,P-789558,Snack Red Bull it duong,285000,177,Ke F1-03,559,2026-09-24
8930000002023,P-388586,Nuoc giat Barona can 2L,171000,55,Ke C2-06,783,2026-07-23
8930000002024,P-171744,Nuoc xa G7 dam da,177000,190,Ke E2-07,874,2026-07-14
8930000002025,P-796889,Banh quy Sunsilk cao cap,418000,241,Ke C2-07,19,2026-09-14
8930000002026,P-126596,Ca phe OMO loc 4 hop,225000,194,Ke E4-08,479,2026-09-15
8930000002027,P-678897,Banh quy Aquafina dam da,229000,57,Ke A4-04,62,2026-07-31
8930000002028,P-226882,Nuoc giat Hao Hao chai 500ml,199000,139,Ke K4-09,656,2026-09-04
8930000002029,P-889245,Nuoc xa Closeup truyen thong,34000,115,Ke B4-06,314,2026-09-04
8930000002030,P-183927,Nuoc lau san Vinamilk tiet kiem,98000,231,Ke E1-05,515,2026-08-23
8930000002031,P-528129,Nuoc giat Closeup khong duong,199000,30,Ke C5-03,340,2026-08-31
8930000002032,P-282927,Dau goi Closeup goi 85g,209000,80,Ke H2-09,528,2026-08-26
8930000002033,P-305047,Banh quy Sting chai 1L,222000,133,Ke C1-08,668,2026-08-16
8930000002034,P-394579,Tuong ot Omachi can 2L,487000,39,Ke D3-04,744,2026-07-25
8930000002035,P-477400,Dau goi Red Bull chai 1L,357000,75,Ke F5-03,223,2026-07-28
8930000002036,P-745239,Sua tam Clear goi 85g,430000,248,Ke J1-07,917,2026-07-10
8930000002037,P-604740,Sua tuoi OMO loc 4 hop,267000,272,Ke G5-04,180,2026-09-26
8930000002038,P-484123,Snack Sunsilk chai 500ml,401000,125,Ke E1-06,807,2026-09-30
8930000002039,P-819112,Nuoc lau san Comfort hop 200g,398000,79,Ke H2-07,760,2026-09-23
8930000002040,P-674213,Snack Lay's can 2L,222000,136,Ke A3-04,698,2026-07-12
8930000002041,P-943530,Snack Pepsi can 2L,32000,247,Ke I5-08,511,2026-07-05
8930000002042,P-609232,Snack Aquafina loc 4 hop,84000,228,Ke B5-01,247,2026-07-28
8930000002043,P-505785,Nuoc suoi Omachi khong duong,247000,112,Ke G2-08,746,2026-09-07
8930000002044,P-981639,Nuoc mam TH True Milk truyen thong,93000,94,Ke K2-08,105,2026-09-20
8930000002045,P-481671,Mi goi Comfort can 2L,428000,194,Ke K4-07,621,2026-09-18
8930000002046,P-534303,Nuoc xa Hao Hao chai 1L,87000,34,Ke E2-09,380,2026-09-19
8930000002047,P-977340,Ca phe Tuong An goi 85g,209000,300,Ke I2-01,383,2026-09-11
8930000002048,P-823811,Nuoc ngot Comfort chai 1L,492000,9,Ke D5-03,191,2026-09-30
8930000002049,P-196446,Nuoc mam Clear chai 1L,495000,296,Ke I1-02,911,2026-08-30
8930000002050,P-734086,Nuoc mam Closeup chai 1L,140000,258,Ke B1-07,559,2026-09-30
8930000002051,P-925145,Mi goi Sting can 2L,455000,14,Ke D1-07,946,2026-09-09
8930000002052,P-150931,Nuoc giat Maggi tiet kiem,23000,180,Ke K1-01,298,2026-07-21
8930000002053,P-326441,Tuong ot Nam Ngu khong duong,214000,239,Ke C3-05,385,2026-07-22
8930000002054,P-884225,Hat nem Sunlight dam da,444000,230,Ke C5-05,801,2026-08-08
8930000002055,P-158624,Sua tam Simply goi 85g,5000,281,Ke D5-01,759,2026-08-14
8930000002056,P-182911,Snack Tuong An huong vi tu nhien,83000,184,Ke J5-09,332,2026-09-20
8930000002057,P-888669,Khan giay Simply truyen thong,312000,120,Ke C4-03,776,2026-08-01
8930000002058,P-155663,Nuoc mam Nescafe dam da,84000,298,Ke B4-04,356,2026-07-12
8930000002059,P-624970,Banh quy Knorr tiet kiem,291000,224,Ke A2-07,735,2026-08-11
8930000002060,P-370413,Nuoc giat Coca Cola cao cap,172000,92,Ke H2-09,659,2026-08-26
8930000002061,P-491326,Kem danh rang Nam Ngu hop 200g,253000,140,Ke J5-06,23,2026-08-07
8930000002062,P-210639,Sua tuoi G7 goi 85g,225000,159,Ke A4-08,372,2026-08-12
8930000002063,P-218959,Sua tuoi Chin-su huong vi tu nhien,282000,10,Ke K1-03,609,2026-09-28
8930000002064,P-439813,Nuoc mam Chin-su tiet kiem,42000,195,Ke E2-01,286,2026-08-31
8930000002065,P-257380,Nuoc tuong Oishi huong vi tu nhien,302000,120,Ke C2-06,980,2026-09-09
8930000002066,P-806765,Hat nem Nam Ngu khong duong,6000,90,Ke D3-02,41,2026-09-14
8930000002067,P-105814,Kem danh rang Maggi cao cap,415000,174,Ke F1-02,633,2026-09-05
8930000002068,P-132359,Snack Knorr chai 500ml,410000,22,Ke D4-09,832,2026-07-25
8930000002069,P-200932,Nuoc tuong Knorr truyen thong,404000,111,Ke J2-04,197,2026-09-13
8930000002070,P-709231,Ca phe Sunlight it duong,204000,88,Ke J4-03,7,2026-07-27
8930000002071,P-279451,Sua tuoi Aquafina hop 200g,385000,280,Ke K2-02,129,2026-08-30
8930000002072,P-417003,Nuoc suoi Kinh Do khong duong,453000,34,Ke H3-07,320,2026-07-17
8930000002073,P-434617,Khan giay Lay's khong duong,490000,33,Ke B2-04,990,2026-08-01
8930000002074,P-340860,Dau goi Nam Ngu dam da,249000,240,Ke E5-06,284,2026-09-13
8930000002075,P-601410,Mi goi Barona huong vi tu nhien,199000,98,Ke J3-02,579,2026-09-07
8930000002076,P-257538,Nuoc giat Lavie hop 200g,410000,55,Ke J2-03,405,2026-08-07
8930000002077,P-529068,Mi goi Lifebuoy it duong,54000,251,Ke F2-07,131,2026-08-10
8930000002078,P-726612,Nuoc suoi Red Bull chai 500ml,80000,265,Ke K4-05,392,2026-09-20
8930000002079,P-897441,Dau an Lifebuoy huong vi tu nhien,458000,222,Ke B4-04,27,2026-10-03
8930000002080,P-844031,Gia vi Oishi khong duong,340000,277,Ke E3-03,276,2026-09-26
8930000002081,P-481657,Tuong ot Chin-su truyen thong,57000,37,Ke F2-06,363,2026-10-02
8930000002082,P-748985,Snack Hao Hao loc 4 hop,110000,76,Ke B5-02,306,2026-09-03
8930000002083,P-792984,Banh quy G7 can 2L,251000,241,Ke K2-05,477,2026-07-18
8930000002084,P-944193,Dau an Aquafina truyen thong,382000,133,Ke C2-02,513,2026-07-26
8930000002085,P-327999,Hat nem Lifebuoy loc 4 hop,324000,169,Ke I1-03,753,2026-10-03
8930000002086,P-685466,Ca phe Sunsilk goi 85g,250000,257,Ke A4-08,649,2026-08-16
8930000002087,P-432427,Gia vi Nam Ngu it duong,453000,125,Ke C5-09,440,2026-08-19
8930000002088,P-902156,Nuoc ngot Aquafina hop 200g,485000,34,Ke C3-08,733,2026-07-26
8930000002089,P-753050,Ca phe Pepsi loc 4 hop,32000,271,Ke F5-06,752,2026-07-28
8930000002090,P-778818,Nuoc lau san Nam Ngu truyen thong,280000,92,Ke F4-08,138,2026-08-13
8930000002091,P-596116,Nuoc mam Vinamilk truyen thong,263000,141,Ke G4-03,674,2026-07-21
8930000002092,P-772687,Nuoc mam Aquafina loc 4 hop,476000,115,Ke K3-06,82,2026-07-21
8930000002093,P-888819,Dau goi Chin-su goi 85g,84000,93,Ke C3-01,773,2026-09-20
8930000002094,P-998235,Nuoc tuong Chin-su chai 500ml,376000,212,Ke C3-08,176,2026-07-25
8930000002095,P-703766,Sua tam Nam Ngu hop 200g,392000,133,Ke C1-02,871,2026-09-12
8930000002096,P-975467,Nuoc mam Simply loc 4 hop,47000,152,Ke J5-03,608,2026-10-02
8930000002097,P-732556,Sua tuoi Lay's truyen thong,338000,218,Ke G2-08,40,2026-09-16
8930000002098,P-389666,Sua tam Coca Cola huong vi tu nhien,137000,180,Ke A5-06,440,2026-09-09
8930000002099,P-816751,Nuoc mam Kinh Do can 2L,431000,150,Ke K1-01,734,2026-09-04
8930000002100,P-418672,Khan giay Kinh Do huong vi tu nhien,380000,48,Ke J2-04,379,2026-09-08
8930000002101,P-722665,Nuoc tuong Lay's khong duong,71000,87,Ke E4-02,88,2026-07-20
8930000002102,P-539450,Hat nem Coca Cola huong vi tu nhien,358000,28,Ke G1-09,147,2026-08-05
8930000002103,P-806423,Nuoc xa Closeup huong vi tu nhien,167000,209,Ke E4-02,945,2026-07-08
8930000002104,P-166292,Sua tam Comfort huong vi tu nhien,245000,228,Ke C4-05,223,2026-07-05
8930000002105,P-680278,Nuoc lau san Lifebuoy chai 500ml,8000,12,Ke J3-04,474,2026-09-11
8930000002106,P-960899,Tuong ot Tuong An chai 1L,49000,232,Ke G2-04,689,2026-09-19
8930000002107,P-935981,Tuong ot Sunlight it duong,405000,215,Ke B1-05,289,2026-09-22
8930000002108,P-810250,Sua tam Knorr khong duong,483000,107,Ke B4-06,282,2026-08-28
8930000002109,P-286450,Nuoc ngot Barona truyen thong,103000,240,Ke C4-08,674,2026-08-15
8930000002110,P-115582,Nuoc lau san Aquafina can 2L,489000,220,Ke A4-04,809,2026-09-01
8930000002111,P-611329,Khan giay Knorr khong duong,322000,28,Ke E4-02,484,2026-08-23
8930000002112,P-835343,Snack Hao Hao goi 85g,284000,230,Ke A1-08,634,2026-07-17
8930000002113,P-470711,Gia vi Nam Ngu khong duong,156000,98,Ke A2-05,573,2026-09-05
8930000002114,P-922458,Nuoc giat Knorr loc 4 hop,398000,141,Ke B4-03,224,2026-08-30
8930000002115,P-985364,Kem danh rang Pepsi tiet kiem,174000,105,Ke I4-05,459,2026-07-23
8930000002116,P-939503,Sua tuoi Chin-su chai 500ml,450000,155,Ke I3-04,387,2026-09-16
8930000002117,P-718372,Sua tam Nescafe hop 200g,24000,148,Ke H2-04,528,2026-08-09
8930000002118,P-870214,Nuoc suoi Kinh Do cao cap,9000,6,Ke J3-04,512,2026-08-21
8930000002119,P-226395,Snack Red Bull truyen thong,486000,142,Ke C1-07,743,2026-08-29
8930000002120,P-699121,Hat nem Lavie tiet kiem,305000,13,Ke A5-04,488,2026-07-27
8930000002121,P-762423,Mi goi Tuong An cao cap,221000,30,Ke E4-07,754,2026-09-21
8930000002122,P-516176,Ca phe Simply can 2L,261000,272,Ke E3-04,468,2026-09-27
8930000002123,P-701846,Dau goi Clear chai 1L,45000,282,Ke H3-07,262,2026-08-11
8930000002124,P-636265,Nuoc giat Omachi cao cap,451000,203,Ke D4-09,946,2026-09-25
8930000002125,P-417212,Kem danh rang Closeup loc 4 hop,454000,49,Ke I3-09,764,2026-07-18
8930000002126,P-261562,Gia vi TH True Milk huong vi tu nhien,79000,236,Ke H2-02,11,2026-07-29
8930000002127,P-427679,Ca phe Lavie huong vi tu nhien,360000,237,Ke K5-07,20,2026-08-27
8930000002128,P-839525,Hat nem Aquafina chai 1L,388000,224,Ke A3-01,233,2026-07-05
8930000002129,P-176819,Hat nem Sting loc 4 hop,471000,222,Ke J5-04,216,2026-09-30
8930000002130,P-576786,Dau goi Red Bull cao cap,228000,113,Ke A4-08,717,2026-09-18
8930000002131,P-868677,Nuoc tuong Barona khong duong,96000,98,Ke G4-08,933,2026-07-22
8930000002132,P-223119,Nuoc suoi Sunsilk dam da,317000,13,Ke I4-09,662,2026-07-31
8930000002133,P-136862,Sua tam Lavie it duong,260000,173,Ke K5-01,396,2026-08-04
8930000002134,P-395459,Tuong ot Oishi chai 1L,107000,160,Ke K2-09,710,2026-07-16
8930000002135,P-935471,Nuoc lau san Sunsilk can 2L,207000,17,Ke F3-01,864,2026-07-10
8930000002136,P-163406,Ca phe Oishi khong duong,74000,65,Ke H1-05,663,2026-07-24
8930000002137,P-975763,Sua tam Sunsilk truyen thong,394000,44,Ke I4-08,30,2026-08-12
8930000002138,P-367271,Dau goi Nam Ngu khong duong,432000,36,Ke B4-03,591,2026-07-09
8930000002139,P-612356,Sua tuoi Red Bull it duong,486000,95,Ke I5-02,689,2026-07-23
8930000002140,P-781406,Nuoc tuong Barona khong duong,254000,66,Ke I2-07,719,2026-08-23
8930000002141,P-495129,Tuong ot Sunsilk tiet kiem,122000,242,Ke B4-01,546,2026-08-10
8930000002142,P-674295,Ca phe Lay's loc 4 hop,90000,212,Ke J3-03,30,2026-09-07
8930000002143,P-626560,Gia vi Nescafe cao cap,491000,125,Ke B2-06,309,2026-07-08
8930000002144,P-267414,Khan giay Lifebuoy huong vi tu nhien,60000,149,Ke F5-07,460,2026-09-30
8930000002145,P-733039,Dau goi Lay's khong duong,35000,179,Ke I4-04,2,2026-08-17
8930000002146,P-636561,Nuoc suoi Lay's goi 85g,86000,144,Ke D5-09,760,2026-08-29
8930000002147,P-979249,Hat nem OMO huong vi tu nhien,360000,80,Ke K1-08,742,2026-07-27
8930000002148,P-841535,Nuoc ngot Pepsi can 2L,260000,7,Ke G4-05,679,2026-09-05
8930000002149,P-544815,Nuoc ngot Lavie cao cap,273000,31,Ke B4-05,903,2026-07-21
8930000002150,P-246991,Dau an Maggi cao cap,264000,52,Ke F1-04,962,2026-08-07
8930000002151,P-274044,Banh quy Hao Hao can 2L,30000,84,Ke G3-01,456,2026-09-27
8930000002152,P-680828,Tuong ot Vinamilk goi 85g,325000,281,Ke A5-02,465,2026-09-13
8930000002153,P-623555,Dau goi Omachi goi 85g,87000,217,Ke I2-05,852,2026-08-26
8930000002154,P-659106,Nuoc lau san Lavie tiet kiem,487000,20,Ke K1-08,150,2026-07-29
8930000002155,P-940183,Nuoc lau san Closeup hop 200g,497000,178,Ke J2-08,646,2026-08-29
8930000002156,P-626214,Mi goi Kinh Do chai 1L,279000,6,Ke G5-02,736,2026-07-19
8930000002157,P-927899,Dau goi Sunlight dam da,90000,246,Ke G4-03,15,2026-07-24
8930000002158,P-979988,Banh quy G7 khong duong,433000,13,Ke D5-02,467,2026-09-26
8930000002159,P-678870,Nuoc mam Barona chai 1L,102000,140,Ke E3-04,333,2026-07-19
8930000002160,P-689275,Dau goi Colgate cao cap,97000,134,Ke F5-08,921,2026-10-03
8930000002161,P-460971,Mi goi Chin-su huong vi tu nhien,379000,156,Ke K2-05,166,2026-07-11
8930000002162,P-642060,Kem danh rang Nam Ngu chai 1L,308000,14,Ke J1-03,979,2026-09-05
8930000002163,P-809922,Nuoc giat Aquafina it duong,7000,98,Ke I3-08,414,2026-07-05
8930000002164,P-464032,Banh quy Simply hop 200g,195000,234,Ke A2-05,248,2026-08-16
8930000002165,P-311383,Snack Omachi tiet kiem,459000,162,Ke A3-06,227,2026-07-06
8930000002166,P-557239,Sua tam Tuong An goi 85g,388000,45,Ke I4-06,797,2026-08-29
8930000002167,P-191962,Sua tuoi Simply chai 1L,426000,144,Ke I5-03,121,2026-08-19
8930000002168,P-292811,Gia vi Sting can 2L,130000,270,Ke F3-07,420,2026-09-14
8930000002169,P-611540,Tuong ot Omachi it duong,222000,24,Ke G4-08,618,2026-07-16
8930000002170,P-402820,Nuoc lau san Pepsi loc 4 hop,302000,42,Ke C3-05,580,2026-08-02
8930000002171,P-676429,Nuoc mam Omachi truyen thong,28000,136,Ke C5-09,396,2026-09-10
8930000002172,P-992247,Nuoc mam Pepsi hop 200g,320000,70,Ke A4-07,407,2026-09-24
8930000002173,P-330019,Nuoc giat Barona hop 200g,301000,213,Ke C2-06,386,2026-07-17
8930000002174,P-422722,Gia vi Barona hop 200g,339000,84,Ke J5-09,253,2026-09-06
8930000002175,P-550137,Snack Sunsilk goi 85g,379000,249,Ke G5-09,475,2026-07-05
8930000002176,P-534572,Nuoc xa Sting hop 200g,98000,195,Ke G1-05,124,2026-09-02
8930000002177,P-833723,Nuoc suoi G7 khong duong,28000,272,Ke E5-04,97,2026-08-23
8930000002178,P-349433,Tuong ot Lay's goi 85g,384000,102,Ke J1-03,129,2026-08-13
8930000002179,P-883618,Sua tuoi Vinamilk huong vi tu nhien,462000,39,Ke E3-01,668,2026-07-11
8930000002180,P-153945,Nuoc giat Barona chai 1L,78000,39,Ke E2-01,891,2026-08-28
8930000002181,P-348455,Gia vi Kinh Do it duong,156000,65,Ke A2-09,831,2026-07-22
8930000002182,P-700081,Nuoc xa Lavie khong duong,464000,283,Ke H2-01,605,2026-07-17
8930000002183,P-714483,Nuoc tuong Pepsi cao cap,170000,201,Ke E2-03,303,2026-10-02
8930000002184,P-840951,Snack Lay's truyen thong,335000,82,Ke A5-03,239,2026-08-21
8930000002185,P-100425,Hat nem Vinamilk hop 200g,480000,253,Ke G4-02,637,2026-08-31
8930000002186,P-133958,Nuoc tuong Maggi hop 200g,208000,69,Ke J5-01,664,2026-08-17
8930000002187,P-282085,Dau goi Nescafe khong duong,453000,7,Ke B4-06,251,2026-07-15
8930000002188,P-635618,Sua tuoi Sting hop 200g,212000,214,Ke B5-07,585,2026-08-22
8930000002189,P-219876,Nuoc xa Omachi tiet kiem,394000,153,Ke A3-04,814,2026-08-25
8930000002190,P-754813,Nuoc xa Tuong An dam da,366000,88,Ke F2-02,672,2026-09-09
8930000002191,P-175623,Nuoc xa Closeup hop 200g,164000,212,Ke B1-01,508,2026-08-02
8930000002192,P-281594,Nuoc xa Nam Ngu cao cap,89000,42,Ke H3-01,231,2026-08-11
8930000002193,P-501451,Mi goi Sunsilk hop 200g,393000,96,Ke A2-06,853,2026-07-16
8930000002194,P-922478,Gia vi Lay's truyen thong,39000,106,Ke I4-04,215,2026-08-06
8930000002195,P-971776,Banh quy Nam Ngu loc 4 hop,377000,99,Ke E3-05,866,2026-08-07
8930000002196,P-903013,Ca phe Nescafe hop 200g,3000,143,Ke H4-01,454,2026-07-27
8930000002197,P-173807,Sua tam Sunlight khong duong,399000,120,Ke F1-01,708,2026-08-04
8930000002198,P-946677,Sua tam Lavie dam da,401000,41,Ke H1-09,873,2026-08-19
8930000002199,P-561267,Mi goi Red Bull truyen thong,125000,90,Ke I5-06,80,2026-08-30
8930000002200,P-977057,Kem danh rang Coca Cola it duong,500000,135,Ke A5-02,571,2026-08-19
8930000002201,P-257375,Nuoc lau san Vinamilk chai 500ml,180000,283,Ke B1-06,916,2026-08-07
8930000002202,P-120053,Nuoc suoi Tuong An truyen thong,412000,205,Ke K3-04,616,2026-07-10
8930000002203,P-892453,Nuoc ngot Barona chai 1L,27000,256,Ke H1-01,291,2026-10-02
8930000002204,P-424008,Gia vi Simply tiet kiem,9000,164,Ke F3-02,552,2026-08-29
8930000002205,P-781533,Sua tuoi Sunsilk it duong,312000,284,Ke C2-02,823,2026-07-26
8930000002206,P-410016,Sua tuoi Closeup it duong,304000,200,Ke G2-01,244,2026-07-30
8930000002207,P-906360,Kem danh rang Barona goi 85g,286000,209,Ke K3-01,675,2026-08-08
8930000002208,P-459381,Nuoc tuong Nescafe huong vi tu nhien,80000,205,Ke F2-06,92,2026-08-16
8930000002209,P-725905,Ca phe Lifebuoy chai 1L,366000,110,Ke D2-06,738,2026-08-11
8930000002210,P-777486,Dau an Nam Ngu huong vi tu nhien,480000,102,Ke J4-05,269,2026-10-01
8930000002211,P-958160,Nuoc lau san Barona goi 85g,463000,32,Ke G4-01,517,2026-07-18
8930000002212,P-575718,Nuoc tuong Red Bull huong vi tu nhien,308000,91,Ke A1-02,553,2026-07-07
8930000002213,P-412534,Ca phe Sunlight it duong,43000,52,Ke D2-07,387,2026-09-21
8930000002214,P-450996,Nuoc ngot Lavie goi 85g,144000,288,Ke F5-01,351,2026-09-13
8930000002215,P-699425,Dau goi Simply khong duong,339000,66,Ke B5-07,33,2026-08-27
8930000002216,P-540226,Nuoc giat OMO cao cap,347000,86,Ke C1-06,231,2026-07-19
8930000002217,P-890973,Nuoc xa Closeup huong vi tu nhien,246000,249,Ke E3-05,303,2026-08-03
8930000002218,P-971230,Banh quy Sunlight goi 85g,350000,75,Ke K2-02,454,2026-09-25
8930000002219,P-608223,Ca phe Coca Cola truyen thong,40000,298,Ke F2-05,431,2026-08-02
8930000002220,P-312994,Dau goi Pepsi khong duong,449000,213,Ke C2-06,719,2026-07-22
8930000002221,P-778428,Dau goi Barona huong vi tu nhien,189000,123,Ke A2-07,75,2026-07-27
8930000002222,P-141843,Ca phe Vinamilk khong duong,194000,253,Ke I4-01,221,2026-08-15
8930000002223,P-637450,Nuoc lau san Coca Cola huong vi tu nhien,172000,31,Ke G2-01,405,2026-08-14
8930000002224,P-582992,Hat nem Pepsi huong vi tu nhien,192000,27,Ke C5-02,662,2026-07-14
8930000002225,P-100096,Sua tam Tuong An huong vi tu nhien,322000,284,Ke J1-01,880,2026-09-06
8930000002226,P-312484,Gia vi TH True Milk hop 200g,63000,89,Ke A2-01,146,2026-08-18
8930000002227,P-735163,Dau an Vinamilk hop 200g,137000,178,Ke C2-08,775,2026-08-17
8930000002228,P-698087,Gia vi Sting truyen thong,308000,192,Ke D1-03,992,2026-08-14
8930000002229,P-905459,Banh quy TH True Milk hop 200g,369000,278,Ke G1-03,883,2026-08-05
8930000002230,P-164879,Kem danh rang Barona can 2L,481000,156,Ke K3-05,830,2026-08-30
8930000002231,P-153190,Gia vi Omachi huong vi tu nhien,166000,151,Ke I5-05,710,2026-08-28
8930000002232,P-719531,Snack Simply goi 85g,49000,68,Ke I1-09,123,2026-07-25
8930000002233,P-609597,Khan giay Coca Cola chai 500ml,325000,184,Ke I2-05,907,2026-08-28
8930000002234,P-189913,Snack Coca Cola chai 1L,83000,90,Ke J3-03,126,2026-08-01
8930000002235,P-208304,Khan giay Red Bull huong vi tu nhien,164000,213,Ke G1-04,992,2026-08-12
8930000002236,P-681542,Nuoc ngot OMO chai 1L,433000,76,Ke E5-07,31,2026-08-07
8930000002237,P-270387,Sua tuoi Knorr can 2L,445000,83,Ke G4-01,134,2026-09-08
8930000002238,P-639593,Kem danh rang OMO dam da,190000,263,Ke F1-02,383,2026-09-08
8930000002239,P-582418,Sua tuoi Kinh Do can 2L,120000,51,Ke G4-02,323,2026-08-10
8930000002240,P-409531,Banh quy Aquafina goi 85g,228000,297,Ke A3-03,183,2026-09-01
8930000002241,P-525051,Ca phe Kinh Do it duong,128000,172,Ke E4-05,57,2026-07-05
8930000002242,P-592738,Dau goi Tuong An truyen thong,384000,192,Ke D1-06,711,2026-08-05
8930000002243,P-489737,Gia vi TH True Milk chai 500ml,373000,240,Ke B5-02,776,2026-07-13
8930000002244,P-301939,Nuoc lau san Colgate hop 200g,275000,208,Ke G3-07,594,2026-09-06
8930000002245,P-478221,Sua tam Lavie chai 1L,456000,68,Ke I2-04,902,2026-08-23
8930000002246,P-218152,Khan giay Red Bull loc 4 hop,324000,291,Ke H4-09,977,2026-10-03
8930000002247,P-825423,Kem danh rang Closeup can 2L,28000,100,Ke D4-08,820,2026-09-22
8930000002248,P-573039,Nuoc tuong Tuong An it duong,441000,8,Ke K1-03,167,2026-09-30
8930000002249,P-265146,Khan giay Aquafina chai 1L,253000,128,Ke D2-03,706,2026-07-05
8930000002250,P-837715,Khan giay Lifebuoy can 2L,111000,73,Ke D5-07,296,2026-08-31
8930000002251,P-959222,Banh quy Chin-su goi 85g,474000,73,Ke F2-03,835,2026-08-14
8930000002252,P-491439,Nuoc giat Coca Cola hop 200g,443000,100,Ke E2-08,484,2026-09-03
8930000002253,P-393328,Khan giay Barona truyen thong,84000,119,Ke I3-03,47,2026-09-16
8930000002254,P-710754,Hat nem Closeup khong duong,14000,299,Ke B3-01,66,2026-08-10
8930000002255,P-876039,Khan giay Nam Ngu it duong,392000,94,Ke I3-05,141,2026-09-06
8930000002256,P-660384,Ca phe Red Bull cao cap,39000,273,Ke C5-01,818,2026-07-09
8930000002257,P-938202,Nuoc xa Lavie chai 500ml,444000,48,Ke F3-06,129,2026-08-15
8930000002258,P-182954,Banh quy Barona can 2L,168000,228,Ke J5-02,206,2026-07-25
8930000002259,P-471136,Hat nem Hao Hao huong vi tu nhien,4000,206,Ke E2-04,689,2026-09-14
8930000002260,P-408467,Nuoc mam Sunsilk tiet kiem,224000,82,Ke C4-08,478,2026-08-05
8930000002261,P-999197,Tuong ot Nam Ngu dam da,215000,264,Ke A4-07,950,2026-08-26
8930000002262,P-117007,Nuoc xa Vinamilk tiet kiem,229000,6,Ke D5-06,53,2026-09-03
8930000002263,P-606186,Dau goi OMO huong vi tu nhien,174000,165,Ke C5-09,815,2026-08-26
8930000002264,P-267138,Dau an Colgate loc 4 hop,46000,24,Ke K4-05,745,2026-09-27
8930000002265,P-581682,Dau an Maggi can 2L,141000,14,Ke K4-08,800,2026-08-18
8930000002266,P-265271,Nuoc lau san Chin-su chai 1L,235000,220,Ke C3-01,862,2026-08-09
8930000002267,P-681489,Nuoc mam Vinamilk huong vi tu nhien,128000,212,Ke D5-06,649,2026-08-13
8930000002268,P-347625,Nuoc suoi Pepsi truyen thong,39000,149,Ke J4-05,322,2026-07-19
8930000002269,P-470771,Nuoc xa Colgate hop 200g,109000,58,Ke I2-08,766,2026-07-22
8930000002270,P-753323,Nuoc tuong Lifebuoy loc 4 hop,434000,44,Ke E5-09,437,2026-09-29
8930000002271,P-540463,Gia vi Clear hop 200g,458000,166,Ke F1-05,611,2026-07-06
8930000002272,P-801364,Tuong ot Omachi chai 1L,399000,228,Ke E2-03,134,2026-09-05
8930000002273,P-177103,Gia vi Tuong An chai 1L,54000,71,Ke B2-09,599,2026-07-05
8930000002274,P-360221,Nuoc tuong OMO cao cap,41000,58,Ke F5-05,575,2026-08-21
8930000002275,P-827712,Hat nem Tuong An huong vi tu nhien,5000,42,Ke C4-07,759,2026-07-06
8930000002276,P-373791,Nuoc mam Omachi it duong,421000,276,Ke E4-05,176,2026-07-14
8930000002277,P-174268,Nuoc mam Lavie chai 1L,369000,241,Ke I4-02,867,2026-07-30
8930000002278,P-945964,Nuoc lau san G7 khong duong,468000,70,Ke D4-09,658,2026-07-26
8930000002279,P-340932,Nuoc xa TH True Milk chai 500ml,339000,284,Ke E1-07,534,2026-09-27
8930000002280,P-136415,Dau goi Lifebuoy dam da,377000,107,Ke E5-06,410,2026-08-25
8930000002281,P-888295,Nuoc giat Clear hop 200g,309000,279,Ke E4-01,771,2026-07-09
8930000002282,P-734356,Snack G7 chai 1L,354000,232,Ke J3-07,197,2026-07-09
8930000002283,P-927094,Nuoc tuong Simply huong vi tu nhien,441000,232,Ke C2-07,823,2026-09-18
8930000002284,P-975498,Banh quy Comfort goi 85g,33000,298,Ke C4-02,393,2026-08-13
8930000002285,P-253852,Dau an Vinamilk dam da,217000,170,Ke F3-08,700,2026-07-31
8930000002286,P-855562,Sua tam Tuong An chai 500ml,258000,272,Ke G3-06,769,2026-08-19
8930000002287,P-549660,Nuoc xa Aquafina dam da,497000,93,Ke E4-07,281,2026-10-03
8930000002288,P-602985,Sua tuoi TH True Milk chai 1L,271000,233,Ke F5-07,827,2026-07-28
8930000002289,P-170437,Dau an Knorr cao cap,32000,187,Ke B4-07,361,2026-09-01
8930000002290,P-486996,Snack Hao Hao khong duong,92000,136,Ke E3-02,788,2026-07-30
8930000002291,P-867460,Gia vi Lay's can 2L,480000,156,Ke A2-04,206,2026-07-28
8930000002292,P-943356,Sua tam Barona goi 85g,221000,13,Ke I2-06,840,2026-08-04
8930000002293,P-718849,Banh quy Clear dam da,234000,15,Ke D4-04,46,2026-07-16
8930000002294,P-995825,Ca phe OMO loc 4 hop,81000,113,Ke I4-01,177,2026-09-28
8930000002295,P-648141,Snack Clear huong vi tu nhien,279000,278,Ke D1-05,764,2026-09-25
8930000002296,P-402096,Tuong ot Tuong An cao cap,299000,11,Ke J4-02,843,2026-07-18
8930000002297,P-350905,Nuoc xa Lay's can 2L,447000,299,Ke H2-05,344,2026-09-14
8930000002298,P-458955,Nuoc tuong Tuong An dam da,110000,190,Ke G5-05,539,2026-10-02
8930000002299,P-865433,Ca phe Lavie huong vi tu nhien,240000,109,Ke F4-08,306,2026-07-30
8930000002300,P-419625,Sua tuoi Oishi chai 500ml,258000,119,Ke J3-01,909,2026-08-21
8930000002301,P-633590,Gia vi Comfort cao cap,392000,285,Ke A2-07,1,2026-09-12
8930000002302,P-172792,Khan giay Tuong An loc 4 hop,78000,27,Ke D1-06,933,2026-07-28
8930000002303,P-413814,Khan giay Sunsilk khong duong,173000,271,Ke E5-01,479,2026-09-09
8930000002304,P-520651,Ca phe Omachi huong vi tu nhien,119000,54,Ke J4-08,482,2026-08-28
8930000002305,P-121322,Nuoc tuong Pepsi can 2L,188000,192,Ke B3-02,525,2026-08-10
8930000002306,P-848705,Nuoc suoi Barona cao cap,270000,86,Ke D1-09,534,2026-09-17
8930000002307,P-551574,Khan giay Lavie tiet kiem,331000,271,Ke G5-05,108,2026-07-22
8930000002308,P-564687,Sua tam Chin-su it duong,334000,117,Ke C4-01,754,2026-07-13
8930000002309,P-419343,Kem danh rang Clear goi 85g,195000,148,Ke C4-07,858,2026-08-03
8930000002310,P-211642,Ca phe Barona goi 85g,110000,55,Ke H2-01,393,2026-08-13
8930000002311,P-539422,Nuoc mam Comfort hop 200g,112000,49,Ke F1-09,945,2026-09-22
8930000002312,P-405663,Nuoc giat Nescafe goi 85g,79000,155,Ke C4-06,841,2026-08-21
8930000002313,P-141406,Gia vi Knorr chai 1L,321000,285,Ke J1-07,950,2026-09-14
8930000002314,P-326040,Hat nem Omachi can 2L,374000,78,Ke D4-02,461,2026-07-16
8930000002315,P-721254,Nuoc lau san Oishi huong vi tu nhien,80000,92,Ke D4-01,36,2026-07-05
8930000002316,P-183958,Sua tam Lavie loc 4 hop,449000,282,Ke K4-01,687,2026-07-25
8930000002317,P-389340,Nuoc suoi OMO can 2L,231000,170,Ke E1-08,430,2026-08-01
8930000002318,P-754644,Snack Lavie it duong,306000,273,Ke B5-09,639,2026-07-08
8930000002319,P-290802,Banh quy Comfort can 2L,386000,112,Ke H5-02,361,2026-07-21
8930000002320,P-338651,Mi goi Lavie can 2L,311000,34,Ke I5-05,378,2026-07-30
8930000002321,P-445549,Khan giay Sunsilk truyen thong,324000,204,Ke C4-09,215,2026-07-31
8930000002322,P-114463,Nuoc suoi Nescafe goi 85g,229000,215,Ke D5-01,881,2026-09-14
8930000002323,P-290167,Sua tuoi Closeup can 2L,207000,45,Ke C2-07,697,2026-09-20
8930000002324,P-510997,Nuoc mam Hao Hao cao cap,405000,19,Ke K3-02,560,2026-07-26
8930000002325,P-222520,Nuoc ngot Omachi hop 200g,334000,281,Ke I4-02,523,2026-09-16
8930000002326,P-282547,Sua tuoi Colgate can 2L,6000,210,Ke G5-01,894,2026-09-18
8930000002327,P-490917,Banh quy Sting hop 200g,70000,117,Ke H2-09,147,2026-08-15
8930000002328,P-449499,Nuoc tuong Lay's it duong,117000,145,Ke I4-05,622,2026-08-06
8930000002329,P-974628,Banh quy Simply truyen thong,164000,27,Ke G4-06,471,2026-07-30
8930000002330,P-269662,Khan giay Pepsi goi 85g,403000,120,Ke D3-06,707,2026-08-07
8930000002331,P-172574,Sua tuoi OMO can 2L,229000,125,Ke B2-04,102,2026-08-23
8930000002332,P-439307,Snack Lavie cao cap,24000,167,Ke H1-06,130,2026-07-13
8930000002333,P-595962,Mi goi G7 can 2L,319000,118,Ke I3-05,269,2026-09-28
8930000002334,P-449077,Ca phe Aquafina goi 85g,278000,112,Ke B1-05,65,2026-08-25
8930000002335,P-240384,Nuoc xa TH True Milk cao cap,473000,57,Ke C2-06,871,2026-09-27
8930000002336,P-219946,Tuong ot Coca Cola goi 85g,230000,63,Ke F4-09,616,2026-09-24
8930000002337,P-707924,Banh quy Oishi cao cap,227000,235,Ke J4-09,54,2026-09-15
8930000002338,P-789886,Hat nem Colgate loc 4 hop,414000,141,Ke F4-09,298,2026-08-31
8930000002339,P-862560,Sua tam Red Bull hop 200g,417000,155,Ke A2-07,743,2026-08-10
8930000002340,P-199326,Ca phe Comfort huong vi tu nhien,36000,226,Ke D2-06,491,2026-09-06
8930000002341,P-482812,Nuoc xa G7 cao cap,109000,65,Ke F5-08,374,2026-08-07
8930000002342,P-342716,Nuoc mam Lay's truyen thong,345000,80,Ke K4-04,106,2026-07-30
8930000002343,P-497455,Dau goi Nescafe tiet kiem,383000,111,Ke A2-02,339,2026-07-24
8930000002344,P-416797,Kem danh rang Barona truyen thong,341000,160,Ke K2-04,232,2026-09-11
8930000002345,P-790917,Ca phe Kinh Do chai 1L,440000,195,Ke B5-06,641,2026-09-01
8930000002346,P-802258,Nuoc tuong Simply hop 200g,224000,204,Ke A4-04,307,2026-08-27
8930000002347,P-744674,Dau goi Sunlight can 2L,366000,135,Ke G2-02,353,2026-07-15
8930000002348,P-265722,Gia vi Aquafina goi 85g,148000,47,Ke K4-05,758,2026-07-17
8930000002349,P-479052,Nuoc ngot Pepsi dam da,229000,6,Ke F1-03,919,2026-09-12
8930000002350,P-421727,Mi goi G7 cao cap,51000,212,Ke J5-02,661,2026-08-28
8930000002351,P-717457,Nuoc ngot Simply tiet kiem,393000,158,Ke E4-07,715,2026-09-26
8930000002352,P-527433,Gia vi Tuong An goi 85g,107000,254,Ke H3-01,753,2026-09-17
8930000002353,P-296242,Gia vi OMO truyen thong,443000,69,Ke I4-05,680,2026-07-14
8930000002354,P-203398,Hat nem Nam Ngu tiet kiem,481000,19,Ke C4-06,992,2026-09-30
8930000002355,P-835132,Gia vi Clear cao cap,302000,201,Ke C1-09,912,2026-09-09
8930000002356,P-951331,Sua tam Coca Cola can 2L,238000,68,Ke J4-07,423,2026-08-09
8930000002357,P-632623,Mi goi Vinamilk khong duong,163000,206,Ke D3-03,830,2026-09-29
8930000002358,P-818798,Dau an OMO khong duong,71000,117,Ke E5-09,40,2026-09-24
8930000002359,P-401338,Tuong ot Clear can 2L,500000,221,Ke I2-07,499,2026-08-19
8930000002360,P-694223,Khan giay Clear huong vi tu nhien,51000,247,Ke H5-02,335,2026-09-14
8930000002361,P-871073,Ca phe Tuong An chai 1L,64000,145,Ke E1-03,216,2026-09-02
8930000002362,P-908634,Kem danh rang Kinh Do can 2L,158000,207,Ke F4-05,143,2026-08-16
8930000002363,P-888775,Banh quy Hao Hao goi 85g,199000,131,Ke H2-07,223,2026-09-25
8930000002364,P-675547,Gia vi Oishi tiet kiem,387000,187,Ke K4-06,364,2026-07-21
8930000002365,P-748386,Nuoc mam Colgate khong duong,251000,229,Ke G3-02,305,2026-07-18
8930000002366,P-729252,Banh quy Vinamilk it duong,477000,285,Ke F1-03,760,2026-08-22
8930000002367,P-278240,Snack Kinh Do truyen thong,372000,111,Ke E3-05,896,2026-07-25
8930000002368,P-823648,Dau goi Red Bull khong duong,95000,278,Ke I2-01,307,2026-08-04
8930000002369,P-226670,Hat nem Simply dam da,132000,189,Ke E4-02,382,2026-07-08
8930000002370,P-217659,Nuoc xa Knorr hop 200g,427000,106,Ke C3-02,117,2026-08-31
8930000002371,P-823821,Gia vi Sting goi 85g,267000,243,Ke J3-04,65,2026-09-16
8930000002372,P-786341,Sua tuoi Knorr huong vi tu nhien,301000,169,Ke E2-08,507,2026-07-12
8930000002373,P-441244,Sua tam Pepsi dam da,266000,104,Ke A5-06,514,2026-09-27
8930000002374,P-991597,Banh quy Hao Hao truyen thong,359000,279,Ke H2-02,319,2026-09-07
8930000002375,P-162894,Gia vi Kinh Do chai 500ml,50000,38,Ke E2-07,492,2026-07-27
8930000002376,P-181618,Sua tam Chin-su cao cap,56000,12,Ke H5-02,561,2026-08-06
8930000002377,P-133653,Nuoc ngot TH True Milk hop 200g,346000,212,Ke K5-06,433,2026-08-26
8930000002378,P-147623,Dau an Lavie tiet kiem,235000,32,Ke G5-01,146,2026-08-10
8930000002379,P-224138,Gia vi Closeup it duong,128000,41,Ke F3-03,723,2026-09-08
8930000002380,P-683783,Sua tuoi Coca Cola huong vi tu nhien,30000,99,Ke D1-03,981,2026-07-31
8930000002381,P-362829,Sua tam Sunlight chai 500ml,334000,176,Ke A3-03,172,2026-08-28
8930000002382,P-576419,Nuoc ngot Hao Hao loc 4 hop,406000,83,Ke A4-07,491,2026-09-29
8930000002383,P-573869,Nuoc ngot Lavie dam da,134000,168,Ke J5-03,19,2026-09-21
8930000002384,P-674765,Dau goi Pepsi it duong,108000,270,Ke C2-03,873,2026-09-16
8930000002385,P-536476,Nuoc suoi TH True Milk huong vi tu nhien,166000,123,Ke J2-03,680,2026-09-11
8930000002386,P-786128,Banh quy Aquafina chai 1L,74000,19,Ke B5-01,870,2026-09-24
8930000002387,P-524252,Nuoc ngot Sunsilk it duong,134000,278,Ke E2-04,589,2026-09-21
8930000002388,P-312137,Tuong ot Simply cao cap,92000,191,Ke C5-07,978,2026-09-19
8930000002389,P-822730,Tuong ot Chin-su it duong,378000,135,Ke F4-05,341,2026-09-17
8930000002390,P-337288,Tuong ot Knorr khong duong,259000,209,Ke E3-08,438,2026-10-03
8930000002391,P-606680,Nuoc mam Tuong An hop 200g,265000,225,Ke G2-05,178,2026-09-27
8930000002392,P-112038,Gia vi Aquafina it duong,226000,237,Ke K4-04,283,2026-07-11
8930000002393,P-226611,Gia vi Nescafe cao cap,323000,189,Ke C5-08,850,2026-09-04
8930000002394,P-917707,Kem danh rang Coca Cola tiet kiem,50000,176,Ke C4-07,379,2026-08-22
8930000002395,P-101773,Gia vi Sunlight dam da,139000,254,Ke G2-06,806,2026-09-02
8930000002396,P-792759,Nuoc lau san TH True Milk hop 200g,472000,218,Ke G3-02,272,2026-08-04
8930000002397,P-613742,Kem danh rang Simply it duong,210000,194,Ke C3-08,796,2026-08-30
8930000002398,P-913185,Dau goi Pepsi truyen thong,165000,124,Ke F2-09,594,2026-07-06
8930000002399,P-316174,Sua tam Omachi tiet kiem,327000,300,Ke I3-04,157,2026-08-27
8930000002400,P-525756,Tuong ot Maggi truyen thong,389000,203,Ke H5-03,304,2026-09-20
8930000002401,P-963652,Snack Red Bull dam da,83000,239,Ke K4-04,762,2026-07-15
8930000002402,P-286080,Nuoc tuong Barona it duong,168000,143,Ke D3-07,561,2026-08-22
8930000002403,P-919378,Nuoc lau san Clear chai 1L,129000,300,Ke A4-02,402,2026-07-27
8930000002404,P-441716,Dau an Knorr hop 200g,243000,126,Ke J5-09,806,2026-07-11
8930000002405,P-870571,Mi goi Pepsi dam da,184000,119,Ke K5-02,103,2026-08-14
8930000002406,P-313795,Nuoc lau san Colgate it duong,358000,241,Ke B1-04,23,2026-08-01
8930000002407,P-150126,Tuong ot Red Bull khong duong,197000,35,Ke H2-01,965,2026-09-21
8930000002408,P-135087,Nuoc suoi Nescafe hop 200g,219000,251,Ke I1-09,917,2026-09-16
8930000002409,P-576086,Dau goi Clear loc 4 hop,296000,111,Ke B2-02,292,2026-08-14
8930000002410,P-535352,Tuong ot Oishi tiet kiem,155000,231,Ke G2-06,657,2026-08-29
8930000002411,P-140666,Dau an Clear hop 200g,428000,89,Ke G3-06,768,2026-08-13
8930000002412,P-446663,Tuong ot Barona it duong,309000,60,Ke H2-05,11,2026-09-06
8930000002413,P-723948,Dau goi Comfort hop 200g,137000,263,Ke K1-02,185,2026-07-13
8930000002414,P-668458,Sua tam Lifebuoy chai 1L,370000,154,Ke J4-02,635,2026-08-12
8930000002415,P-578720,Nuoc giat Closeup huong vi tu nhien,213000,286,Ke D2-06,225,2026-07-19
8930000002416,P-292913,Nuoc ngot TH True Milk dam da,492000,204,Ke B2-06,804,2026-07-22
8930000002417,P-126122,Sua tuoi Hao Hao chai 1L,400000,131,Ke J5-05,748,2026-07-21
8930000002418,P-837135,Banh quy Sunsilk tiet kiem,44000,104,Ke D2-05,995,2026-08-30
8930000002419,P-436208,Tuong ot Red Bull cao cap,217000,251,Ke K2-05,546,2026-09-21
8930000002420,P-145548,Ca phe TH True Milk hop 200g,282000,140,Ke B1-02,885,2026-08-09
8930000002421,P-972310,Nuoc xa Lay's it duong,22000,42,Ke E5-02,106,2026-08-13
8930000002422,P-948095,Sua tuoi Knorr hop 200g,338000,47,Ke A1-05,671,2026-09-13
8930000002423,P-457311,Banh quy Omachi goi 85g,290000,218,Ke G1-07,937,2026-07-26
8930000002424,P-620856,Banh quy Clear dam da,451000,25,Ke D3-03,124,2026-09-08
8930000002425,P-692002,Nuoc suoi G7 truyen thong,481000,173,Ke E5-05,909,2026-09-14
8930000002426,P-438977,Banh quy Nam Ngu chai 500ml,104000,43,Ke G1-08,579,2026-07-10
8930000002427,P-534098,Nuoc ngot Red Bull hop 200g,54000,110,Ke I4-01,81,2026-08-23
8930000002428,P-333524,Nuoc xa Hao Hao truyen thong,455000,49,Ke H1-04,897,2026-09-16
8930000002429,P-138669,Nuoc ngot Oishi cao cap,161000,13,Ke C3-08,685,2026-10-03
8930000002430,P-771237,Nuoc mam Barona goi 85g,287000,50,Ke E1-02,135,2026-07-27
8930000002431,P-571213,Nuoc giat Sunlight cao cap,156000,167,Ke C4-02,791,2026-07-18
8930000002432,P-498724,Tuong ot Pepsi can 2L,437000,266,Ke F4-07,301,2026-08-10
8930000002433,P-646417,Tuong ot Lay's dam da,125000,288,Ke B1-08,308,2026-07-17
8930000002434,P-186518,Nuoc ngot Closeup chai 1L,65000,300,Ke E2-04,656,2026-09-14
8930000002435,P-412856,Nuoc ngot Aquafina loc 4 hop,452000,29,Ke B2-02,942,2026-08-22
8930000002436,P-817303,Tuong ot Lavie huong vi tu nhien,213000,226,Ke K2-07,68,2026-08-12
8930000002437,P-141468,Nuoc tuong Tuong An chai 500ml,175000,90,Ke F2-08,757,2026-08-25
8930000002438,P-311250,Mi goi Vinamilk khong duong,327000,191,Ke E4-02,956,2026-07-05
8930000002439,P-551533,Nuoc giat Oishi goi 85g,308000,146,Ke I5-06,436,2026-08-15
8930000002440,P-906048,Khan giay Knorr goi 85g,294000,118,Ke A1-06,108,2026-07-20
8930000002441,P-621841,Snack Pepsi can 2L,181000,210,Ke D3-06,796,2026-07-31
8930000002442,P-533108,Ca phe Maggi khong duong,439000,99,Ke H1-08,159,2026-08-15
8930000002443,P-763121,Dau goi Omachi tiet kiem,337000,190,Ke G3-01,265,2026-08-16
8930000002444,P-987938,Sua tuoi Red Bull huong vi tu nhien,342000,26,Ke B3-05,113,2026-09-05
8930000002445,P-151426,Sua tuoi Comfort chai 1L,263000,220,Ke C3-01,806,2026-07-06
8930000002446,P-151040,Nuoc lau san Sting tiet kiem,416000,57,Ke A1-07,418,2026-07-26
8930000002447,P-807424,Khan giay TH True Milk cao cap,142000,56,Ke H2-09,144,2026-10-03
8930000002448,P-276831,Nuoc xa Pepsi khong duong,101000,261,Ke B1-06,891,2026-07-11
8930000002449,P-252928,Nuoc mam Omachi it duong,76000,287,Ke C2-03,569,2026-09-14
8930000002450,P-769752,Ca phe Vinamilk goi 85g,145000,246,Ke F2-09,197,2026-08-19
8930000002451,P-260639,Khan giay Oishi hop 200g,155000,21,Ke A3-02,39,2026-07-25
8930000002452,P-893853,Nuoc suoi Sting hop 200g,413000,64,Ke D3-02,721,2026-09-19
8930000002453,P-746910,Hat nem Aquafina cao cap,18000,165,Ke D3-08,949,2026-09-15
8930000002454,P-927524,Nuoc mam Sunsilk cao cap,274000,72,Ke A4-05,120,2026-07-14
8930000002455,P-671015,Kem danh rang Red Bull goi 85g,23000,242,Ke I2-01,130,2026-07-26
8930000002456,P-988319,Sua tuoi Sunlight dam da,15000,158,Ke B5-05,931,2026-08-22
8930000002457,P-894068,Hat nem Knorr dam da,316000,175,Ke C5-02,952,2026-07-12
8930000002458,P-714867,Nuoc suoi Knorr can 2L,287000,214,Ke H3-03,563,2026-09-29
8930000002459,P-420015,Nuoc mam Kinh Do cao cap,264000,289,Ke J2-01,394,2026-09-05
8930000002460,P-879779,Kem danh rang Red Bull goi 85g,331000,17,Ke K2-08,571,2026-07-21
8930000002461,P-319036,Nuoc ngot Closeup khong duong,52000,118,Ke K5-08,256,2026-09-03
8930000002462,P-425236,Dau goi Lay's hop 200g,10000,168,Ke F5-06,980,2026-08-20
8930000002463,P-349505,Nuoc xa OMO chai 500ml,306000,297,Ke E1-09,777,2026-08-29
8930000002464,P-670511,Nuoc mam Oishi truyen thong,3000,219,Ke J4-01,706,2026-08-26
8930000002465,P-993251,Kem danh rang Maggi khong duong,269000,283,Ke G1-07,68,2026-09-27
8930000002466,P-581206,Dau goi Lavie chai 1L,238000,128,Ke D4-05,380,2026-08-08
8930000002467,P-791354,Banh quy Kinh Do chai 1L,165000,78,Ke H4-02,948,2026-09-05
8930000002468,P-361650,Sua tam Closeup goi 85g,38000,158,Ke J5-01,143,2026-08-19
8930000002469,P-963508,Hat nem Colgate huong vi tu nhien,265000,148,Ke D4-07,630,2026-07-17
8930000002470,P-852470,Nuoc mam Colgate hop 200g,437000,208,Ke E3-05,470,2026-08-01
8930000002471,P-191014,Nuoc mam Lavie tiet kiem,451000,9,Ke I3-03,246,2026-09-15
8930000002472,P-439658,Nuoc suoi Chin-su it duong,157000,267,Ke A1-05,81,2026-08-06
8930000002473,P-211291,Dau an Knorr dam da,371000,174,Ke F2-07,614,2026-09-20
8930000002474,P-262471,Snack Nescafe chai 500ml,164000,239,Ke E5-01,393,2026-09-11
8930000002475,P-253999,Nuoc xa Oishi tiet kiem,196000,12,Ke C3-03,377,2026-08-07
8930000002476,P-177767,Banh quy Simply tiet kiem,112000,118,Ke K2-06,691,2026-07-19
8930000002477,P-371782,Ca phe Aquafina khong duong,479000,118,Ke B3-09,943,2026-09-16
8930000002478,P-405420,Nuoc lau san Coca Cola it duong,26000,148,Ke A2-07,401,2026-09-10
8930000002479,P-880009,Khan giay Lay's dam da,229000,85,Ke B4-05,974,2026-09-13
8930000002480,P-228670,Khan giay Omachi khong duong,16000,159,Ke B4-08,554,2026-09-11
8930000002481,P-339513,Nuoc ngot Aquafina cao cap,126000,95,Ke G4-04,486,2026-10-03
8930000002482,P-184120,Dau goi Simply khong duong,422000,186,Ke A2-02,859,2026-09-04
8930000002483,P-802571,Gia vi Chin-su goi 85g,26000,159,Ke I3-01,189,2026-09-14
8930000002484,P-250181,Banh quy Pepsi dam da,346000,29,Ke B5-04,658,2026-09-02
8930000002485,P-645940,Tuong ot Aquafina hop 200g,118000,255,Ke J4-02,618,2026-09-26
8930000002486,P-219346,Sua tuoi TH True Milk cao cap,14000,99,Ke J3-07,101,2026-08-16
8930000002487,P-546815,Dau an Chin-su chai 500ml,195000,148,Ke H1-09,757,2026-08-17
8930000002488,P-618934,Kem danh rang Lay's loc 4 hop,4000,235,Ke J5-03,232,2026-10-03
8930000002489,P-897423,Ca phe OMO tiet kiem,179000,116,Ke C2-02,985,2026-08-15
8930000002490,P-983791,Nuoc giat Sting tiet kiem,276000,43,Ke E3-07,296,2026-08-08
8930000002491,P-570880,Ca phe Comfort it duong,230000,11,Ke B5-05,967,2026-08-19
8930000002492,P-538620,Tuong ot Closeup hop 200g,361000,58,Ke B4-08,438,2026-08-11
8930000002493,P-156757,Sua tam Lavie huong vi tu nhien,179000,95,Ke K4-07,68,2026-09-17
8930000002494,P-743512,Sua tuoi OMO hop 200g,84000,288,Ke B3-08,560,2026-09-26
8930000002495,P-657062,Sua tam Closeup dam da,411000,35,Ke C2-04,70,2026-07-09
8930000002496,P-398433,Nuoc ngot Coca Cola can 2L,323000,285,Ke K4-01,395,2026-07-15
8930000002497,P-427905,Nuoc xa Colgate chai 1L,107000,176,Ke D2-03,203,2026-07-08
8930000002498,P-786041,Nuoc xa Hao Hao goi 85g,185000,84,Ke B2-07,838,2026-07-14
8930000002499,P-954814,Nuoc lau san Clear loc 4 hop,334000,267,Ke F4-04,933,2026-08-01
8930000002500,P-194641,Mi goi Kinh Do loc 4 hop,436000,82,Ke J3-04,22,2026-09-28
8930000002501,P-240829,Sua tuoi Clear it duong,235000,177,Ke D5-09,578,2026-07-06
8930000002502,P-142859,Dau an Sunlight it duong,362000,42,Ke D2-05,447,2026-08-20
8930000002503,P-818699,Khan giay Closeup cao cap,260000,199,Ke G5-04,129,2026-08-03
8930000002504,P-147489,Nuoc tuong Lifebuoy loc 4 hop,55000,256,Ke K5-04,820,2026-07-08
8930000002505,P-242921,Nuoc xa Pepsi chai 500ml,294000,41,Ke F2-09,142,2026-09-28
8930000002506,P-901368,Nuoc ngot Hao Hao tiet kiem,143000,20,Ke G3-03,717,2026-08-10
8930000002507,P-552091,Dau goi Knorr khong duong,223000,232,Ke D3-02,824,2026-09-15
8930000002508,P-840282,Nuoc xa Chin-su loc 4 hop,164000,181,Ke D2-08,972,2026-08-18
8930000002509,P-889743,Dau goi Lavie tiet kiem,200000,245,Ke G3-09,451,2026-07-30
8930000002510,P-703869,Ca phe Oishi chai 1L,84000,89,Ke E5-05,725,2026-08-17
8930000002511,P-742053,Nuoc ngot Vinamilk loc 4 hop,211000,75,Ke F1-07,592,2026-09-17
8930000002512,P-723398,Gia vi Pepsi chai 500ml,199000,278,Ke F1-03,838,2026-07-09
8930000002513,P-980357,Banh quy Sunlight chai 1L,395000,69,Ke H4-08,183,2026-07-19
8930000002514,P-707784,Hat nem Clear chai 500ml,362000,16,Ke J4-04,263,2026-07-08
8930000002515,P-484682,Nuoc suoi Sunlight khong duong,40000,72,Ke J1-05,447,2026-07-11
8930000002516,P-919959,Kem danh rang Maggi huong vi tu nhien,98000,80,Ke D3-08,472,2026-07-25
8930000002517,P-351974,Sua tuoi Knorr chai 500ml,500000,257,Ke J4-03,382,2026-09-19
8930000002518,P-213609,Nuoc lau san Knorr truyen thong,338000,31,Ke H1-04,235,2026-07-12
8930000002519,P-566453,Khan giay G7 khong duong,50000,154,Ke H5-03,792,2026-09-02
8930000002520,P-238394,Tuong ot Sting cao cap,377000,84,Ke A5-05,324,2026-09-25
8930000002521,P-337232,Dau goi Red Bull chai 1L,395000,232,Ke A4-04,416,2026-07-15
8930000002522,P-779514,Hat nem Closeup khong duong,437000,271,Ke G2-01,115,2026-09-25
8930000002523,P-668373,Dau an Maggi tiet kiem,425000,82,Ke A1-09,299,2026-07-31
8930000002524,P-679549,Nuoc suoi Omachi chai 1L,421000,134,Ke I2-04,770,2026-09-06
8930000002525,P-532794,Sua tam Sunlight can 2L,348000,300,Ke G1-09,170,2026-07-07
8930000002526,P-704663,Nuoc tuong Lay's chai 1L,258000,48,Ke D4-01,872,2026-08-22
8930000002527,P-194782,Nuoc suoi Lay's loc 4 hop,459000,227,Ke J2-01,575,2026-08-17
8930000002528,P-983794,Sua tam Tuong An hop 200g,369000,31,Ke B2-03,267,2026-07-16
8930000002529,P-241879,Kem danh rang Sunsilk dam da,467000,293,Ke D3-01,844,2026-07-12
8930000002530,P-377521,Sua tuoi Kinh Do dam da,463000,174,Ke E4-02,486,2026-08-20
8930000002531,P-440881,Nuoc lau san Lifebuoy truyen thong,461000,35,Ke I1-04,974,2026-07-28
8930000002532,P-666893,Nuoc lau san Oishi cao cap,390000,23,Ke E3-02,62,2026-08-28
8930000002533,P-242291,Banh quy Tuong An it duong,35000,183,Ke G4-09,348,2026-09-24
8930000002534,P-453123,Tuong ot Comfort chai 500ml,100000,272,Ke K1-05,527,2026-07-13
8930000002535,P-527865,Tuong ot Red Bull loc 4 hop,237000,168,Ke F5-01,201,2026-09-28
8930000002536,P-615500,Khan giay Colgate huong vi tu nhien,55000,211,Ke I3-07,288,2026-08-07
8930000002537,P-892682,Nuoc ngot Red Bull can 2L,284000,139,Ke A1-01,158,2026-08-05
8930000002538,P-601736,Nuoc ngot Coca Cola hop 200g,272000,291,Ke K2-08,718,2026-09-20
8930000002539,P-667460,Sua tam Kinh Do dam da,190000,269,Ke G4-09,432,2026-09-19
8930000002540,P-491774,Mi goi Oishi hop 200g,243000,202,Ke H3-09,206,2026-07-11
8930000002541,P-402865,Tuong ot Chin-su chai 1L,36000,248,Ke A3-01,340,2026-07-27
8930000002542,P-556068,Tuong ot Aquafina it duong,133000,187,Ke K5-02,602,2026-08-20
8930000002543,P-166938,Sua tam Lavie can 2L,364000,81,Ke I3-04,373,2026-09-03
8930000002544,P-871523,Hat nem Oishi cao cap,306000,265,Ke C3-03,397,2026-08-13
8930000002545,P-540208,Dau an Hao Hao can 2L,466000,251,Ke F5-01,68,2026-07-08
8930000002546,P-872924,Snack Nescafe loc 4 hop,478000,222,Ke G5-08,619,2026-09-07
8930000002547,P-660605,Sua tuoi Comfort tiet kiem,106000,8,Ke C5-06,209,2026-09-13
8930000002548,P-475565,Nuoc giat Chin-su can 2L,389000,201,Ke G5-09,830,2026-07-13
8930000002549,P-952878,Hat nem Tuong An chai 500ml,38000,194,Ke A2-06,128,2026-07-29
8930000002550,P-653815,Kem danh rang Knorr chai 1L,57000,127,Ke A5-08,837,2026-09-09
8930000002551,P-876513,Sua tuoi Nescafe hop 200g,476000,246,Ke C1-08,783,2026-09-05
8930000002552,P-722650,Nuoc tuong Sunlight truyen thong,435000,90,Ke H4-08,466,2026-09-19
8930000002553,P-423331,Nuoc ngot Maggi tiet kiem,259000,154,Ke C3-03,709,2026-08-03
8930000002554,P-607122,Nuoc lau san Barona chai 1L,104000,5,Ke J1-01,453,2026-09-23
8930000002555,P-591465,Dau an Kinh Do huong vi tu nhien,426000,77,Ke E2-04,302,2026-07-09
8930000002556,P-359961,Ca phe Red Bull it duong,457000,31,Ke F4-08,480,2026-09-21
8930000002557,P-857065,Khan giay Comfort tiet kiem,367000,223,Ke B5-08,110,2026-08-16
8930000002558,P-110060,Kem danh rang Lifebuoy hop 200g,225000,184,Ke G4-08,416,2026-08-27
8930000002559,P-610511,Banh quy Lay's hop 200g,373000,198,Ke I2-04,294,2026-08-30
8930000002560,P-536056,Sua tuoi Vinamilk hop 200g,368000,192,Ke C2-05,967,2026-09-16
8930000002561,P-355570,Dau goi Closeup truyen thong,189000,105,Ke H5-04,980,2026-07-07
8930000002562,P-158760,Nuoc mam Omachi dam da,299000,43,Ke E2-01,469,2026-10-01
8930000002563,P-673167,Kem danh rang Lifebuoy loc 4 hop,247000,129,Ke G1-02,342,2026-08-01
8930000002564,P-202664,Gia vi Hao Hao dam da,467000,173,Ke A1-01,70,2026-08-14
8930000002565,P-672967,Dau an Pepsi huong vi tu nhien,18000,263,Ke A2-07,357,2026-07-24
8930000002566,P-775721,Gia vi Lifebuoy it duong,345000,138,Ke H3-08,884,2026-07-24
8930000002567,P-577456,Tuong ot Simply chai 500ml,150000,264,Ke I2-06,503,2026-09-22
8930000002568,P-738584,Khan giay Chin-su dam da,148000,297,Ke G4-02,837,2026-09-01
8930000002569,P-815707,Dau goi Simply truyen thong,261000,216,Ke K4-05,695,2026-09-03
8930000002570,P-782141,Dau an Vinamilk it duong,49000,258,Ke C4-07,373,2026-09-15
8930000002571,P-332823,Nuoc lau san Omachi loc 4 hop,204000,280,Ke F3-03,737,2026-08-01
8930000002572,P-678923,Dau an Knorr huong vi tu nhien,23000,22,Ke K2-01,559,2026-08-14
8930000002573,P-482554,Banh quy Kinh Do loc 4 hop,344000,198,Ke A3-02,603,2026-09-30
8930000002574,P-869649,Nuoc tuong Sunsilk chai 500ml,146000,111,Ke C4-02,410,2026-07-12
8930000002575,P-830789,Tuong ot Clear huong vi tu nhien,453000,106,Ke D3-07,865,2026-07-12
8930000002576,P-961186,Tuong ot Coca Cola hop 200g,367000,107,Ke A1-01,58,2026-09-29
8930000002577,P-383201,Gia vi TH True Milk goi 85g,423000,125,Ke B5-08,533,2026-09-19
8930000002578,P-656208,Sua tuoi OMO loc 4 hop,440000,277,Ke A2-09,659,2026-09-04
8930000002579,P-382967,Snack Lifebuoy loc 4 hop,36000,176,Ke I5-03,639,2026-07-08
8930000002580,P-822608,Banh quy Lay's truyen thong,120000,30,Ke E2-08,427,2026-08-10
8930000002581,P-873199,Mi goi Simply tiet kiem,216000,206,Ke C5-01,524,2026-09-23
8930000002582,P-822858,Dau an Omachi cao cap,328000,224,Ke I1-06,873,2026-07-22
8930000002583,P-242007,Ca phe Sunsilk can 2L,460000,136,Ke H1-06,933,2026-09-05
8930000002584,P-475351,Mi goi Comfort dam da,21000,183,Ke K5-04,690,2026-09-02
8930000002585,P-597012,Sua tuoi Sunlight hop 200g,224000,259,Ke D5-08,633,2026-07-31
8930000002586,P-859584,Ca phe Omachi dam da,288000,68,Ke E2-07,620,2026-09-04
8930000002587,P-601476,Nuoc xa Pepsi truyen thong,445000,187,Ke K1-02,415,2026-08-02
8930000002588,P-815894,Sua tam Red Bull truyen thong,446000,55,Ke I4-08,407,2026-09-17
8930000002589,P-813928,Nuoc lau san Nescafe tiet kiem,493000,115,Ke G2-07,557,2026-07-28
8930000002590,P-994343,Kem danh rang Vinamilk dam da,376000,208,Ke K2-08,946,2026-08-13
8930000002591,P-150871,Nuoc mam Oishi khong duong,97000,222,Ke G4-08,527,2026-07-07
8930000002592,P-146032,Nuoc lau san Vinamilk hop 200g,361000,104,Ke H4-02,972,2026-08-14
8930000002593,P-200976,Snack Chin-su khong duong,284000,280,Ke J1-08,298,2026-07-21
8930000002594,P-537017,Gia vi Simply tiet kiem,165000,294,Ke I1-03,331,2026-08-21
8930000002595,P-249715,Khan giay Red Bull can 2L,241000,82,Ke G3-08,389,2026-08-27
8930000002596,P-628373,Sua tuoi Nescafe it duong,470000,290,Ke F5-01,324,2026-09-30
8930000002597,P-974244,Mi goi Barona truyen thong,484000,153,Ke B4-02,913,2026-08-15
8930000002598,P-956800,Snack Red Bull goi 85g,301000,101,Ke J1-03,604,2026-08-19
8930000002599,P-150578,Dau goi Aquafina tiet kiem,50000,278,Ke I4-02,663,2026-09-19
8930000002600,P-622605,Ca phe G7 chai 1L,23000,33,Ke K3-01,4,2026-07-18
8930000002601,P-855242,Nuoc mam Tuong An loc 4 hop,307000,97,Ke I4-09,855,2026-08-02
8930000002602,P-503159,Kem danh rang Colgate can 2L,28000,124,Ke K1-03,603,2026-09-08
8930000002603,P-399449,Sua tuoi Hao Hao dam da,377000,81,Ke F1-02,659,2026-07-31
8930000002604,P-319984,Dau goi Comfort cao cap,21000,257,Ke E2-01,411,2026-07-11
8930000002605,P-201514,Khan giay Aquafina khong duong,95000,87,Ke D2-07,619,2026-09-07
8930000002606,P-211425,Nuoc ngot Colgate goi 85g,11000,201,Ke C1-01,801,2026-08-01
8930000002607,P-734565,Tuong ot Vinamilk khong duong,418000,138,Ke C4-07,142,2026-08-31
8930000002608,P-235300,Gia vi Sting chai 500ml,125000,245,Ke K3-01,714,2026-08-23
8930000002609,P-426147,Nuoc xa Maggi tiet kiem,356000,52,Ke K3-05,400,2026-07-11
8930000002610,P-835499,Khan giay Aquafina chai 1L,350000,258,Ke E1-07,555,2026-08-01
8930000002611,P-513477,Tuong ot Aquafina cao cap,158000,134,Ke F2-05,338,2026-09-25
8930000002612,P-390120,Nuoc suoi Coca Cola cao cap,222000,286,Ke I4-06,949,2026-07-30
8930000002613,P-854717,Tuong ot Closeup truyen thong,449000,142,Ke I2-05,575,2026-09-04
8930000002614,P-461899,Kem danh rang Colgate goi 85g,486000,224,Ke K2-07,852,2026-08-01
8930000002615,P-237057,Tuong ot Pepsi chai 1L,427000,158,Ke I3-04,157,2026-09-30
8930000002616,P-150290,Nuoc giat Red Bull chai 500ml,271000,246,Ke A5-05,249,2026-09-13
8930000002617,P-346629,Sua tam Sunsilk tiet kiem,315000,292,Ke D3-05,249,2026-08-09
8930000002618,P-433025,Khan giay Lifebuoy chai 500ml,446000,279,Ke A3-01,781,2026-08-25
8930000002619,P-484795,Snack OMO huong vi tu nhien,187000,21,Ke J2-09,275,2026-08-13
8930000002620,P-241003,Nuoc giat Chin-su truyen thong,424000,9,Ke A4-04,287,2026-09-11
8930000002621,P-612262,Khan giay Sunsilk it duong,293000,28,Ke H4-04,936,2026-08-02
8930000002622,P-333049,Dau an Sunlight hop 200g,164000,143,Ke K3-01,247,2026-07-24
8930000002623,P-947438,Sua tuoi Kinh Do chai 1L,73000,176,Ke I3-02,362,2026-09-29
8930000002624,P-659381,Dau an Lifebuoy truyen thong,328000,7,Ke E3-01,673,2026-09-10
8930000002625,P-787554,Nuoc tuong Hao Hao loc 4 hop,110000,180,Ke D1-03,930,2026-08-05
8930000002626,P-989322,Khan giay Tuong An tiet kiem,353000,124,Ke D4-06,192,2026-09-23
8930000002627,P-513927,Nuoc ngot Hao Hao khong duong,125000,185,Ke J1-05,889,2026-09-12
8930000002628,P-130726,Dau goi Aquafina khong duong,456000,240,Ke E2-09,444,2026-07-09
8930000002629,P-699573,Dau goi Maggi khong duong,415000,181,Ke B1-09,372,2026-08-01
8930000002630,P-986392,Hat nem G7 it duong,286000,184,Ke F3-06,977,2026-09-23
8930000002631,P-519093,Nuoc suoi Colgate tiet kiem,223000,25,Ke J1-04,331,2026-09-21
8930000002632,P-789275,Mi goi Red Bull cao cap,464000,160,Ke F3-06,773,2026-07-08
8930000002633,P-163491,Hat nem Lifebuoy can 2L,360000,21,Ke G2-08,190,2026-07-26
8930000002634,P-435872,Nuoc ngot Pepsi can 2L,105000,131,Ke H3-07,97,2026-09-16
8930000002635,P-462351,Mi goi Closeup chai 500ml,428000,248,Ke F4-03,779,2026-08-10
8930000002636,P-299734,Nuoc suoi Maggi dam da,91000,222,Ke A5-05,538,2026-09-18
8930000002637,P-166412,Nuoc lau san OMO cao cap,229000,205,Ke C1-01,434,2026-07-22
8930000002638,P-269430,Hat nem Kinh Do hop 200g,429000,225,Ke D1-04,945,2026-07-16
8930000002639,P-572398,Khan giay Lavie dam da,226000,257,Ke A3-06,33,2026-08-22
8930000002640,P-905245,Khan giay Comfort hop 200g,279000,78,Ke C4-08,233,2026-07-09
8930000002641,P-547952,Nuoc ngot Chin-su tiet kiem,113000,148,Ke D5-09,543,2026-09-29
8930000002642,P-636004,Ca phe G7 chai 500ml,438000,51,Ke K3-03,58,2026-09-15
8930000002643,P-121869,Kem danh rang Lay's it duong,208000,157,Ke F1-03,566,2026-09-11
8930000002644,P-911032,Hat nem Hao Hao it duong,133000,72,Ke H3-06,452,2026-08-16
8930000002645,P-522986,Nuoc giat Chin-su hop 200g,315000,37,Ke B3-05,604,2026-09-30
8930000002646,P-377860,Ca phe Colgate loc 4 hop,102000,48,Ke I2-05,254,2026-08-09
8930000002647,P-429861,Khan giay Aquafina it duong,471000,48,Ke A2-08,495,2026-09-18
8930000002648,P-848255,Nuoc ngot Lavie huong vi tu nhien,211000,80,Ke K5-02,971,2026-07-09
8930000002649,P-769646,Nuoc giat Lay's khong duong,202000,178,Ke B4-04,877,2026-09-13
8930000002650,P-319869,Nuoc lau san Hao Hao chai 1L,75000,47,Ke A5-08,234,2026-07-16
8930000002651,P-428487,Dau an Chin-su dam da,306000,286,Ke D4-02,805,2026-08-23
8930000002652,P-177794,Nuoc giat Nam Ngu cao cap,238000,227,Ke H1-01,367,2026-09-16
8930000002653,P-993892,Gia vi G7 cao cap,234000,254,Ke A4-05,354,2026-07-19
8930000002654,P-397949,Khan giay Comfort truyen thong,44000,196,Ke D1-05,280,2026-08-24
8930000002655,P-854213,Banh quy Vinamilk tiet kiem,93000,8,Ke C4-09,249,2026-07-24
8930000002656,P-561865,Nuoc xa Nescafe hop 200g,20000,114,Ke E3-01,174,2026-07-19
8930000002657,P-501384,Snack G7 chai 1L,234000,208,Ke A2-01,278,2026-10-02
8930000002658,P-133782,Khan giay Sunsilk truyen thong,406000,110,Ke E4-08,695,2026-08-20
8930000002659,P-252436,Ca phe Colgate dam da,277000,79,Ke D4-09,517,2026-09-21
8930000002660,P-156413,Banh quy Kinh Do it duong,428000,286,Ke K2-08,176,2026-09-24
8930000002661,P-778120,Banh quy Sunlight tiet kiem,163000,56,Ke D2-05,384,2026-09-26
8930000002662,P-162969,Nuoc ngot Nescafe loc 4 hop,84000,81,Ke A1-04,548,2026-07-11
8930000002663,P-846606,Nuoc tuong Chin-su chai 500ml,410000,125,Ke C1-09,757,2026-09-08
8930000002664,P-783691,Mi goi Maggi tiet kiem,347000,203,Ke I1-07,227,2026-08-11
8930000002665,P-525942,Sua tuoi Simply goi 85g,292000,49,Ke K4-04,755,2026-08-16
8930000002666,P-701761,Khan giay Vinamilk can 2L,386000,266,Ke J3-08,438,2026-08-03
8930000002667,P-290719,Nuoc mam TH True Milk huong vi tu nhien,14000,186,Ke C1-05,715,2026-09-21
8930000002668,P-256226,Banh quy Red Bull huong vi tu nhien,236000,63,Ke G2-05,574,2026-08-18
8930000002669,P-662146,Sua tuoi OMO cao cap,346000,277,Ke J3-02,184,2026-09-06
8930000002670,P-632929,Nuoc giat Vinamilk goi 85g,193000,46,Ke B5-02,637,2026-08-31
8930000002671,P-664742,Ca phe Aquafina loc 4 hop,481000,191,Ke G5-08,145,2026-07-17
8930000002672,P-871403,Dau goi Aquafina chai 500ml,202000,63,Ke J2-08,438,2026-08-01
8930000002673,P-916356,Mi goi Simply can 2L,231000,64,Ke K5-09,425,2026-09-15
8930000002674,P-980152,Sua tam Simply hop 200g,184000,210,Ke B2-07,783,2026-08-16
8930000002675,P-859246,Nuoc giat Nescafe it duong,484000,17,Ke F3-08,212,2026-08-06
8930000002676,P-373094,Nuoc ngot Nam Ngu goi 85g,436000,273,Ke H3-01,169,2026-09-16
8930000002677,P-656127,Tuong ot Closeup cao cap,477000,152,Ke K4-02,309,2026-08-26
8930000002678,P-295243,Dau goi Maggi chai 1L,93000,258,Ke G2-04,0,2026-08-27
8930000002679,P-906859,Nuoc ngot Kinh Do tiet kiem,237000,218,Ke B3-03,641,2026-07-10
8930000002680,P-115440,Nuoc ngot Aquafina khong duong,154000,266,Ke D1-07,544,2026-08-11
8930000002681,P-796503,Tuong ot Maggi chai 1L,137000,250,Ke A3-07,320,2026-08-16
8930000002682,P-239116,Nuoc tuong Oishi chai 1L,306000,266,Ke H1-04,386,2026-07-25
8930000002683,P-329927,Nuoc tuong Sunsilk it duong,4000,19,Ke E5-04,498,2026-07-08
8930000002684,P-713110,Khan giay Barona cao cap,119000,210,Ke D1-06,590,2026-09-10
8930000002685,P-828813,Dau an Sunsilk truyen thong,488000,63,Ke K2-08,957,2026-09-26
8930000002686,P-293757,Dau goi Lavie hop 200g,117000,148,Ke B1-05,51,2026-08-16
8930000002687,P-787836,Dau an Oishi dam da,44000,283,Ke H2-03,525,2026-09-13
8930000002688,P-240718,Nuoc suoi Red Bull dam da,268000,103,Ke A1-09,116,2026-08-07
8930000002689,P-926867,Gia vi Sunsilk chai 1L,336000,32,Ke H3-08,538,2026-07-17
8930000002690,P-889359,Nuoc lau san Colgate loc 4 hop,429000,300,Ke H3-08,639,2026-07-19
8930000002691,P-810929,Banh quy Lavie khong duong,479000,74,Ke B4-02,113,2026-08-29
8930000002692,P-356736,Nuoc tuong Sunlight chai 1L,407000,176,Ke G3-09,755,2026-09-21
8930000002693,P-141672,Nuoc tuong Lay's goi 85g,342000,57,Ke A4-02,504,2026-09-06
8930000002694,P-502744,Snack Pepsi it duong,51000,213,Ke D1-03,610,2026-08-05
8930000002695,P-611751,Kem danh rang Comfort chai 500ml,232000,96,Ke G1-07,611,2026-08-25
8930000002696,P-870786,Khan giay Pepsi it duong,252000,292,Ke I1-02,587,2026-09-06
8930000002697,P-839945,Nuoc lau san Sunlight truyen thong,366000,32,Ke G5-03,714,2026-09-27
8930000002698,P-881886,Nuoc ngot Sunsilk it duong,332000,11,Ke H1-07,505,2026-08-20
8930000002699,P-478323,Tuong ot OMO cao cap,359000,92,Ke B4-04,821,2026-07-07
8930000002700,P-207348,Tuong ot Pepsi dam da,413000,128,Ke B4-09,337,2026-08-30
8930000002701,P-401610,Gia vi TH True Milk tiet kiem,437000,28,Ke E5-01,248,2026-08-04
8930000002702,P-804505,Nuoc mam Lay's chai 500ml,386000,156,Ke F5-06,515,2026-09-05
8930000002703,P-653007,Snack Lifebuoy chai 1L,465000,125,Ke K5-09,776,2026-09-18
8930000002704,P-143195,Dau an Red Bull loc 4 hop,378000,116,Ke J2-03,932,2026-08-23
8930000002705,P-240800,Snack Hao Hao can 2L,417000,144,Ke B5-03,330,2026-07-24
8930000002706,P-537983,Mi goi Colgate truyen thong,434000,135,Ke H4-03,926,2026-09-20
8930000002707,P-576467,Nuoc mam Lifebuoy it duong,210000,24,Ke B5-07,238,2026-07-22
8930000002708,P-371306,Khan giay Tuong An chai 500ml,135000,55,Ke D5-05,325,2026-09-04
8930000002709,P-482614,Nuoc ngot Lavie chai 1L,114000,31,Ke J2-01,916,2026-08-04
8930000002710,P-755498,Khan giay Coca Cola goi 85g,341000,177,Ke J1-07,712,2026-07-11
8930000002711,P-364742,Ca phe Aquafina tiet kiem,299000,280,Ke H2-05,936,2026-09-29
8930000002712,P-794622,Nuoc tuong Clear hop 200g,312000,95,Ke B4-08,651,2026-09-09
8930000002713,P-424553,Snack Colgate tiet kiem,476000,52,Ke G4-09,65,2026-09-25
8930000002714,P-460589,Tuong ot Nam Ngu hop 200g,243000,103,Ke G4-01,489,2026-07-07
8930000002715,P-369826,Dau an Hao Hao can 2L,339000,120,Ke E1-03,312,2026-09-17
8930000002716,P-457938,Nuoc mam Colgate khong duong,379000,143,Ke B5-09,900,2026-09-04
8930000002717,P-303993,Banh quy Pepsi cao cap,470000,130,Ke C2-07,320,2026-08-25
8930000002718,P-591897,Sua tuoi Hao Hao goi 85g,54000,163,Ke E3-03,303,2026-07-25
8930000002719,P-583000,Nuoc suoi Omachi cao cap,345000,20,Ke C3-04,827,2026-08-17
8930000002720,P-324381,Sua tuoi Lifebuoy hop 200g,160000,229,Ke G3-02,120,2026-07-10
8930000002721,P-741603,Nuoc lau san Pepsi cao cap,36000,177,Ke G3-01,627,2026-07-22
8930000002722,P-970357,Ca phe Hao Hao loc 4 hop,256000,184,Ke D5-09,634,2026-07-05
8930000002723,P-239999,Mi goi Maggi it duong,242000,24,Ke F3-03,307,2026-08-23
8930000002724,P-339030,Mi goi Closeup cao cap,322000,33,Ke I2-07,880,2026-09-24
8930000002725,P-417530,Mi goi Vinamilk cao cap,105000,167,Ke G3-05,185,2026-07-22
8930000002726,P-414313,Gia vi Chin-su huong vi tu nhien,327000,94,Ke D4-07,728,2026-08-16
8930000002727,P-331148,Sua tam Oishi cao cap,482000,221,Ke J2-03,583,2026-08-20
8930000002728,P-343420,Hat nem Simply goi 85g,199000,52,Ke J3-02,854,2026-09-25
8930000002729,P-534574,Nuoc tuong OMO tiet kiem,101000,13,Ke J2-05,129,2026-08-29
8930000002730,P-762985,Dau an Knorr huong vi tu nhien,196000,222,Ke K2-09,762,2026-09-09
8930000002731,P-701568,Nuoc suoi Pepsi it duong,106000,158,Ke K5-09,619,2026-09-04
8930000002732,P-410997,Hat nem Tuong An it duong,244000,194,Ke B5-07,446,2026-07-17
8930000002733,P-445658,Nuoc suoi Clear huong vi tu nhien,262000,227,Ke F3-03,291,2026-09-02
8930000002734,P-635205,Nuoc tuong Chin-su chai 1L,486000,73,Ke I3-06,21,2026-08-07
8930000002735,P-829988,Nuoc suoi Nam Ngu chai 500ml,423000,16,Ke J3-03,997,2026-07-24
8930000002736,P-274573,Nuoc lau san OMO hop 200g,194000,144,Ke H1-04,582,2026-08-10
8930000002737,P-706135,Khan giay Sunlight chai 1L,148000,172,Ke D3-02,859,2026-08-04
8930000002738,P-746850,Dau goi Lavie huong vi tu nhien,135000,239,Ke B5-09,206,2026-10-03
8930000002739,P-511707,Banh quy Sunsilk hop 200g,411000,179,Ke E2-09,520,2026-08-06
8930000002740,P-889759,Tuong ot Barona loc 4 hop,148000,210,Ke K4-09,985,2026-08-09
8930000002741,P-866288,Sua tam Sting hop 200g,278000,137,Ke H1-07,717,2026-09-20
8930000002742,P-932463,Nuoc giat Lifebuoy cao cap,14000,226,Ke J1-02,866,2026-08-31
8930000002743,P-397846,Khan giay Sting dam da,44000,18,Ke D5-05,815,2026-08-07
8930000002744,P-886609,Nuoc ngot Lavie chai 1L,248000,188,Ke G4-06,0,2026-07-12
8930000002745,P-370902,Snack Kinh Do goi 85g,375000,263,Ke G1-02,393,2026-08-02
8930000002746,P-938016,Ca phe Tuong An hop 200g,457000,97,Ke D3-04,992,2026-08-17
8930000002747,P-951755,Khan giay Maggi cao cap,225000,299,Ke I3-01,904,2026-08-29
8930000002748,P-968286,Snack Sunsilk huong vi tu nhien,333000,176,Ke G4-04,496,2026-08-21
8930000002749,P-870899,Ca phe TH True Milk khong duong,425000,140,Ke C5-07,73,2026-08-04
8930000002750,P-378428,Nuoc tuong Oishi khong duong,463000,174,Ke H1-05,981,2026-09-29
8930000002751,P-710256,Dau an Lavie huong vi tu nhien,444000,128,Ke I3-08,438,2026-09-11
8930000002752,P-359249,Dau goi Sunlight loc 4 hop,266000,41,Ke K4-04,529,2026-07-13
8930000002753,P-177289,Ca phe Oishi it duong,391000,213,Ke I1-07,200,2026-08-23
8930000002754,P-440998,Nuoc lau san Aquafina it duong,12000,48,Ke A1-03,449,2026-07-25
8930000002755,P-374680,Gia vi Coca Cola hop 200g,173000,48,Ke J2-01,777,2026-08-27
8930000002756,P-369761,Nuoc lau san Sunlight chai 500ml,78000,255,Ke H3-09,385,2026-08-04
8930000002757,P-587546,Banh quy Maggi it duong,201000,172,Ke G2-01,968,2026-09-09
8930000002758,P-219565,Sua tam Nam Ngu loc 4 hop,158000,149,Ke D5-05,412,2026-07-30
8930000002759,P-526117,Khan giay Coca Cola truyen thong,381000,130,Ke D1-09,73,2026-07-09
8930000002760,P-755900,Dau an Nam Ngu it duong,192000,230,Ke K4-02,488,2026-09-27
8930000002761,P-379378,Nuoc giat Maggi it duong,432000,68,Ke H3-05,887,2026-08-19
8930000002762,P-157196,Nuoc giat Sting chai 1L,91000,216,Ke C4-04,965,2026-08-14
8930000002763,P-418992,Nuoc giat Nescafe chai 500ml,359000,26,Ke I5-09,936,2026-07-18
8930000002764,P-100754,Nuoc xa Comfort can 2L,138000,258,Ke F5-05,700,2026-08-28
8930000002765,P-534096,Hat nem Knorr goi 85g,367000,176,Ke C5-06,868,2026-09-09
8930000002766,P-621546,Nuoc giat Clear can 2L,406000,134,Ke A2-08,398,2026-08-05
8930000002767,P-353814,Sua tam Nescafe can 2L,147000,17,Ke E2-01,981,2026-08-03
8930000002768,P-568449,Sua tam Sting chai 500ml,44000,162,Ke J4-06,204,2026-08-26
8930000002769,P-813763,Mi goi Kinh Do chai 500ml,389000,246,Ke D2-01,636,2026-07-20
8930000002770,P-265759,Banh quy OMO huong vi tu nhien,332000,28,Ke J3-01,815,2026-08-12
8930000002771,P-950576,Kem danh rang Coca Cola chai 500ml,374000,264,Ke C2-05,739,2026-08-31
8930000002772,P-163780,Snack Simply goi 85g,493000,175,Ke K4-06,251,2026-08-21
8930000002773,P-178686,Nuoc mam Barona it duong,445000,71,Ke G4-01,646,2026-07-08
8930000002774,P-791423,Sua tuoi Sunlight huong vi tu nhien,136000,243,Ke A5-02,71,2026-09-26
8930000002775,P-330080,Hat nem Comfort loc 4 hop,302000,190,Ke G1-02,614,2026-07-07
8930000002776,P-709254,Khan giay G7 hop 200g,305000,209,Ke F1-02,560,2026-09-20
8930000002777,P-936124,Snack G7 it duong,386000,234,Ke E4-07,78,2026-08-25
8930000002778,P-895794,Ca phe Red Bull can 2L,220000,52,Ke I4-09,498,2026-07-10
8930000002779,P-414922,Sua tuoi Tuong An truyen thong,239000,215,Ke G4-09,906,2026-09-15
8930000002780,P-611187,Khan giay Vinamilk truyen thong,193000,73,Ke F4-06,614,2026-07-20
8930000002781,P-263281,Kem danh rang Vinamilk goi 85g,331000,39,Ke E2-04,708,2026-09-04
8930000002782,P-628597,Sua tuoi Clear khong duong,297000,100,Ke H4-05,875,2026-10-01
8930000002783,P-638401,Snack Tuong An can 2L,351000,128,Ke J5-07,178,2026-09-14
8930000002784,P-962520,Mi goi Tuong An huong vi tu nhien,184000,39,Ke D1-09,397,2026-08-16
8930000002785,P-272537,Banh quy Knorr can 2L,160000,235,Ke D2-09,604,2026-09-22
8930000002786,P-938403,Nuoc suoi Sting truyen thong,382000,261,Ke F2-05,466,2026-08-26
8930000002787,P-325595,Ca phe Comfort khong duong,4000,101,Ke F5-05,288,2026-09-20
8930000002788,P-808640,Sua tuoi Barona truyen thong,450000,90,Ke D5-08,660,2026-09-05
8930000002789,P-447596,Kem danh rang Kinh Do goi 85g,471000,213,Ke G3-08,490,2026-08-26
8930000002790,P-809589,Nuoc ngot Nam Ngu dam da,499000,109,Ke F1-09,690,2026-09-09
8930000002791,P-526259,Sua tuoi Omachi chai 500ml,266000,196,Ke D3-07,790,2026-08-24
8930000002792,P-548081,Nuoc tuong Comfort dam da,181000,112,Ke J5-09,373,2026-07-14
8930000002793,P-327408,Nuoc mam Lifebuoy dam da,253000,286,Ke J3-06,897,2026-07-16
8930000002794,P-141158,Khan giay TH True Milk tiet kiem,298000,272,Ke E1-03,994,2026-07-25
8930000002795,P-781463,Dau goi Lavie chai 500ml,416000,270,Ke B4-08,353,2026-07-16
8930000002796,P-593649,Nuoc mam Nam Ngu goi 85g,108000,54,Ke J2-05,545,2026-07-22
8930000002797,P-515182,Mi goi Nescafe truyen thong,394000,26,Ke A2-09,66,2026-08-31
8930000002798,P-599219,Dau goi Nam Ngu loc 4 hop,68000,93,Ke E2-02,705,2026-07-18
8930000002799,P-670027,Kem danh rang Oishi can 2L,384000,128,Ke A5-02,177,2026-09-25
8930000002800,P-233751,Nuoc lau san Lavie khong duong,244000,103,Ke E1-02,302,2026-08-13
8930000002801,P-226516,Mi goi Nam Ngu it duong,45000,175,Ke K3-06,200,2026-09-27
8930000002802,P-216587,Mi goi Lavie it duong,22000,102,Ke A3-05,10,2026-08-07
8930000002803,P-597923,Nuoc giat Nescafe dam da,346000,56,Ke A5-07,369,2026-07-17
8930000002804,P-169326,Nuoc tuong Knorr cao cap,396000,165,Ke F4-07,759,2026-07-05
8930000002805,P-423528,Sua tam Simply truyen thong,412000,161,Ke F3-02,801,2026-07-24
8930000002806,P-182868,Nuoc mam Lay's hop 200g,53000,77,Ke G5-05,349,2026-09-14
8930000002807,P-794530,Banh quy Pepsi loc 4 hop,353000,47,Ke J1-01,429,2026-09-20
8930000002808,P-402620,Dau goi Colgate chai 1L,356000,52,Ke A1-09,651,2026-09-17
8930000002809,P-700076,Nuoc mam Closeup loc 4 hop,71000,68,Ke G5-03,427,2026-07-31
8930000002810,P-911414,Dau an Omachi cao cap,45000,260,Ke F4-03,665,2026-08-16
8930000002811,P-207473,Khan giay Oishi tiet kiem,198000,79,Ke A5-04,646,2026-08-30
8930000002812,P-960394,Nuoc xa Oishi tiet kiem,480000,49,Ke A1-06,582,2026-09-04
8930000002813,P-457411,Dau an Closeup tiet kiem,327000,185,Ke H2-03,564,2026-07-15
8930000002814,P-897143,Nuoc giat TH True Milk truyen thong,106000,85,Ke C1-01,983,2026-07-13
8930000002815,P-639995,Nuoc giat Barona loc 4 hop,289000,178,Ke J4-03,260,2026-09-09
8930000002816,P-436653,Nuoc tuong Sting dam da,77000,184,Ke B3-06,190,2026-09-28
8930000002817,P-232915,Snack Closeup goi 85g,455000,16,Ke C5-07,16,2026-08-16
8930000002818,P-931627,Banh quy Knorr goi 85g,17000,93,Ke C3-01,428,2026-08-19
8930000002819,P-410158,Ca phe Maggi can 2L,137000,235,Ke G5-06,42,2026-07-21
8930000002820,P-364650,Sua tuoi Tuong An dam da,327000,262,Ke J5-06,446,2026-08-14
8930000002821,P-341535,Nuoc suoi Nam Ngu huong vi tu nhien,51000,204,Ke F3-07,824,2026-09-16
8930000002822,P-741390,Hat nem G7 goi 85g,254000,276,Ke I5-08,745,2026-08-16
8930000002823,P-270341,Kem danh rang Pepsi truyen thong,469000,126,Ke B2-07,674,2026-09-27
8930000002824,P-515011,Sua tam Colgate khong duong,456000,75,Ke J1-02,100,2026-09-09
8930000002825,P-333238,Nuoc tuong Coca Cola huong vi tu nhien,475000,148,Ke H5-05,681,2026-08-07
8930000002826,P-454123,Mi goi Sunsilk hop 200g,318000,12,Ke D5-01,212,2026-08-22
8930000002827,P-302957,Nuoc ngot Sunsilk truyen thong,376000,136,Ke I5-06,747,2026-09-02
8930000002828,P-461551,Nuoc tuong Chin-su truyen thong,294000,153,Ke E1-02,265,2026-08-06
8930000002829,P-206142,Gia vi Clear huong vi tu nhien,493000,190,Ke D3-08,131,2026-07-24
8930000002830,P-581137,Hat nem Oishi chai 500ml,454000,52,Ke G4-04,654,2026-09-26
8930000002831,P-238610,Gia vi Lavie truyen thong,116000,69,Ke K4-08,8,2026-07-24
8930000002832,P-672536,Nuoc suoi Sunlight goi 85g,391000,269,Ke G5-07,854,2026-08-22
8930000002833,P-644719,Dau goi Lifebuoy cao cap,79000,90,Ke F5-03,893,2026-09-13
8930000002834,P-792829,Nuoc lau san Maggi khong duong,370000,279,Ke A1-09,223,2026-09-14
8930000002835,P-530311,Hat nem Aquafina it duong,24000,228,Ke I5-06,437,2026-07-27
8930000002836,P-413433,Ca phe Closeup chai 1L,251000,214,Ke K4-09,18,2026-07-17
8930000002837,P-320038,Dau goi Tuong An chai 500ml,413000,287,Ke D4-05,751,2026-08-29
8930000002838,P-969226,Gia vi Lavie hop 200g,246000,176,Ke C1-04,365,2026-07-14
8930000002839,P-315780,Tuong ot Kinh Do can 2L,168000,181,Ke K3-03,945,2026-07-31
8930000002840,P-322142,Khan giay Red Bull loc 4 hop,278000,239,Ke E1-02,722,2026-07-14
8930000002841,P-930605,Ca phe G7 chai 1L,353000,85,Ke G4-06,778,2026-09-18
8930000002842,P-465973,Nuoc ngot OMO hop 200g,319000,257,Ke G3-06,229,2026-08-30
8930000002843,P-844037,Khan giay Pepsi chai 500ml,406000,167,Ke B3-07,318,2026-09-19
8930000002844,P-845635,Khan giay Coca Cola can 2L,274000,223,Ke D1-01,579,2026-09-07
8930000002845,P-998043,Kem danh rang Clear goi 85g,421000,99,Ke A1-07,803,2026-09-09
8930000002846,P-364955,Banh quy Kinh Do tiet kiem,380000,172,Ke J4-03,176,2026-08-29
8930000002847,P-690579,Dau an Omachi goi 85g,146000,282,Ke D3-03,491,2026-08-16
8930000002848,P-564226,Sua tam Nescafe huong vi tu nhien,293000,271,Ke E4-01,977,2026-09-23
8930000002849,P-701949,Nuoc lau san TH True Milk loc 4 hop,7000,109,Ke D3-09,5,2026-09-24
8930000002850,P-973074,Snack Sunlight it duong,227000,128,Ke F5-07,409,2026-08-02
8930000002851,P-535020,Nuoc ngot Barona chai 500ml,170000,138,Ke E4-01,353,2026-09-02
8930000002852,P-107540,Gia vi Omachi chai 1L,23000,228,Ke H3-07,648,2026-07-06
8930000002853,P-288503,Dau an Red Bull khong duong,27000,175,Ke D4-05,639,2026-07-22
8930000002854,P-954845,Mi goi Hao Hao hop 200g,356000,83,Ke I3-07,455,2026-07-15
8930000002855,P-906814,Dau an OMO goi 85g,189000,26,Ke C1-06,993,2026-08-23
8930000002856,P-317208,Tuong ot Nescafe it duong,443000,15,Ke K4-08,348,2026-08-24
8930000002857,P-955662,Nuoc tuong Omachi dam da,471000,86,Ke G2-07,266,2026-09-06
8930000002858,P-803204,Khan giay Aquafina chai 1L,247000,267,Ke E3-07,2,2026-08-07
8930000002859,P-480612,Nuoc tuong Lay's tiet kiem,429000,16,Ke H3-02,682,2026-07-23
8930000002860,P-587455,Gia vi Hao Hao hop 200g,261000,38,Ke H4-06,379,2026-09-25
8930000002861,P-288627,Dau an Oishi cao cap,355000,146,Ke E1-05,618,2026-09-12
8930000002862,P-945362,Snack Nam Ngu cao cap,54000,224,Ke E5-09,182,2026-07-29
8930000002863,P-517206,Hat nem G7 tiet kiem,332000,177,Ke K5-08,278,2026-08-08
8930000002864,P-613117,Nuoc giat Pepsi chai 500ml,197000,168,Ke J1-08,19,2026-08-18
8930000002865,P-320073,Snack Knorr truyen thong,316000,139,Ke K2-05,227,2026-08-09
8930000002866,P-844305,Nuoc tuong Red Bull cao cap,255000,57,Ke F4-03,973,2026-09-15
8930000002867,P-153642,Sua tuoi Comfort hop 200g,139000,32,Ke H4-04,305,2026-09-19
8930000002868,P-871667,Kem danh rang Nam Ngu chai 500ml,306000,242,Ke H1-01,679,2026-09-27
8930000002869,P-978292,Nuoc ngot Hao Hao chai 500ml,332000,134,Ke H4-04,784,2026-08-28
8930000002870,P-924040,Khan giay Tuong An it duong,342000,41,Ke K3-09,495,2026-09-16
8930000002871,P-506351,Nuoc mam Aquafina chai 500ml,242000,261,Ke F4-05,106,2026-09-05
8930000002872,P-826490,Snack Tuong An cao cap,497000,254,Ke E1-07,546,2026-08-22
8930000002873,P-938722,Kem danh rang Sting it duong,320000,165,Ke C2-03,549,2026-08-18
8930000002874,P-304394,Kem danh rang Aquafina goi 85g,12000,181,Ke H5-05,852,2026-08-02
8930000002875,P-681478,Kem danh rang Barona goi 85g,53000,214,Ke G1-03,806,2026-07-28
8930000002876,P-521818,Nuoc suoi Colgate cao cap,63000,104,Ke G2-04,218,2026-07-12
8930000002877,P-276827,Ca phe Sting huong vi tu nhien,156000,14,Ke H1-05,410,2026-07-20
8930000002878,P-501650,Nuoc giat Colgate truyen thong,52000,135,Ke H5-08,737,2026-07-07
8930000002879,P-147727,Hat nem Knorr dam da,287000,183,Ke F5-06,42,2026-07-29
8930000002880,P-349136,Tuong ot Red Bull loc 4 hop,193000,211,Ke A1-08,26,2026-09-09
8930000002881,P-208214,Khan giay Comfort chai 1L,54000,14,Ke B4-06,630,2026-07-09
8930000002882,P-685549,Sua tuoi Closeup huong vi tu nhien,391000,58,Ke H1-07,471,2026-07-22
8930000002883,P-840058,Nuoc suoi Oishi huong vi tu nhien,253000,283,Ke G5-03,966,2026-07-28
8930000002884,P-446479,Snack Lavie cao cap,53000,208,Ke C1-06,592,2026-09-03
8930000002885,P-871041,Nuoc tuong Sunsilk tiet kiem,475000,222,Ke H4-04,361,2026-09-08
8930000002886,P-911739,Sua tam Red Bull it duong,191000,187,Ke I5-07,46,2026-08-02
8930000002887,P-539963,Banh quy Sting khong duong,71000,278,Ke I2-05,797,2026-09-23
8930000002888,P-443897,Tuong ot Simply tiet kiem,179000,59,Ke D5-01,76,2026-08-30
8930000002889,P-663658,Tuong ot TH True Milk hop 200g,242000,163,Ke C4-05,998,2026-07-17
8930000002890,P-420349,Hat nem Pepsi chai 1L,438000,120,Ke F4-07,452,2026-09-25
8930000002891,P-233534,Nuoc suoi G7 huong vi tu nhien,103000,10,Ke K1-08,689,2026-09-04
8930000002892,P-193946,Kem danh rang Sunsilk cao cap,226000,191,Ke I2-07,844,2026-09-30
8930000002893,P-953047,Nuoc lau san Chin-su chai 500ml,95000,217,Ke D4-05,724,2026-09-25
8930000002894,P-403507,Dau an Maggi goi 85g,445000,272,Ke G4-02,90,2026-09-17
8930000002895,P-191537,Dau an Nam Ngu tiet kiem,413000,90,Ke B3-03,330,2026-09-13
8930000002896,P-130434,Dau goi Kinh Do dam da,302000,255,Ke K5-03,863,2026-08-22
8930000002897,P-166613,Khan giay Sunlight loc 4 hop,204000,168,Ke H3-05,386,2026-08-17
8930000002898,P-335612,Tuong ot Chin-su chai 500ml,354000,167,Ke E3-02,112,2026-07-29
8930000002899,P-605483,Nuoc ngot OMO tiet kiem,355000,277,Ke K3-02,218,2026-08-16
8930000002900,P-360096,Nuoc giat Nam Ngu goi 85g,497000,14,Ke K3-03,59,2026-09-07
8930000002901,P-185884,Nuoc tuong Comfort cao cap,332000,281,Ke B5-04,455,2026-08-10
8930000002902,P-512151,Nuoc lau san Knorr tiet kiem,54000,279,Ke E4-02,266,2026-08-16
8930000002903,P-487380,Dau an Chin-su huong vi tu nhien,487000,43,Ke E5-04,203,2026-09-02
8930000002904,P-976042,Snack Tuong An huong vi tu nhien,463000,54,Ke B2-08,173,2026-07-26
8930000002905,P-550955,Tuong ot Barona chai 1L,8000,105,Ke A5-08,899,2026-08-14
8930000002906,P-512040,Ca phe Sting can 2L,26000,298,Ke A4-08,445,2026-09-20
8930000002907,P-936020,Nuoc tuong Simply tiet kiem,241000,198,Ke C5-06,2,2026-08-03
8930000002908,P-684646,Sua tam Colgate can 2L,355000,38,Ke K4-03,981,2026-09-21
8930000002909,P-849937,Nuoc xa Omachi huong vi tu nhien,147000,284,Ke I5-07,574,2026-09-27
8930000002910,P-171734,Ca phe Hao Hao goi 85g,202000,299,Ke D1-04,907,2026-07-10
8930000002911,P-132938,Nuoc mam Coca Cola loc 4 hop,338000,173,Ke G3-07,478,2026-08-26
8930000002912,P-942956,Nuoc ngot Oishi hop 200g,45000,210,Ke A3-04,623,2026-07-08
8930000002913,P-473321,Sua tuoi Coca Cola tiet kiem,469000,133,Ke J1-08,660,2026-10-02
8930000002914,P-686179,Hat nem Knorr khong duong,175000,63,Ke J4-01,126,2026-07-25
8930000002915,P-846454,Mi goi Clear chai 500ml,289000,298,Ke B2-07,557,2026-09-15
8930000002916,P-682145,Gia vi Coca Cola can 2L,491000,10,Ke H3-03,120,2026-08-22
8930000002917,P-786516,Hat nem Kinh Do hop 200g,130000,208,Ke C3-03,411,2026-10-03
8930000002918,P-772925,Dau an Chin-su dam da,219000,297,Ke A5-09,466,2026-08-18
8930000002919,P-829308,Nuoc suoi G7 huong vi tu nhien,75000,123,Ke D3-09,236,2026-07-31
8930000002920,P-947975,Ca phe Nam Ngu cao cap,432000,47,Ke A4-06,459,2026-09-03
8930000002921,P-493468,Snack Sunlight dam da,248000,164,Ke F3-07,587,2026-09-06
8930000002922,P-215233,Kem danh rang Hao Hao huong vi tu nhien,451000,88,Ke B3-01,929,2026-09-22
8930000002923,P-564656,Dau an Barona goi 85g,128000,101,Ke B5-06,376,2026-07-30
8930000002924,P-941325,Gia vi Lifebuoy can 2L,292000,11,Ke D3-08,102,2026-08-01
8930000002925,P-828038,Nuoc xa Kinh Do can 2L,361000,18,Ke D1-06,420,2026-07-31
8930000002926,P-784488,Nuoc giat Barona huong vi tu nhien,460000,298,Ke E1-03,259,2026-07-06
8930000002927,P-170499,Dau goi Vinamilk chai 500ml,50000,205,Ke E5-04,779,2026-07-14
8930000002928,P-343923,Nuoc tuong Oishi chai 500ml,109000,127,Ke H4-09,265,2026-09-19
8930000002929,P-529008,Nuoc tuong Sting tiet kiem,429000,211,Ke H4-07,878,2026-09-26
8930000002930,P-286044,Sua tuoi Coca Cola loc 4 hop,117000,163,Ke F5-08,692,2026-07-14
8930000002931,P-772324,Hat nem Comfort dam da,330000,246,Ke D1-04,231,2026-09-11
8930000002932,P-507290,Nuoc suoi Oishi tiet kiem,218000,236,Ke F4-05,889,2026-08-21
8930000002933,P-749468,Nuoc ngot Sunsilk huong vi tu nhien,157000,282,Ke E5-01,600,2026-08-26
8930000002934,P-772985,Nuoc giat Clear tiet kiem,114000,64,Ke I1-06,396,2026-10-01
8930000002935,P-891918,Snack Sunlight loc 4 hop,86000,252,Ke A4-06,837,2026-07-21
8930000002936,P-391668,Ca phe OMO can 2L,214000,65,Ke B1-01,495,2026-07-22
8930000002937,P-827912,Nuoc xa Coca Cola loc 4 hop,454000,235,Ke F3-06,428,2026-08-21
8930000002938,P-429795,Nuoc giat Omachi goi 85g,292000,238,Ke C2-07,699,2026-07-22
8930000002939,P-499407,Tuong ot Knorr goi 85g,175000,142,Ke K1-04,593,2026-10-02
8930000002940,P-857524,Khan giay G7 loc 4 hop,492000,199,Ke I3-07,11,2026-08-09
8930000002941,P-753484,Dau goi Clear hop 200g,376000,98,Ke K4-02,223,2026-07-29
8930000002942,P-262555,Dau an Barona chai 1L,403000,285,Ke H1-08,904,2026-08-08
8930000002943,P-512344,Nuoc giat Sting hop 200g,194000,244,Ke A2-07,147,2026-08-16
8930000002944,P-213282,Hat nem Red Bull can 2L,304000,99,Ke H1-02,56,2026-08-08
8930000002945,P-398910,Hat nem Aquafina dam da,69000,288,Ke J4-03,191,2026-07-11
8930000002946,P-329448,Banh quy Pepsi goi 85g,498000,90,Ke E2-03,237,2026-09-09
8930000002947,P-854701,Hat nem TH True Milk tiet kiem,76000,115,Ke J5-04,258,2026-08-29
8930000002948,P-227885,Dau goi Vinamilk tiet kiem,208000,19,Ke G5-05,724,2026-09-04
8930000002949,P-559259,Sua tuoi Coca Cola hop 200g,179000,71,Ke D3-08,550,2026-08-14
8930000002950,P-579776,Snack Sunsilk khong duong,309000,161,Ke B2-09,351,2026-09-02
8930000002951,P-669868,Nuoc xa Lifebuoy huong vi tu nhien,19000,200,Ke E3-09,907,2026-07-24
8930000002952,P-892911,Snack Knorr goi 85g,248000,179,Ke D1-02,984,2026-07-21
8930000002953,P-216739,Nuoc lau san OMO huong vi tu nhien,134000,90,Ke F3-05,926,2026-09-15
8930000002954,P-902448,Nuoc lau san OMO huong vi tu nhien,168000,131,Ke H4-05,993,2026-09-17
8930000002955,P-665847,Kem danh rang Lavie tiet kiem,18000,250,Ke I4-09,542,2026-07-14
8930000002956,P-382507,Nuoc giat Nescafe chai 1L,17000,97,Ke A2-03,172,2026-09-18
8930000002957,P-788842,Hat nem Maggi dam da,472000,251,Ke A1-06,573,2026-08-13
8930000002958,P-601968,Sua tam Barona it duong,490000,300,Ke K2-09,830,2026-08-04
8930000002959,P-425498,Gia vi G7 tiet kiem,250000,86,Ke I4-04,846,2026-07-06
8930000002960,P-578160,Mi goi Tuong An tiet kiem,83000,163,Ke J3-07,177,2026-07-22
8930000002961,P-559457,Nuoc ngot Red Bull cao cap,298000,205,Ke E3-02,437,2026-10-02
8930000002962,P-612756,Hat nem Nam Ngu tiet kiem,96000,282,Ke I5-01,482,2026-10-03
8930000002963,P-704095,Sua tuoi Lavie dam da,362000,26,Ke C5-08,319,2026-08-21
8930000002964,P-138105,Mi goi Omachi huong vi tu nhien,78000,86,Ke K1-02,740,2026-08-02
8930000002965,P-847251,Kem danh rang Knorr chai 500ml,487000,144,Ke B4-05,542,2026-08-01
8930000002966,P-221886,Khan giay Omachi cao cap,445000,39,Ke A3-07,425,2026-09-17
8930000002967,P-501677,Nuoc giat Lavie cao cap,381000,14,Ke B3-03,415,2026-07-08
8930000002968,P-253023,Gia vi Sting loc 4 hop,144000,92,Ke A2-07,56,2026-08-03
8930000002969,P-398761,Nuoc tuong Barona tiet kiem,177000,154,Ke I2-04,13,2026-07-22
8930000002970,P-286638,Kem danh rang G7 can 2L,75000,126,Ke I2-07,547,2026-07-05
8930000002971,P-340497,Sua tuoi Pepsi huong vi tu nhien,410000,50,Ke E3-08,608,2026-09-14
8930000002972,P-604283,Hat nem Omachi chai 1L,251000,43,Ke E5-06,512,2026-07-05
8930000002973,P-667750,Nuoc ngot Lay's cao cap,238000,8,Ke B3-01,739,2026-09-20
8930000002974,P-530749,Gia vi Pepsi can 2L,314000,252,Ke K2-01,632,2026-09-17
8930000002975,P-106892,Kem danh rang Kinh Do hop 200g,69000,28,Ke B5-03,562,2026-08-19
8930000002976,P-865630,Dau an Simply it duong,363000,81,Ke J4-01,851,2026-08-30
8930000002977,P-313214,Gia vi Colgate it duong,389000,249,Ke J3-09,165,2026-07-20
8930000002978,P-759531,Nuoc ngot Lavie goi 85g,496000,195,Ke F1-02,439,2026-09-06
8930000002979,P-213697,Khan giay Colgate can 2L,45000,149,Ke J2-01,925,2026-08-05
8930000002980,P-741079,Snack Comfort can 2L,157000,61,Ke E2-05,574,2026-08-05
8930000002981,P-808011,Hat nem Oishi chai 1L,84000,202,Ke C3-02,529,2026-07-26
8930000002982,P-543814,Hat nem Lifebuoy dam da,94000,158,Ke K5-08,745,2026-08-07
8930000002983,P-931928,Hat nem Sunsilk cao cap,225000,241,Ke H2-05,304,2026-09-09
8930000002984,P-968170,Ca phe Nam Ngu cao cap,455000,180,Ke E5-08,531,2026-08-01
8930000002985,P-691353,Nuoc mam Lay's chai 1L,188000,248,Ke B3-07,770,2026-08-25
8930000002986,P-884897,Hat nem Maggi goi 85g,446000,27,Ke C5-01,781,2026-09-05
8930000002987,P-936821,Nuoc suoi Barona goi 85g,334000,14,Ke K3-03,300,2026-08-04
8930000002988,P-561101,Gia vi Sunlight chai 1L,495000,30,Ke K1-01,581,2026-08-28
8930000002989,P-962367,Sua tuoi Lay's dam da,217000,186,Ke H2-08,425,2026-09-17
8930000002990,P-701334,Ca phe Maggi khong duong,210000,200,Ke C2-06,267,2026-07-19
8930000002991,P-708299,Dau an Barona huong vi tu nhien,116000,216,Ke J2-01,609,2026-09-23
8930000002992,P-669827,Nuoc suoi Barona cao cap,33000,56,Ke K3-03,477,2026-09-03
8930000002993,P-562806,Nuoc ngot Lifebuoy dam da,388000,240,Ke C2-07,318,2026-09-25
8930000002994,P-233533,Nuoc suoi Red Bull chai 500ml,218000,297,Ke A1-02,534,2026-08-30
8930000002995,P-178086,Dau an Barona hop 200g,411000,119,Ke D3-09,754,2026-08-30
8930000002996,P-368691,Nuoc giat OMO loc 4 hop,86000,85,Ke J5-04,854,2026-07-13
8930000002997,P-127351,Snack Lay's chai 1L,353000,217,Ke H4-02,361,2026-09-02
8930000002998,P-399105,Khan giay Vinamilk tiet kiem,89000,90,Ke G2-05,476,2026-09-03
8930000002999,P-138436,Dau goi Lavie huong vi tu nhien,24000,108,Ke C5-01,588,2026-09-29
8930000003000,P-144887,Banh quy Pepsi loc 4 hop,434000,237,Ke G1-05,308,2026-09-15
8930000003001,P-748151,Nuoc giat G7 can 2L,130000,171,Ke F3-01,731,2026-08-28
8930000003002,P-602248,Nuoc mam Colgate it duong,66000,210,Ke J4-03,741,2026-07-05
8930000003003,P-994188,Banh quy Clear chai 1L,229000,191,Ke E5-04,636,2026-09-08
8930000003004,P-343007,Ca phe Simply cao cap,297000,209,Ke J1-05,327,2026-09-06
8930000003005,P-758765,Gia vi Sunlight khong duong,408000,182,Ke C5-08,571,2026-07-07
8930000003006,P-973703,Hat nem Lavie can 2L,104000,132,Ke I1-04,252,2026-10-01
8930000003007,P-501058,Nuoc xa Simply loc 4 hop,177000,132,Ke K2-01,185,2026-09-04
8930000003008,P-477943,Sua tam Knorr dam da,435000,96,Ke C3-08,955,2026-09-01
8930000003009,P-302472,Sua tuoi Colgate hop 200g,278000,196,Ke D4-03,56,2026-09-03
8930000003010,P-735818,Hat nem Aquafina huong vi tu nhien,168000,42,Ke G1-03,254,2026-09-17
8930000003011,P-543692,Snack Hao Hao huong vi tu nhien,252000,50,Ke F3-06,547,2026-08-01
8930000003012,P-665427,Banh quy OMO hop 200g,492000,141,Ke K1-05,155,2026-09-14
8930000003013,P-935012,Ca phe Lavie chai 1L,159000,41,Ke B5-03,380,2026-08-17
8930000003014,P-661652,Mi goi Omachi chai 500ml,122000,266,Ke A4-09,77,2026-07-20
8930000003015,P-722899,Mi goi Sunlight it duong,424000,181,Ke A3-04,746,2026-07-07
8930000003016,P-507652,Ca phe Lay's loc 4 hop,479000,40,Ke J4-02,341,2026-07-07
8930000003017,P-944917,Nuoc xa Sunlight tiet kiem,163000,188,Ke H1-07,442,2026-09-04
8930000003018,P-120324,Nuoc mam G7 cao cap,335000,72,Ke E4-04,17,2026-08-09
8930000003019,P-536181,Nuoc ngot Clear chai 1L,71000,43,Ke K5-06,913,2026-08-09
8930000003020,P-429445,Hat nem Lavie khong duong,7000,5,Ke H4-02,320,2026-09-28
8930000003021,P-938141,Ca phe Omachi huong vi tu nhien,163000,292,Ke K4-09,828,2026-08-19
8930000003022,P-573962,Sua tam Lay's can 2L,238000,44,Ke E2-04,709,2026-08-10
8930000003023,P-573209,Sua tuoi Barona goi 85g,24000,24,Ke B1-02,938,2026-08-28
8930000003024,P-459836,Sua tam Clear dam da,437000,30,Ke D5-03,497,2026-07-30
8930000003025,P-797416,Nuoc lau san G7 goi 85g,53000,280,Ke J2-01,287,2026-08-14
8930000003026,P-739966,Nuoc ngot Coca Cola it duong,287000,272,Ke B4-09,484,2026-07-05
8930000003027,P-674566,Nuoc tuong Clear chai 500ml,48000,275,Ke K3-07,953,2026-07-19
8930000003028,P-738720,Banh quy Aquafina cao cap,21000,200,Ke F4-09,549,2026-09-13
8930000003029,P-446954,Dau goi Red Bull khong duong,271000,22,Ke A4-03,731,2026-08-02
8930000003030,P-308802,Nuoc mam Comfort huong vi tu nhien,373000,288,Ke B3-08,158,2026-07-15
8930000003031,P-871153,Tuong ot Sting it duong,183000,220,Ke E1-08,528,2026-09-05
8930000003032,P-198907,Sua tuoi Nescafe it duong,28000,209,Ke J4-09,778,2026-07-19
8930000003033,P-254506,Gia vi Colgate hop 200g,193000,57,Ke K3-06,1000,2026-08-28
8930000003034,P-971662,Khan giay Nescafe it duong,213000,241,Ke B3-07,492,2026-08-31
8930000003035,P-395968,Gia vi TH True Milk chai 1L,197000,274,Ke I4-08,381,2026-09-25
8930000003036,P-616596,Nuoc tuong Lavie tiet kiem,254000,56,Ke B4-05,362,2026-08-09
8930000003037,P-504048,Banh quy Aquafina cao cap,314000,192,Ke G2-05,254,2026-09-22
8930000003038,P-818987,Nuoc lau san TH True Milk cao cap,338000,229,Ke D5-03,16,2026-09-29
8930000003039,P-702826,Dau an Aquafina goi 85g,430000,182,Ke G3-04,245,2026-08-04
8930000003040,P-813824,Nuoc xa Red Bull tiet kiem,126000,14,Ke K2-02,387,2026-08-01
8930000003041,P-327114,Nuoc tuong Red Bull dam da,306000,87,Ke G1-06,289,2026-07-25
8930000003042,P-253011,Nuoc xa Closeup khong duong,9000,57,Ke C3-01,141,2026-08-17
8930000003043,P-365617,Ca phe Lavie chai 500ml,15000,34,Ke F3-01,519,2026-09-29
8930000003044,P-986575,Gia vi Oishi goi 85g,434000,111,Ke J4-07,646,2026-08-06
8930000003045,P-847332,Hat nem G7 goi 85g,247000,74,Ke E4-02,401,2026-09-06
8930000003046,P-481574,Sua tuoi Nam Ngu tiet kiem,409000,149,Ke D5-04,790,2026-07-10
8930000003047,P-503575,Banh quy Vinamilk huong vi tu nhien,300000,45,Ke E2-06,161,2026-07-17
8930000003048,P-844261,Ca phe Lay's it duong,12000,256,Ke E1-08,581,2026-07-23
8930000003049,P-922366,Sua tam Lavie loc 4 hop,214000,203,Ke C5-08,709,2026-09-09
8930000003050,P-140804,Kem danh rang Hao Hao goi 85g,313000,198,Ke C2-06,158,2026-08-07
8930000003051,P-467506,Snack Colgate chai 1L,31000,7,Ke C2-04,38,2026-09-17
8930000003052,P-342924,Hat nem Maggi loc 4 hop,22000,195,Ke G4-08,873,2026-09-20
8930000003053,P-141241,Nuoc mam Aquafina dam da,340000,193,Ke I5-01,845,2026-08-31
8930000003054,P-649300,Nuoc ngot Barona goi 85g,438000,89,Ke I1-06,71,2026-08-12
8930000003055,P-783740,Dau goi Pepsi huong vi tu nhien,366000,282,Ke B2-04,593,2026-09-17
8930000003056,P-438273,Nuoc xa G7 goi 85g,153000,146,Ke H5-01,597,2026-07-24
8930000003057,P-498468,Dau goi OMO it duong,216000,47,Ke F2-08,400,2026-07-17
8930000003058,P-877991,Snack Comfort goi 85g,417000,149,Ke E3-03,15,2026-09-15
8930000003059,P-447997,Nuoc mam OMO loc 4 hop,358000,289,Ke C3-09,557,2026-08-14
8930000003060,P-167348,Tuong ot Clear dam da,128000,241,Ke D4-02,307,2026-08-18
8930000003061,P-684413,Banh quy Simply dam da,431000,61,Ke I1-03,389,2026-07-09
8930000003062,P-462147,Dau goi Colgate hop 200g,418000,67,Ke E1-04,685,2026-07-22
8930000003063,P-339592,Sua tam Vinamilk chai 1L,46000,17,Ke E4-02,894,2026-07-31
8930000003064,P-108513,Gia vi Comfort truyen thong,66000,57,Ke J5-03,751,2026-08-24
8930000003065,P-989173,Dau goi Closeup cao cap,309000,78,Ke E4-07,573,2026-07-25
8930000003066,P-132537,Tuong ot Knorr dam da,499000,28,Ke D3-02,287,2026-09-22
8930000003067,P-286037,Tuong ot Sunsilk dam da,267000,58,Ke B5-02,319,2026-10-02
8930000003068,P-161733,Snack Barona dam da,360000,123,Ke C3-02,455,2026-07-20
8930000003069,P-725397,Sua tuoi Knorr loc 4 hop,233000,24,Ke I3-07,1,2026-07-22
8930000003070,P-244247,Nuoc suoi OMO huong vi tu nhien,416000,202,Ke H1-05,676,2026-07-31
8930000003071,P-612643,Nuoc giat G7 it duong,38000,16,Ke D1-05,828,2026-08-19
8930000003072,P-682851,Dau goi Tuong An chai 500ml,245000,69,Ke C4-06,677,2026-08-04
8930000003073,P-966662,Khan giay Tuong An tiet kiem,30000,237,Ke E1-04,219,2026-08-07
8930000003074,P-665497,Nuoc suoi Tuong An hop 200g,324000,273,Ke H1-04,252,2026-07-18
8930000003075,P-776909,Nuoc ngot Lifebuoy it duong,204000,152,Ke B2-07,986,2026-08-26
8930000003076,P-409477,Mi goi Vinamilk chai 1L,11000,119,Ke C4-08,359,2026-09-04
8930000003077,P-985506,Mi goi Lifebuoy cao cap,287000,28,Ke F4-07,247,2026-09-22
8930000003078,P-502995,Banh quy Kinh Do huong vi tu nhien,276000,212,Ke K3-05,416,2026-09-21
8930000003079,P-535320,Nuoc mam Lavie it duong,205000,24,Ke G3-01,62,2026-08-29
8930000003080,P-113595,Nuoc giat Knorr goi 85g,207000,242,Ke J3-09,387,2026-07-14
8930000003081,P-670143,Gia vi Comfort goi 85g,305000,144,Ke I3-09,71,2026-08-05
8930000003082,P-301332,Sua tuoi Maggi cao cap,129000,212,Ke B1-01,943,2026-08-06
8930000003083,P-883641,Nuoc giat Vinamilk tiet kiem,39000,232,Ke H2-08,320,2026-07-22
8930000003084,P-465509,Ca phe Lay's it duong,417000,108,Ke A4-09,105,2026-09-19
8930000003085,P-127121,Mi goi Sting dam da,296000,221,Ke A1-05,630,2026-09-30
8930000003086,P-389346,Nuoc mam Barona dam da,140000,151,Ke E1-06,342,2026-07-20
8930000003087,P-696750,Sua tam Sting loc 4 hop,119000,123,Ke D5-05,679,2026-07-23
8930000003088,P-756596,Sua tam Lifebuoy chai 500ml,194000,87,Ke D5-02,491,2026-07-08
8930000003089,P-941235,Sua tuoi Comfort it duong,375000,124,Ke F2-01,897,2026-09-26
8930000003090,P-984096,Ca phe Lay's truyen thong,411000,97,Ke G4-06,219,2026-08-15
8930000003091,P-531709,Nuoc ngot Clear hop 200g,247000,238,Ke D1-08,221,2026-07-23
8930000003092,P-686072,Ca phe Sunsilk chai 1L,358000,84,Ke E5-08,734,2026-09-14
8930000003093,P-907750,Tuong ot OMO truyen thong,418000,291,Ke F5-07,878,2026-08-22
8930000003094,P-384489,Hat nem Comfort hop 200g,81000,250,Ke K4-09,464,2026-07-11
8930000003095,P-646781,Mi goi Tuong An truyen thong,43000,128,Ke E5-04,810,2026-09-18
8930000003096,P-517568,Nuoc xa Barona hop 200g,202000,230,Ke A4-01,374,2026-08-18
8930000003097,P-817659,Nuoc tuong Colgate dam da,247000,122,Ke F4-03,121,2026-09-18
8930000003098,P-779885,Dau goi Omachi chai 500ml,15000,206,Ke J5-04,956,2026-08-17
8930000003099,P-617437,Nuoc suoi Coca Cola loc 4 hop,208000,111,Ke J5-08,15,2026-09-20
8930000003100,P-598807,Ca phe Closeup cao cap,333000,172,Ke F4-01,867,2026-09-04
8930000003101,P-296187,Khan giay Lifebuoy it duong,131000,72,Ke H1-09,404,2026-08-14
8930000003102,P-465549,Gia vi Omachi chai 500ml,167000,69,Ke J1-06,24,2026-07-16
8930000003103,P-921149,Nuoc mam Coca Cola huong vi tu nhien,6000,29,Ke K1-02,683,2026-09-26
8930000003104,P-790909,Mi goi Comfort chai 500ml,220000,42,Ke G1-08,197,2026-07-24
8930000003105,P-834861,Nuoc suoi OMO loc 4 hop,498000,268,Ke B2-02,875,2026-09-04
8930000003106,P-474158,Sua tuoi TH True Milk cao cap,381000,289,Ke I2-04,543,2026-08-26
8930000003107,P-918895,Dau goi Comfort hop 200g,322000,31,Ke K5-07,489,2026-09-17
8930000003108,P-750817,Tuong ot Closeup it duong,40000,36,Ke E3-09,127,2026-08-01
8930000003109,P-567676,Nuoc giat Colgate it duong,324000,216,Ke F3-07,71,2026-07-18
8930000003110,P-645617,Dau an Omachi dam da,398000,276,Ke I2-03,21,2026-08-12
8930000003111,P-196407,Tuong ot Sunsilk dam da,272000,208,Ke E1-08,393,2026-09-25
8930000003112,P-749840,Hat nem Comfort huong vi tu nhien,82000,102,Ke G3-02,706,2026-07-15
8930000003113,P-261745,Sua tam Lay's it duong,219000,264,Ke D3-02,423,2026-08-05
8930000003114,P-657244,Sua tam Tuong An huong vi tu nhien,431000,129,Ke C2-02,730,2026-07-22
8930000003115,P-945106,Hat nem Closeup khong duong,178000,76,Ke I2-07,824,2026-08-06
8930000003116,P-475190,Nuoc ngot Chin-su chai 1L,457000,128,Ke H5-05,619,2026-07-16
8930000003117,P-920685,Gia vi Lavie khong duong,482000,100,Ke F2-07,779,2026-09-01
8930000003118,P-774751,Nuoc suoi Knorr cao cap,269000,147,Ke D4-09,445,2026-07-31
8930000003119,P-793384,Nuoc ngot Sunlight dam da,41000,163,Ke D2-01,436,2026-09-01
8930000003120,P-917018,Sua tuoi Lay's truyen thong,269000,17,Ke F5-08,490,2026-09-23
8930000003121,P-826830,Snack Lavie truyen thong,181000,33,Ke K4-03,798,2026-08-03
8930000003122,P-600905,Nuoc lau san Red Bull hop 200g,29000,92,Ke F5-02,704,2026-09-14
8930000003123,P-904092,Sua tuoi Lifebuoy truyen thong,139000,204,Ke D4-03,119,2026-08-12
8930000003124,P-361941,Nuoc mam Maggi truyen thong,497000,208,Ke G1-04,149,2026-09-09
8930000003125,P-160144,Snack G7 loc 4 hop,40000,279,Ke A2-06,352,2026-07-11
8930000003126,P-720970,Khan giay Oishi hop 200g,490000,255,Ke H2-08,993,2026-07-22
8930000003127,P-690462,Tuong ot Lay's chai 500ml,253000,166,Ke F1-03,260,2026-08-07
8930000003128,P-738448,Nuoc suoi Closeup dam da,40000,37,Ke H2-07,986,2026-08-06
8930000003129,P-606676,Sua tuoi Nam Ngu truyen thong,273000,222,Ke C3-07,980,2026-07-12
8930000003130,P-483329,Nuoc giat Sunlight chai 1L,56000,57,Ke C3-09,298,2026-09-13
8930000003131,P-984247,Tuong ot Nam Ngu huong vi tu nhien,410000,12,Ke I1-06,407,2026-09-02
8930000003132,P-183953,Banh quy Clear goi 85g,361000,79,Ke J2-05,652,2026-07-24
8930000003133,P-381342,Dau an G7 can 2L,117000,92,Ke B1-08,699,2026-07-29
8930000003134,P-346415,Nuoc lau san Nam Ngu dam da,90000,230,Ke D4-06,780,2026-08-27
8930000003135,P-838927,Nuoc tuong Aquafina khong duong,97000,6,Ke H2-01,65,2026-07-17
8930000003136,P-686716,Nuoc giat Sunlight huong vi tu nhien,284000,156,Ke C5-08,259,2026-07-09
8930000003137,P-506145,Mi goi Pepsi cao cap,369000,87,Ke H5-07,780,2026-09-07
8930000003138,P-152046,Dau goi Lavie dam da,83000,172,Ke F3-02,700,2026-07-05
8930000003139,P-822312,Sua tuoi Vinamilk chai 500ml,456000,46,Ke A5-02,633,2026-08-26
8930000003140,P-897846,Nuoc tuong Sunsilk loc 4 hop,366000,70,Ke C4-03,212,2026-07-07
8930000003141,P-179688,Banh quy Vinamilk it duong,217000,10,Ke H2-03,246,2026-08-23
8930000003142,P-157875,Banh quy Omachi truyen thong,337000,275,Ke D1-04,685,2026-08-30
8930000003143,P-823688,Dau an Maggi cao cap,143000,106,Ke H3-04,588,2026-09-19
8930000003144,P-362769,Sua tam Sunsilk hop 200g,75000,291,Ke A5-02,892,2026-08-11
8930000003145,P-317881,Dau goi Simply dam da,219000,223,Ke J4-09,482,2026-07-09
8930000003146,P-687923,Ca phe Vinamilk it duong,108000,5,Ke E3-05,931,2026-09-01
8930000003147,P-903265,Mi goi Vinamilk chai 1L,53000,228,Ke G3-08,4,2026-09-30
8930000003148,P-960607,Nuoc tuong Knorr loc 4 hop,406000,174,Ke I1-02,337,2026-07-12
8930000003149,P-201698,Nuoc ngot Red Bull chai 1L,156000,78,Ke J4-03,528,2026-10-03
8930000003150,P-239145,Gia vi Omachi loc 4 hop,52000,65,Ke F1-06,837,2026-10-01
8930000003151,P-858705,Khan giay OMO chai 1L,318000,298,Ke G1-04,125,2026-08-22
8930000003152,P-788793,Nuoc mam Lifebuoy chai 500ml,193000,86,Ke D2-03,676,2026-07-25
8930000003153,P-700538,Banh quy Lavie goi 85g,431000,285,Ke D4-08,651,2026-08-26
8930000003154,P-805893,Hat nem Aquafina loc 4 hop,381000,34,Ke E4-07,178,2026-08-21
8930000003155,P-233056,Tuong ot Lay's chai 500ml,26000,59,Ke B1-06,794,2026-09-13
8930000003156,P-793169,Snack Lavie goi 85g,354000,227,Ke C4-08,721,2026-07-26
8930000003157,P-823092,Nuoc tuong Nescafe khong duong,208000,25,Ke D1-08,282,2026-07-27
8930000003158,P-214027,Gia vi Vinamilk it duong,13000,135,Ke F5-09,7,2026-07-05
8930000003159,P-548462,Gia vi Red Bull dam da,431000,283,Ke G1-05,846,2026-09-17
8930000003160,P-988528,Nuoc mam Lay's it duong,191000,173,Ke E3-03,46,2026-08-23
8930000003161,P-626428,Kem danh rang Oishi chai 1L,229000,169,Ke H4-02,109,2026-07-08
8930000003162,P-672547,Tuong ot OMO can 2L,306000,285,Ke D1-05,776,2026-08-22
8930000003163,P-206176,Nuoc giat Pepsi khong duong,229000,133,Ke F1-02,398,2026-10-03
8930000003164,P-171849,Nuoc tuong Oishi chai 500ml,498000,276,Ke J4-01,817,2026-09-20
8930000003165,P-973835,Kem danh rang Closeup khong duong,95000,64,Ke D2-07,726,2026-07-29
8930000003166,P-258366,Khan giay Sunsilk chai 1L,34000,8,Ke I2-05,469,2026-08-09
8930000003167,P-908320,Mi goi Omachi cao cap,262000,300,Ke I5-04,7,2026-07-08
8930000003168,P-338968,Nuoc xa Tuong An chai 1L,465000,59,Ke B2-08,591,2026-07-19
8930000003169,P-395818,Dau an Sting dam da,327000,173,Ke G1-04,216,2026-07-29
8930000003170,P-894268,Nuoc xa Clear goi 85g,454000,270,Ke K3-03,525,2026-08-18
8930000003171,P-843963,Nuoc tuong Sunlight hop 200g,265000,208,Ke I1-09,791,2026-08-31
8930000003172,P-856086,Hat nem Oishi can 2L,205000,129,Ke A5-01,660,2026-10-03
8930000003173,P-295984,Nuoc xa Simply can 2L,303000,150,Ke J5-05,800,2026-08-29
8930000003174,P-199807,Snack Sting cao cap,464000,134,Ke E3-02,870,2026-09-28
8930000003175,P-838315,Nuoc giat Coca Cola hop 200g,466000,92,Ke G2-07,655,2026-08-21
8930000003176,P-454733,Ca phe Colgate it duong,155000,236,Ke F5-02,705,2026-08-14
8930000003177,P-649855,Sua tuoi Barona tiet kiem,378000,137,Ke D3-09,214,2026-07-17
8930000003178,P-393916,Nuoc lau san Lavie cao cap,329000,295,Ke A4-07,372,2026-07-31
8930000003179,P-835392,Snack Sting goi 85g,390000,119,Ke K4-06,426,2026-07-10
8930000003180,P-954628,Nuoc tuong Kinh Do chai 1L,247000,274,Ke E2-05,693,2026-09-29
8930000003181,P-762652,Nuoc xa Comfort truyen thong,110000,34,Ke H1-08,476,2026-08-15
8930000003182,P-700870,Nuoc ngot Maggi cao cap,329000,103,Ke F1-01,503,2026-07-30
8930000003183,P-215717,Nuoc tuong Nam Ngu chai 1L,301000,85,Ke C2-04,732,2026-07-31
8930000003184,P-259814,Snack Knorr huong vi tu nhien,123000,101,Ke G5-06,133,2026-07-25
8930000003185,P-656268,Snack Closeup tiet kiem,25000,100,Ke D1-03,952,2026-07-08
8930000003186,P-496905,Dau goi Lavie it duong,84000,239,Ke D3-06,828,2026-09-18
8930000003187,P-386436,Ca phe Lay's can 2L,82000,139,Ke J1-04,143,2026-09-17
8930000003188,P-808094,Hat nem Tuong An can 2L,252000,43,Ke E4-06,907,2026-09-29
8930000003189,P-239816,Gia vi Simply truyen thong,185000,165,Ke F3-08,42,2026-09-14
8930000003190,P-417776,Banh quy TH True Milk chai 1L,61000,245,Ke E1-04,428,2026-08-25
8930000003191,P-325258,Nuoc suoi Barona tiet kiem,187000,293,Ke E4-07,113,2026-09-13
8930000003192,P-793889,Nuoc ngot Nescafe hop 200g,130000,52,Ke K2-08,693,2026-10-02
8930000003193,P-205239,Sua tam Lavie huong vi tu nhien,227000,212,Ke B2-03,890,2026-09-14
8930000003194,P-138780,Nuoc tuong Colgate it duong,338000,18,Ke F4-05,290,2026-08-11
8930000003195,P-204657,Nuoc tuong Lifebuoy chai 500ml,130000,7,Ke E3-06,331,2026-08-21
8930000003196,P-412170,Gia vi Lavie huong vi tu nhien,67000,213,Ke D3-07,6,2026-08-01
8930000003197,P-150947,Nuoc xa Red Bull tiet kiem,278000,164,Ke D2-03,499,2026-08-12
8930000003198,P-414569,Tuong ot Oishi truyen thong,310000,36,Ke E4-01,29,2026-07-29
8930000003199,P-889882,Nuoc mam Lifebuoy truyen thong,425000,130,Ke G5-07,738,2026-07-11
8930000003200,P-595948,Dau an Pepsi hop 200g,11000,99,Ke K2-03,63,2026-07-23
8930000003201,P-744274,Nuoc giat Aquafina chai 500ml,349000,16,Ke G1-08,791,2026-07-18
8930000003202,P-488539,Banh quy Pepsi cao cap,483000,241,Ke A1-06,694,2026-09-20
8930000003203,P-642491,Nuoc mam TH True Milk huong vi tu nhien,109000,111,Ke E3-01,468,2026-08-09
8930000003204,P-318572,Khan giay Red Bull khong duong,470000,63,Ke G2-02,564,2026-07-12
8930000003205,P-416006,Tuong ot Closeup it duong,389000,123,Ke J1-03,591,2026-08-16
8930000003206,P-934908,Khan giay Omachi dam da,4000,177,Ke D1-08,87,2026-09-13
8930000003207,P-903398,Nuoc mam Barona chai 1L,24000,33,Ke I2-03,523,2026-09-04
8930000003208,P-528231,Nuoc giat Sting truyen thong,146000,98,Ke H1-06,292,2026-07-16
8930000003209,P-795205,Nuoc tuong Lavie can 2L,379000,282,Ke I4-03,912,2026-07-25
8930000003210,P-659876,Dau an TH True Milk chai 1L,102000,82,Ke C5-01,983,2026-09-23
8930000003211,P-437145,Nuoc mam Pepsi hop 200g,286000,32,Ke E3-07,720,2026-08-11
8930000003212,P-656926,Kem danh rang G7 hop 200g,168000,75,Ke E4-07,13,2026-07-23
8930000003213,P-197102,Sua tam Comfort truyen thong,423000,14,Ke K4-05,450,2026-09-14
8930000003214,P-825990,Nuoc suoi Barona chai 500ml,93000,190,Ke H2-08,563,2026-08-05
8930000003215,P-247475,Nuoc suoi Red Bull can 2L,283000,279,Ke E1-08,3,2026-07-06
8930000003216,P-145767,Khan giay Tuong An chai 1L,165000,250,Ke H4-01,444,2026-09-22
8930000003217,P-364239,Dau an Maggi hop 200g,266000,261,Ke J4-03,558,2026-08-25
8930000003218,P-874205,Dau an Coca Cola goi 85g,34000,74,Ke I2-07,703,2026-09-24
8930000003219,P-244192,Dau goi Tuong An dam da,227000,18,Ke A3-04,886,2026-08-01
8930000003220,P-736408,Mi goi Colgate goi 85g,485000,222,Ke A3-07,746,2026-08-14
8930000003221,P-655134,Nuoc tuong G7 huong vi tu nhien,409000,108,Ke B4-07,312,2026-08-04
8930000003222,P-883377,Gia vi Comfort chai 500ml,328000,37,Ke C4-09,195,2026-09-18
8930000003223,P-333164,Nuoc mam Sunsilk tiet kiem,137000,73,Ke I3-04,382,2026-07-09
8930000003224,P-697062,Nuoc suoi Kinh Do chai 1L,408000,14,Ke B5-02,1000,2026-07-17
8930000003225,P-398194,Nuoc tuong Closeup loc 4 hop,287000,15,Ke I4-01,953,2026-07-06
8930000003226,P-262656,Nuoc ngot Red Bull huong vi tu nhien,357000,268,Ke K4-08,893,2026-09-20
8930000003227,P-103883,Kem danh rang Chin-su huong vi tu nhien,248000,244,Ke K1-01,482,2026-08-28
8930000003228,P-862182,Banh quy Knorr it duong,118000,222,Ke I5-06,749,2026-08-08
8930000003229,P-930244,Khan giay Coca Cola can 2L,361000,82,Ke K3-07,85,2026-07-10
8930000003230,P-727320,Banh quy Lavie dam da,49000,22,Ke J1-01,692,2026-08-04
8930000003231,P-201414,Banh quy Comfort dam da,257000,289,Ke F1-03,12,2026-08-17
8930000003232,P-876764,Banh quy Omachi chai 500ml,343000,152,Ke J4-03,702,2026-07-15
8930000003233,P-476395,Hat nem Lifebuoy cao cap,319000,94,Ke A1-01,690,2026-09-11
8930000003234,P-624977,Khan giay Maggi can 2L,189000,247,Ke E4-06,655,2026-09-04
8930000003235,P-504620,Khan giay Pepsi chai 500ml,307000,236,Ke E3-03,354,2026-09-14
8930000003236,P-985296,Dau goi Closeup cao cap,351000,137,Ke K2-01,288,2026-09-23
8930000003237,P-164468,Dau goi Knorr dam da,181000,113,Ke H3-01,963,2026-07-08
8930000003238,P-472039,Kem danh rang Kinh Do it duong,125000,239,Ke J2-08,808,2026-08-10
8930000003239,P-634277,Dau goi Clear hop 200g,397000,234,Ke G5-02,761,2026-07-09
8930000003240,P-519066,Dau goi Sunsilk huong vi tu nhien,431000,276,Ke F3-08,785,2026-09-22
8930000003241,P-347088,Nuoc giat Knorr hop 200g,339000,28,Ke F5-05,630,2026-08-14
8930000003242,P-217466,Nuoc lau san G7 dam da,143000,144,Ke J5-01,527,2026-09-26
8930000003243,P-109717,Tuong ot Comfort tiet kiem,175000,262,Ke G2-05,752,2026-09-28
8930000003244,P-238948,Kem danh rang Sting loc 4 hop,138000,174,Ke A5-09,447,2026-09-07
8930000003245,P-365018,Nuoc mam Tuong An chai 500ml,394000,129,Ke F2-08,754,2026-07-20
8930000003246,P-589887,Nuoc ngot Hao Hao dam da,49000,34,Ke I3-02,985,2026-07-27
8930000003247,P-775990,Nuoc suoi Pepsi cao cap,220000,266,Ke J5-06,610,2026-09-05
8930000003248,P-756912,Nuoc mam Kinh Do it duong,185000,300,Ke G1-09,681,2026-09-07
8930000003249,P-204180,Banh quy Comfort cao cap,235000,106,Ke K3-09,8,2026-09-28
8930000003250,P-807256,Dau an Omachi cao cap,442000,219,Ke E2-06,630,2026-08-01
8930000003251,P-105066,Dau an Vinamilk chai 500ml,438000,174,Ke E5-03,842,2026-07-22
8930000003252,P-740195,Nuoc lau san Sunlight can 2L,474000,285,Ke B5-03,991,2026-09-25
8930000003253,P-761685,Ca phe Red Bull cao cap,133000,281,Ke E4-05,395,2026-10-03
8930000003254,P-689444,Ca phe Chin-su hop 200g,129000,238,Ke B4-09,940,2026-09-01
8930000003255,P-943058,Nuoc xa OMO khong duong,44000,139,Ke G1-08,187,2026-08-01
8930000003256,P-371216,Snack Nescafe huong vi tu nhien,417000,143,Ke F2-03,433,2026-08-07
8930000003257,P-284731,Sua tam Lay's goi 85g,268000,237,Ke J5-09,472,2026-08-04
8930000003258,P-640418,Snack Knorr loc 4 hop,171000,267,Ke E4-05,989,2026-09-25
8930000003259,P-635218,Hat nem Tuong An huong vi tu nhien,62000,74,Ke J2-07,911,2026-10-03
8930000003260,P-478666,Snack Lay's chai 1L,96000,237,Ke F1-04,257,2026-08-16
8930000003261,P-176365,Hat nem G7 hop 200g,16000,61,Ke C3-09,293,2026-08-27
8930000003262,P-656932,Nuoc xa Lay's it duong,219000,183,Ke G1-02,368,2026-08-12
8930000003263,P-855731,Nuoc tuong OMO chai 1L,72000,72,Ke D1-08,28,2026-07-11
8930000003264,P-454508,Sua tam Lavie hop 200g,132000,270,Ke A3-04,104,2026-08-16
8930000003265,P-712546,Banh quy Omachi truyen thong,69000,235,Ke K3-04,254,2026-09-27
8930000003266,P-459316,Tuong ot Comfort can 2L,494000,95,Ke K4-02,549,2026-08-12
8930000003267,P-702727,Nuoc mam Knorr loc 4 hop,236000,185,Ke G2-02,818,2026-09-20
8930000003268,P-177449,Dau an Colgate dam da,110000,283,Ke A4-09,867,2026-09-10
8930000003269,P-855303,Nuoc tuong Maggi can 2L,279000,29,Ke G4-02,326,2026-07-06
8930000003270,P-253143,Ca phe Aquafina hop 200g,444000,266,Ke F5-07,385,2026-09-04
8930000003271,P-692683,Kem danh rang Pepsi chai 500ml,365000,156,Ke B5-01,169,2026-07-15
8930000003272,P-399817,Nuoc tuong Closeup goi 85g,93000,178,Ke C1-03,936,2026-07-11
8930000003273,P-507777,Nuoc lau san Lifebuoy goi 85g,198000,226,Ke J1-06,854,2026-07-17
8930000003274,P-722774,Nuoc suoi Coca Cola hop 200g,475000,274,Ke E2-09,513,2026-09-13
8930000003275,P-146489,Nuoc tuong Knorr can 2L,455000,23,Ke F2-01,248,2026-09-23
8930000003276,P-680472,Hat nem Comfort cao cap,88000,281,Ke I4-02,811,2026-09-12
8930000003277,P-550418,Tuong ot Clear khong duong,472000,13,Ke D4-07,535,2026-08-09
8930000003278,P-802729,Ca phe Omachi tiet kiem,229000,251,Ke I4-03,437,2026-07-26
8930000003279,P-749871,Snack Chin-su can 2L,76000,275,Ke H4-01,739,2026-09-02
8930000003280,P-561859,Dau an Vinamilk goi 85g,470000,252,Ke H5-04,851,2026-08-30
8930000003281,P-500773,Nuoc giat Kinh Do truyen thong,6000,213,Ke C5-04,843,2026-09-05
8930000003282,P-357143,Nuoc suoi Colgate cao cap,180000,193,Ke H2-06,912,2026-08-10
8930000003283,P-287974,Nuoc mam Nam Ngu cao cap,69000,236,Ke H1-01,260,2026-08-22
8930000003284,P-468512,Tuong ot Lavie goi 85g,185000,245,Ke D1-03,794,2026-08-05
8930000003285,P-832534,Hat nem Clear cao cap,345000,69,Ke C5-06,835,2026-08-07
8930000003286,P-645865,Sua tuoi Knorr truyen thong,86000,135,Ke A2-06,350,2026-08-21
8930000003287,P-789237,Ca phe Barona chai 1L,269000,119,Ke J4-08,664,2026-09-29
8930000003288,P-983326,Ca phe Hao Hao dam da,215000,249,Ke I5-02,368,2026-07-21
8930000003289,P-263568,Sua tam Colgate tiet kiem,445000,151,Ke G4-04,540,2026-08-14
8930000003290,P-898531,Snack Coca Cola hop 200g,8000,157,Ke E5-05,764,2026-07-10
8930000003291,P-815198,Sua tam Red Bull truyen thong,119000,111,Ke C2-02,987,2026-07-07
8930000003292,P-377932,Nuoc mam Knorr goi 85g,311000,174,Ke F5-08,940,2026-07-07
8930000003293,P-989587,Nuoc giat Vinamilk huong vi tu nhien,340000,221,Ke C2-05,962,2026-08-24
8930000003294,P-645561,Gia vi Comfort hop 200g,349000,147,Ke C4-05,32,2026-08-02
8930000003295,P-335217,Sua tam Vinamilk cao cap,287000,170,Ke D1-02,131,2026-09-27
8930000003296,P-411882,Hat nem Sunlight it duong,297000,266,Ke A1-04,738,2026-07-31
8930000003297,P-707314,Nuoc xa Kinh Do tiet kiem,195000,78,Ke I2-04,364,2026-08-10
8930000003298,P-234913,Nuoc tuong Lay's huong vi tu nhien,167000,285,Ke B1-09,689,2026-10-01
8930000003299,P-185461,Nuoc ngot Aquafina it duong,108000,239,Ke E2-06,413,2026-08-06
8930000003300,P-419644,Sua tuoi Omachi cao cap,338000,235,Ke H2-09,785,2026-08-06
8930000003301,P-621433,Mi goi Lavie chai 1L,190000,225,Ke K5-06,473,2026-07-06
8930000003302,P-778787,Gia vi Closeup loc 4 hop,183000,258,Ke F5-06,626,2026-07-23
8930000003303,P-555251,Kem danh rang Aquafina huong vi tu nhien,459000,180,Ke F2-07,137,2026-07-23
8930000003304,P-720995,Mi goi Sting dam da,156000,268,Ke F3-02,572,2026-09-05
8930000003305,P-952686,Khan giay Aquafina khong duong,356000,165,Ke C3-03,828,2026-09-26
8930000003306,P-811141,Nuoc giat Maggi cao cap,399000,276,Ke K5-03,793,2026-09-24
8930000003307,P-427659,Dau goi Colgate chai 500ml,52000,39,Ke J2-02,306,2026-08-17
8930000003308,P-602550,Nuoc xa Knorr truyen thong,154000,168,Ke C1-04,41,2026-07-10
8930000003309,P-153325,Dau an Red Bull cao cap,200000,139,Ke H2-01,525,2026-07-25
8930000003310,P-835363,Dau an Knorr huong vi tu nhien,99000,190,Ke K2-03,740,2026-09-22
8930000003311,P-949178,Nuoc mam Clear loc 4 hop,452000,151,Ke A2-04,791,2026-08-09
8930000003312,P-817276,Hat nem Knorr cao cap,430000,16,Ke J3-02,180,2026-09-22
8930000003313,P-261169,Nuoc tuong Maggi huong vi tu nhien,188000,89,Ke F4-06,596,2026-07-23
8930000003314,P-663244,Banh quy Lifebuoy huong vi tu nhien,147000,249,Ke J3-02,139,2026-07-12
8930000003315,P-794299,Hat nem Maggi khong duong,169000,159,Ke G1-02,566,2026-07-19
8930000003316,P-538446,Mi goi OMO dam da,107000,159,Ke D3-09,727,2026-08-18
8930000003317,P-393243,Nuoc xa Kinh Do it duong,112000,226,Ke C4-07,559,2026-08-11
8930000003318,P-538897,Mi goi Chin-su can 2L,125000,153,Ke C1-02,154,2026-09-30
8930000003319,P-843215,Nuoc mam Lay's dam da,455000,109,Ke I1-04,40,2026-09-22
8930000003320,P-431862,Ca phe Oishi loc 4 hop,289000,22,Ke C5-09,973,2026-07-18
8930000003321,P-390782,Banh quy Nescafe goi 85g,333000,275,Ke B5-07,693,2026-08-12
8930000003322,P-996963,Ca phe OMO chai 500ml,83000,101,Ke B5-02,692,2026-07-22
8930000003323,P-367382,Gia vi TH True Milk goi 85g,81000,40,Ke K2-04,328,2026-08-14
8930000003324,P-415759,Nuoc tuong Clear truyen thong,108000,53,Ke H2-04,778,2026-08-09
8930000003325,P-472787,Dau goi Red Bull huong vi tu nhien,156000,40,Ke H1-01,878,2026-07-12
8930000003326,P-856320,Tuong ot Lifebuoy goi 85g,464000,293,Ke B5-02,909,2026-07-31
8930000003327,P-362552,Nuoc xa Knorr huong vi tu nhien,167000,20,Ke B2-04,800,2026-09-13
8930000003328,P-855274,Sua tuoi Sunsilk it duong,142000,139,Ke J3-07,28,2026-08-01
8930000003329,P-771440,Mi goi Tuong An goi 85g,246000,205,Ke F1-08,464,2026-08-20
8930000003330,P-994940,Dau an Aquafina truyen thong,443000,240,Ke C2-02,845,2026-08-16
8930000003331,P-943797,Tuong ot Hao Hao chai 1L,16000,105,Ke K4-09,745,2026-09-24
8930000003332,P-373995,Mi goi Colgate cao cap,384000,33,Ke F4-01,977,2026-09-09
8930000003333,P-471015,Gia vi Lay's chai 1L,443000,110,Ke A4-07,890,2026-08-05
8930000003334,P-581294,Sua tuoi Vinamilk chai 500ml,307000,148,Ke G5-07,406,2026-07-08
8930000003335,P-407618,Khan giay Simply truyen thong,73000,131,Ke D4-01,29,2026-08-01
8930000003336,P-854388,Nuoc ngot Clear cao cap,165000,272,Ke A1-08,887,2026-09-25
8930000003337,P-363807,Nuoc suoi Colgate huong vi tu nhien,289000,220,Ke D2-03,221,2026-08-26
8930000003338,P-403257,Tuong ot Sunlight huong vi tu nhien,412000,212,Ke F5-08,300,2026-08-28
8930000003339,P-681687,Nuoc tuong Lifebuoy goi 85g,285000,103,Ke J2-04,479,2026-08-22
8930000003340,P-663628,Khan giay Clear huong vi tu nhien,433000,300,Ke H2-03,537,2026-08-23
8930000003341,P-514306,Nuoc tuong Comfort truyen thong,75000,196,Ke I3-05,364,2026-08-24
8930000003342,P-304206,Nuoc ngot Nam Ngu hop 200g,396000,63,Ke J4-01,986,2026-09-06
8930000003343,P-711484,Ca phe G7 khong duong,401000,125,Ke G4-09,574,2026-09-07
8930000003344,P-304915,Nuoc tuong Lifebuoy can 2L,103000,207,Ke J2-03,975,2026-09-03
8930000003345,P-146372,Nuoc tuong Vinamilk huong vi tu nhien,135000,125,Ke G3-08,372,2026-07-29
8930000003346,P-139211,Ca phe Pepsi chai 1L,463000,145,Ke I4-08,966,2026-08-30
8930000003347,P-425434,Nuoc ngot Coca Cola it duong,254000,50,Ke C1-07,233,2026-09-20
8930000003348,P-337547,Nuoc giat Lavie chai 500ml,458000,91,Ke J4-08,409,2026-09-29
8930000003349,P-132653,Nuoc ngot Tuong An chai 500ml,265000,159,Ke A5-02,113,2026-08-30
8930000003350,P-814622,Nuoc suoi OMO dam da,192000,229,Ke C5-02,723,2026-08-25
8930000003351,P-127824,Tuong ot Lifebuoy chai 1L,459000,40,Ke B4-09,390,2026-09-18
8930000003352,P-736130,Nuoc ngot Knorr chai 1L,472000,20,Ke D4-02,91,2026-07-29
8930000003353,P-255202,Khan giay Chin-su chai 1L,386000,16,Ke F3-06,726,2026-07-15
8930000003354,P-438041,Nuoc suoi Coca Cola chai 500ml,468000,137,Ke C4-09,993,2026-09-02
8930000003355,P-742439,Dau goi G7 tiet kiem,133000,123,Ke H4-02,273,2026-09-30
8930000003356,P-341162,Tuong ot Knorr tiet kiem,349000,144,Ke K3-05,346,2026-07-23
8930000003357,P-157474,Kem danh rang Closeup chai 1L,406000,222,Ke A1-04,7,2026-09-22
8930000003358,P-242723,Mi goi Lay's chai 1L,332000,75,Ke C4-03,979,2026-09-05
8930000003359,P-615530,Nuoc lau san Coca Cola tiet kiem,303000,246,Ke E2-02,667,2026-08-08
8930000003360,P-926471,Tuong ot Coca Cola tiet kiem,274000,123,Ke I3-01,964,2026-07-21
8930000003361,P-763508,Snack Comfort cao cap,326000,235,Ke A5-04,264,2026-09-30
8930000003362,P-882354,Khan giay Oishi dam da,211000,189,Ke A5-02,71,2026-09-09
8930000003363,P-494976,Sua tam OMO truyen thong,407000,137,Ke A2-05,835,2026-07-28
8930000003364,P-944804,Nuoc suoi Nescafe loc 4 hop,99000,247,Ke H1-01,707,2026-08-11
8930000003365,P-885395,Nuoc mam OMO can 2L,478000,297,Ke F5-06,897,2026-07-05
8930000003366,P-663876,Nuoc ngot Knorr tiet kiem,95000,186,Ke E3-07,438,2026-07-22
8930000003367,P-390088,Snack Knorr khong duong,430000,48,Ke H3-07,133,2026-08-04
8930000003368,P-975930,Snack Chin-su goi 85g,6000,11,Ke B4-02,663,2026-08-07
8930000003369,P-447848,Tuong ot Tuong An loc 4 hop,239000,150,Ke F5-03,239,2026-08-24
8930000003370,P-133362,Nuoc ngot Comfort chai 1L,367000,113,Ke I2-03,432,2026-08-29
8930000003371,P-777278,Nuoc lau san Lay's can 2L,370000,51,Ke K1-01,92,2026-08-08
8930000003372,P-195763,Sua tuoi Sting goi 85g,497000,57,Ke C5-05,651,2026-07-12
8930000003373,P-256464,Snack Sting chai 1L,490000,43,Ke D1-05,894,2026-07-23
8930000003374,P-753523,Ca phe Nescafe loc 4 hop,49000,152,Ke C2-06,730,2026-08-20
8930000003375,P-124813,Dau an OMO goi 85g,106000,114,Ke H2-09,829,2026-08-04
8930000003376,P-246802,Kem danh rang Sunlight chai 1L,340000,256,Ke J5-02,675,2026-09-07
8930000003377,P-443254,Banh quy Barona khong duong,215000,171,Ke G3-08,973,2026-08-04
8930000003378,P-163182,Nuoc ngot Comfort dam da,177000,270,Ke I2-02,855,2026-07-28
8930000003379,P-729718,Nuoc giat TH True Milk cao cap,458000,272,Ke J3-02,954,2026-10-03
8930000003380,P-819265,Nuoc xa Clear hop 200g,64000,64,Ke G1-02,307,2026-08-13
8930000003381,P-307772,Nuoc suoi Tuong An chai 1L,367000,46,Ke B5-09,246,2026-09-26
8930000003382,P-168093,Gia vi Sting chai 500ml,412000,160,Ke C3-08,217,2026-07-10
8930000003383,P-498851,Nuoc lau san Barona goi 85g,442000,177,Ke C2-08,738,2026-07-10
8930000003384,P-176697,Nuoc xa Knorr goi 85g,348000,258,Ke H1-01,480,2026-07-24
8930000003385,P-900152,Nuoc tuong Maggi dam da,326000,80,Ke F2-03,342,2026-09-21
8930000003386,P-397979,Nuoc mam Kinh Do tiet kiem,335000,289,Ke A5-03,773,2026-09-12
8930000003387,P-646240,Dau goi Red Bull hop 200g,500000,35,Ke J4-07,421,2026-10-01
8930000003388,P-490532,Dau an Nescafe chai 1L,187000,109,Ke I2-06,470,2026-09-25
8930000003389,P-502181,Sua tam Knorr chai 1L,391000,276,Ke C1-01,849,2026-10-02
8930000003390,P-849979,Tuong ot Closeup truyen thong,244000,9,Ke J1-08,47,2026-09-02
8930000003391,P-786837,Nuoc xa G7 tiet kiem,34000,275,Ke K5-07,941,2026-07-05
8930000003392,P-626169,Sua tam Sunsilk tiet kiem,483000,120,Ke C1-08,819,2026-07-05
8930000003393,P-691303,Banh quy Oishi goi 85g,123000,144,Ke I3-03,688,2026-07-07
8930000003394,P-348237,Sua tam Red Bull truyen thong,158000,281,Ke H4-03,630,2026-08-12
8930000003395,P-454803,Kem danh rang TH True Milk can 2L,411000,151,Ke K3-06,404,2026-08-24
8930000003396,P-246740,Nuoc giat Omachi chai 1L,244000,207,Ke F3-02,791,2026-07-19
8930000003397,P-843404,Nuoc lau san Chin-su goi 85g,55000,233,Ke J3-08,488,2026-07-22
8930000003398,P-817675,Kem danh rang Vinamilk tiet kiem,23000,104,Ke E3-03,772,2026-09-14
8930000003399,P-479353,Banh quy Chin-su chai 1L,94000,208,Ke J2-01,221,2026-09-17
8930000003400,P-711922,Dau goi Closeup loc 4 hop,179000,92,Ke F4-04,247,2026-10-02
8930000003401,P-530728,Khan giay Barona truyen thong,391000,21,Ke H3-01,750,2026-08-16
8930000003402,P-386488,Hat nem Lavie dam da,224000,268,Ke F2-03,278,2026-08-05
8930000003403,P-309505,Dau goi Clear can 2L,191000,67,Ke C3-09,204,2026-08-03
8930000003404,P-178711,Gia vi Oishi huong vi tu nhien,34000,188,Ke D4-07,614,2026-09-07
8930000003405,P-764001,Tuong ot Omachi can 2L,225000,123,Ke D3-03,153,2026-07-27
8930000003406,P-664032,Kem danh rang Lifebuoy chai 1L,84000,271,Ke D4-03,916,2026-09-05
8930000003407,P-622864,Nuoc xa Closeup khong duong,98000,177,Ke J2-02,36,2026-09-04
8930000003408,P-766549,Hat nem Lifebuoy can 2L,425000,32,Ke A5-05,145,2026-07-12
8930000003409,P-757937,Tuong ot Tuong An huong vi tu nhien,107000,233,Ke A3-04,195,2026-09-04
8930000003410,P-463656,Tuong ot Closeup dam da,326000,280,Ke I2-09,287,2026-08-18
8930000003411,P-738543,Dau goi Colgate tiet kiem,498000,47,Ke C3-08,912,2026-07-25
8930000003412,P-278243,Sua tuoi Tuong An can 2L,115000,230,Ke B5-09,820,2026-07-05
8930000003413,P-732590,Kem danh rang Sunsilk cao cap,349000,63,Ke H4-07,553,2026-10-01
8930000003414,P-694423,Dau goi Knorr chai 500ml,435000,187,Ke E3-03,98,2026-08-17
8930000003415,P-956934,Nuoc xa Closeup truyen thong,279000,118,Ke H5-03,445,2026-08-27
8930000003416,P-197573,Sua tuoi Lavie it duong,368000,79,Ke K4-04,663,2026-07-18
8930000003417,P-246814,Sua tam G7 goi 85g,188000,109,Ke E2-09,569,2026-09-06
8930000003418,P-366881,Gia vi TH True Milk it duong,311000,238,Ke J5-08,935,2026-07-09
8930000003419,P-292818,Nuoc lau san Sunlight it duong,349000,113,Ke B3-01,243,2026-09-12
8930000003420,P-240600,Nuoc ngot Lay's goi 85g,194000,220,Ke F3-02,697,2026-07-08
8930000003421,P-699829,Sua tuoi Omachi chai 500ml,8000,207,Ke G4-09,414,2026-07-14
8930000003422,P-918656,Banh quy Coca Cola cao cap,237000,119,Ke E4-07,482,2026-09-22
8930000003423,P-572161,Ca phe Comfort hop 200g,298000,277,Ke G2-03,572,2026-07-21
8930000003424,P-575301,Kem danh rang Clear hop 200g,48000,5,Ke D5-06,189,2026-08-25
8930000003425,P-953452,Dau an Sunlight can 2L,198000,91,Ke C1-06,360,2026-07-23
8930000003426,P-929906,Dau goi Simply cao cap,229000,156,Ke D5-07,233,2026-07-19
8930000003427,P-768480,Khan giay Tuong An hop 200g,175000,152,Ke A2-09,576,2026-08-20
8930000003428,P-214626,Snack OMO truyen thong,149000,217,Ke F4-06,203,2026-09-24
8930000003429,P-948179,Nuoc xa TH True Milk goi 85g,254000,116,Ke A1-03,756,2026-09-22
8930000003430,P-295692,Sua tuoi Closeup khong duong,379000,244,Ke D4-07,226,2026-07-08
8930000003431,P-672130,Nuoc mam Aquafina truyen thong,202000,241,Ke D2-03,969,2026-09-07
8930000003432,P-507746,Ca phe Barona goi 85g,234000,142,Ke J2-02,436,2026-07-10
8930000003433,P-714549,Dau goi Vinamilk tiet kiem,52000,68,Ke A5-01,309,2026-07-25
8930000003434,P-187127,Nuoc lau san Pepsi chai 1L,371000,16,Ke H2-03,423,2026-08-25
8930000003435,P-769078,Ca phe Barona tiet kiem,232000,290,Ke J2-08,526,2026-08-19
8930000003436,P-827774,Khan giay Aquafina cao cap,483000,148,Ke B4-07,814,2026-09-26
8930000003437,P-966785,Khan giay Closeup huong vi tu nhien,309000,106,Ke H1-07,299,2026-07-05
8930000003438,P-962460,Kem danh rang Colgate goi 85g,58000,12,Ke E3-08,834,2026-09-02
8930000003439,P-813269,Nuoc suoi Pepsi chai 1L,495000,299,Ke E3-08,811,2026-09-06
8930000003440,P-229144,Hat nem Nescafe can 2L,396000,286,Ke A3-03,513,2026-07-22
8930000003441,P-341192,Sua tuoi Closeup chai 500ml,202000,228,Ke F1-09,195,2026-08-08
8930000003442,P-447828,Nuoc tuong OMO loc 4 hop,381000,235,Ke H1-09,944,2026-07-26
8930000003443,P-757258,Nuoc lau san Simply can 2L,143000,130,Ke E3-01,620,2026-08-13
8930000003444,P-283919,Nuoc lau san Lavie hop 200g,112000,262,Ke A4-03,764,2026-08-23
8930000003445,P-694397,Banh quy Omachi it duong,26000,266,Ke J5-07,287,2026-08-14
8930000003446,P-191061,Khan giay Colgate khong duong,138000,118,Ke E2-06,257,2026-07-28
8930000003447,P-489933,Dau goi Lay's chai 500ml,93000,62,Ke C1-06,398,2026-09-29
8930000003448,P-986088,Hat nem G7 can 2L,35000,7,Ke I5-01,214,2026-08-22
8930000003449,P-415344,Ca phe Pepsi hop 200g,151000,200,Ke G1-05,601,2026-09-26
8930000003450,P-458823,Tuong ot Red Bull chai 1L,135000,230,Ke E4-07,752,2026-07-21
8930000003451,P-656251,Nuoc ngot Closeup truyen thong,454000,46,Ke G1-03,181,2026-09-19
8930000003452,P-868544,Snack TH True Milk tiet kiem,124000,299,Ke K4-06,359,2026-07-25
8930000003453,P-180620,Sua tam Lifebuoy goi 85g,367000,40,Ke K5-01,43,2026-08-26
8930000003454,P-948611,Nuoc ngot Lavie goi 85g,311000,118,Ke D2-06,134,2026-07-26
8930000003455,P-521947,Sua tam Lifebuoy truyen thong,341000,210,Ke A1-04,527,2026-08-24
8930000003456,P-310608,Snack Clear huong vi tu nhien,395000,18,Ke C5-06,804,2026-08-03
8930000003457,P-735863,Tuong ot OMO goi 85g,8000,59,Ke A1-03,876,2026-08-27
8930000003458,P-908812,Kem danh rang Sunlight can 2L,51000,282,Ke B3-09,56,2026-08-15
8930000003459,P-711474,Mi goi Lay's loc 4 hop,314000,295,Ke J1-04,935,2026-08-13
8930000003460,P-154617,Kem danh rang TH True Milk chai 500ml,175000,66,Ke J1-04,853,2026-07-22
8930000003461,P-466346,Sua tam Nescafe can 2L,44000,261,Ke G4-02,494,2026-10-03
8930000003462,P-593699,Nuoc tuong Vinamilk cao cap,162000,80,Ke J2-03,769,2026-07-24
8930000003463,P-800674,Kem danh rang Vinamilk can 2L,473000,56,Ke J4-02,157,2026-07-20
8930000003464,P-881439,Hat nem Nam Ngu khong duong,41000,104,Ke E5-06,167,2026-09-16
8930000003465,P-966589,Banh quy Oishi tiet kiem,416000,140,Ke A1-04,489,2026-07-09
8930000003466,P-128941,Mi goi Barona can 2L,256000,190,Ke I5-06,394,2026-09-14
8930000003467,P-786508,Nuoc giat Tuong An goi 85g,6000,203,Ke G1-02,707,2026-09-10
8930000003468,P-892170,Sua tam OMO truyen thong,70000,21,Ke K2-01,397,2026-07-20
8930000003469,P-389511,Kem danh rang Kinh Do chai 1L,165000,256,Ke K1-03,112,2026-09-18
8930000003470,P-806357,Nuoc tuong Pepsi huong vi tu nhien,428000,37,Ke I1-02,683,2026-09-17
8930000003471,P-233391,Hat nem Sunlight cao cap,317000,118,Ke D1-03,332,2026-08-19
8930000003472,P-787277,Gia vi Sunlight truyen thong,263000,258,Ke J2-01,439,2026-09-14
8930000003473,P-929924,Hat nem Hao Hao tiet kiem,148000,179,Ke J4-09,673,2026-07-07
8930000003474,P-260295,Nuoc lau san Lifebuoy hop 200g,436000,58,Ke A5-07,648,2026-09-20
8930000003475,P-413058,Gia vi Sunsilk chai 1L,443000,285,Ke A3-06,31,2026-08-20
8930000003476,P-596144,Nuoc mam Kinh Do dam da,75000,30,Ke D4-01,531,2026-09-18
8930000003477,P-108874,Dau goi OMO loc 4 hop,400000,57,Ke I1-05,261,2026-08-12
8930000003478,P-691119,Banh quy Maggi goi 85g,362000,43,Ke J4-02,262,2026-09-29
8930000003479,P-746447,Nuoc tuong Comfort it duong,142000,222,Ke J3-05,287,2026-07-23
8930000003480,P-202759,Kem danh rang Vinamilk chai 1L,8000,175,Ke I1-07,847,2026-09-17
8930000003481,P-261450,Nuoc giat Tuong An chai 500ml,206000,226,Ke J5-04,700,2026-07-16
8930000003482,P-635239,Nuoc tuong Barona chai 500ml,295000,25,Ke H3-03,622,2026-08-29
8930000003483,P-602381,Mi goi Knorr khong duong,343000,13,Ke E5-06,465,2026-07-12
8930000003484,P-623285,Nuoc giat Barona chai 1L,94000,166,Ke D5-05,465,2026-08-13
8930000003485,P-979414,Dau goi Lay's dam da,452000,181,Ke D1-02,400,2026-08-28
8930000003486,P-332785,Nuoc xa Omachi goi 85g,325000,210,Ke B4-05,688,2026-08-16
8930000003487,P-605529,Nuoc lau san Lavie hop 200g,467000,12,Ke C4-03,623,2026-08-07
8930000003488,P-415989,Dau goi Kinh Do dam da,391000,204,Ke G2-09,408,2026-08-09
8930000003489,P-418862,Sua tuoi Sunsilk it duong,160000,272,Ke C3-07,897,2026-07-25
8930000003490,P-764100,Khan giay Barona cao cap,405000,216,Ke H1-02,405,2026-08-17
8930000003491,P-883586,Dau goi Chin-su can 2L,384000,256,Ke K3-01,161,2026-09-25
8930000003492,P-437978,Kem danh rang Comfort can 2L,490000,72,Ke D1-03,330,2026-09-15
8930000003493,P-516656,Nuoc suoi Chin-su it duong,177000,82,Ke F4-01,0,2026-07-29
8930000003494,P-191884,Snack Clear goi 85g,431000,163,Ke J4-02,463,2026-09-10
8930000003495,P-900962,Nuoc ngot Aquafina huong vi tu nhien,176000,81,Ke A3-04,338,2026-09-08
8930000003496,P-194560,Mi goi Nam Ngu truyen thong,63000,268,Ke E3-07,17,2026-08-22
8930000003497,P-664593,Khan giay Comfort hop 200g,120000,152,Ke K2-04,153,2026-09-17
8930000003498,P-515035,Nuoc ngot Vinamilk hop 200g,46000,80,Ke J3-05,910,2026-09-05
8930000003499,P-783823,Nuoc ngot OMO loc 4 hop,468000,43,Ke E1-09,948,2026-08-02
8930000003500,P-202093,Nuoc lau san Simply loc 4 hop,358000,105,Ke K4-08,605,2026-07-26
8930000003501,P-177649,Dau an Lifebuoy loc 4 hop,26000,81,Ke B1-07,952,2026-07-28
8930000003502,P-181586,Dau an Simply dam da,114000,256,Ke J5-09,82,2026-07-31
8930000003503,P-461792,Nuoc ngot Colgate huong vi tu nhien,494000,26,Ke K5-07,154,2026-08-25
8930000003504,P-524723,Nuoc mam Pepsi chai 500ml,240000,270,Ke J4-04,695,2026-08-22
8930000003505,P-683286,Kem danh rang G7 can 2L,234000,149,Ke F2-07,218,2026-07-06
8930000003506,P-465249,Ca phe G7 goi 85g,489000,277,Ke C2-08,843,2026-07-15
8930000003507,P-963862,Dau an Lavie loc 4 hop,154000,100,Ke C3-04,334,2026-09-19
8930000003508,P-560623,Mi goi Maggi can 2L,499000,274,Ke K5-03,566,2026-09-30
8930000003509,P-587623,Snack TH True Milk it duong,131000,177,Ke F2-09,753,2026-07-28
8930000003510,P-179721,Nuoc mam G7 can 2L,84000,8,Ke E4-07,484,2026-08-09
8930000003511,P-493124,Dau goi Barona chai 1L,365000,27,Ke I2-09,559,2026-08-01
8930000003512,P-151328,Ca phe Lavie truyen thong,359000,261,Ke H1-03,56,2026-07-15
8930000003513,P-147057,Nuoc xa Lavie it duong,39000,115,Ke G5-06,618,2026-09-09
8930000003514,P-937665,Nuoc ngot Aquafina tiet kiem,387000,74,Ke G2-02,672,2026-07-12
8930000003515,P-500422,Banh quy Red Bull loc 4 hop,367000,47,Ke E3-04,3,2026-07-14
8930000003516,P-503906,Nuoc ngot Vinamilk tiet kiem,201000,46,Ke E3-06,145,2026-07-20
8930000003517,P-845951,Khan giay Coca Cola loc 4 hop,183000,241,Ke E3-04,218,2026-09-25
8930000003518,P-331287,Khan giay OMO hop 200g,438000,250,Ke B1-06,232,2026-09-04
8930000003519,P-456160,Hat nem Maggi loc 4 hop,405000,235,Ke C5-07,862,2026-07-17
8930000003520,P-158338,Nuoc giat Vinamilk dam da,15000,28,Ke D3-04,301,2026-08-26
8930000003521,P-934816,Khan giay Lay's can 2L,189000,282,Ke F5-07,641,2026-09-25
8930000003522,P-329344,Nuoc lau san G7 goi 85g,50000,248,Ke I4-01,970,2026-07-05
8930000003523,P-990136,Dau an Hao Hao chai 500ml,296000,83,Ke H5-05,222,2026-08-06
8930000003524,P-805139,Sua tam Barona it duong,266000,70,Ke H3-01,975,2026-09-07
8930000003525,P-345517,Tuong ot Hao Hao khong duong,88000,100,Ke D5-06,270,2026-07-24
8930000003526,P-139807,Banh quy Barona can 2L,10000,153,Ke H2-02,319,2026-07-28
8930000003527,P-639292,Tuong ot OMO chai 1L,287000,242,Ke E4-08,740,2026-08-01
8930000003528,P-678944,Nuoc suoi Vinamilk can 2L,12000,118,Ke G4-07,880,2026-08-19
8930000003529,P-814544,Dau goi Vinamilk huong vi tu nhien,347000,235,Ke G2-03,875,2026-07-25
8930000003530,P-804791,Dau an Hao Hao khong duong,406000,280,Ke C1-04,879,2026-07-31
8930000003531,P-738221,Sua tam Sunlight goi 85g,87000,251,Ke I3-08,136,2026-08-10
8930000003532,P-509420,Nuoc suoi Lifebuoy tiet kiem,113000,110,Ke D1-05,739,2026-08-18
8930000003533,P-428429,Gia vi Comfort chai 1L,294000,90,Ke K1-07,410,2026-07-11
8930000003534,P-375754,Dau goi TH True Milk loc 4 hop,281000,185,Ke D1-03,207,2026-09-01
8930000003535,P-758589,Nuoc suoi Nam Ngu chai 500ml,269000,146,Ke J5-02,115,2026-07-29
8930000003536,P-594078,Ca phe Sunlight tiet kiem,224000,184,Ke B2-05,185,2026-09-18
8930000003537,P-926965,Sua tuoi Sunlight chai 1L,386000,125,Ke H5-02,485,2026-07-05
8930000003538,P-690500,Sua tuoi Knorr goi 85g,366000,120,Ke G3-09,97,2026-09-23
8930000003539,P-761532,Sua tam Clear chai 500ml,299000,184,Ke F5-06,586,2026-08-31
8930000003540,P-453907,Nuoc mam Kinh Do hop 200g,129000,260,Ke J2-02,213,2026-08-12
8930000003541,P-260053,Tuong ot Barona truyen thong,204000,177,Ke J4-03,500,2026-08-13
8930000003542,P-619389,Nuoc giat Pepsi goi 85g,255000,248,Ke H3-04,369,2026-07-24
8930000003543,P-228168,Sua tam Kinh Do it duong,429000,163,Ke B4-05,609,2026-09-24
8930000003544,P-972565,Gia vi Aquafina it duong,399000,289,Ke A5-09,818,2026-08-26
8930000003545,P-354235,Nuoc mam Pepsi tiet kiem,254000,71,Ke D2-01,695,2026-08-02
8930000003546,P-916232,Dau goi Hao Hao chai 500ml,446000,19,Ke A1-02,83,2026-09-05
8930000003547,P-431699,Khan giay Hao Hao chai 500ml,160000,274,Ke A3-05,187,2026-09-08
8930000003548,P-413388,Sua tam Tuong An can 2L,319000,85,Ke B3-01,89,2026-10-03
8930000003549,P-742412,Nuoc lau san Coca Cola dam da,412000,201,Ke E4-01,319,2026-07-15
8930000003550,P-477717,Khan giay Oishi dam da,178000,251,Ke D5-01,390,2026-08-06
8930000003551,P-414455,Khan giay Oishi chai 1L,239000,123,Ke G4-03,37,2026-07-21
8930000003552,P-705615,Dau goi Hao Hao huong vi tu nhien,413000,97,Ke D4-03,442,2026-08-25
8930000003553,P-226601,Hat nem Closeup khong duong,32000,191,Ke I4-08,162,2026-08-30
8930000003554,P-790203,Kem danh rang Lay's can 2L,56000,191,Ke F4-04,160,2026-08-02
8930000003555,P-589638,Nuoc giat Vinamilk dam da,62000,176,Ke E5-02,853,2026-08-05
8930000003556,P-343500,Nuoc xa Nam Ngu cao cap,416000,98,Ke G1-07,520,2026-08-21
8930000003557,P-469435,Sua tam G7 goi 85g,355000,279,Ke K5-07,772,2026-09-25
8930000003558,P-214975,Banh quy Barona tiet kiem,271000,180,Ke K5-08,205,2026-08-20
8930000003559,P-637234,Nuoc lau san Coca Cola can 2L,444000,155,Ke D2-07,280,2026-08-30
8930000003560,P-422623,Nuoc xa TH True Milk khong duong,198000,107,Ke C4-07,859,2026-08-01
8930000003561,P-245718,Sua tam Maggi tiet kiem,394000,184,Ke J4-05,753,2026-08-22
8930000003562,P-609172,Nuoc lau san Sting cao cap,382000,203,Ke G5-05,838,2026-07-21
8930000003563,P-175231,Nuoc suoi Sting truyen thong,43000,183,Ke F2-05,874,2026-08-08
8930000003564,P-491172,Nuoc suoi Sunlight chai 500ml,334000,23,Ke K2-05,24,2026-08-18
8930000003565,P-688678,Hat nem Sting can 2L,89000,7,Ke I3-09,625,2026-08-14
8930000003566,P-208976,Snack Maggi it duong,331000,137,Ke F1-04,451,2026-08-20
8930000003567,P-342446,Nuoc suoi Nescafe huong vi tu nhien,398000,251,Ke I1-06,235,2026-07-27
8930000003568,P-576849,Tuong ot Nam Ngu truyen thong,276000,195,Ke G5-04,191,2026-07-18
8930000003569,P-350164,Nuoc ngot Simply chai 1L,310000,199,Ke E5-01,713,2026-08-29
8930000003570,P-630108,Sua tuoi Red Bull it duong,237000,112,Ke A3-02,360,2026-10-03
8930000003571,P-408036,Dau goi Nam Ngu khong duong,418000,136,Ke A3-02,46,2026-09-15
8930000003572,P-963355,Sua tam Aquafina goi 85g,120000,277,Ke H5-07,210,2026-09-08
8930000003573,P-553214,Ca phe Barona chai 1L,242000,148,Ke K4-05,708,2026-08-14
8930000003574,P-114594,Sua tam Clear huong vi tu nhien,129000,116,Ke C4-04,841,2026-07-22
8930000003575,P-755910,Khan giay Red Bull loc 4 hop,60000,176,Ke J2-01,725,2026-07-22
8930000003576,P-334665,Ca phe Comfort dam da,30000,50,Ke A2-08,446,2026-09-28
8930000003577,P-618105,Nuoc xa OMO goi 85g,59000,172,Ke B4-05,1000,2026-07-29
8930000003578,P-707616,Nuoc suoi Oishi can 2L,246000,294,Ke K4-04,530,2026-09-08
8930000003579,P-126225,Hat nem Sunlight huong vi tu nhien,221000,49,Ke E3-04,910,2026-08-23
8930000003580,P-580101,Nuoc giat Sunlight cao cap,193000,143,Ke H5-04,875,2026-08-21
8930000003581,P-218844,Sua tuoi OMO chai 500ml,345000,98,Ke G1-03,778,2026-08-05
8930000003582,P-244383,Sua tuoi Clear chai 1L,443000,275,Ke H3-07,774,2026-08-04
8930000003583,P-660086,Banh quy Red Bull dam da,328000,282,Ke K1-03,614,2026-09-10
8930000003584,P-411797,Hat nem Maggi truyen thong,207000,53,Ke D5-02,130,2026-09-09
8930000003585,P-780956,Nuoc xa Sting loc 4 hop,189000,271,Ke E1-04,931,2026-09-02
8930000003586,P-546768,Nuoc xa Pepsi goi 85g,231000,9,Ke F5-01,501,2026-07-21
8930000003587,P-449709,Mi goi Sunsilk huong vi tu nhien,324000,212,Ke K3-02,907,2026-09-30
8930000003588,P-993590,Sua tam Tuong An huong vi tu nhien,256000,23,Ke H5-04,779,2026-07-27
8930000003589,P-759580,Ca phe Sting goi 85g,377000,142,Ke I2-01,233,2026-09-01
8930000003590,P-907069,Nuoc lau san Comfort tiet kiem,182000,241,Ke D4-06,675,2026-08-28
8930000003591,P-676365,Sua tuoi Sunlight loc 4 hop,452000,139,Ke J2-08,189,2026-07-30
8930000003592,P-504832,Banh quy Lay's huong vi tu nhien,99000,65,Ke H5-09,250,2026-07-11
8930000003593,P-468611,Dau goi OMO loc 4 hop,128000,47,Ke G4-09,333,2026-07-16
8930000003594,P-289473,Nuoc lau san Comfort loc 4 hop,488000,138,Ke E1-09,575,2026-07-11
8930000003595,P-131734,Gia vi Maggi chai 500ml,383000,115,Ke A2-03,995,2026-07-15
8930000003596,P-454245,Banh quy Sting cao cap,457000,195,Ke G1-06,158,2026-08-10
8930000003597,P-713805,Khan giay Lay's tiet kiem,30000,68,Ke F2-04,853,2026-07-12
8930000003598,P-532227,Banh quy Maggi khong duong,313000,210,Ke G2-04,21,2026-07-19
8930000003599,P-335790,Nuoc mam Barona it duong,186000,209,Ke F3-01,250,2026-09-30
8930000003600,P-250038,Nuoc giat Lay's cao cap,306000,65,Ke F3-01,823,2026-09-10
8930000003601,P-882395,Nuoc giat Nam Ngu khong duong,16000,65,Ke C5-06,220,2026-09-22
8930000003602,P-883041,Nuoc tuong Barona chai 500ml,5000,16,Ke E2-04,80,2026-07-10
8930000003603,P-363615,Nuoc tuong Omachi truyen thong,22000,201,Ke I2-01,308,2026-07-28
8930000003604,P-443939,Nuoc ngot OMO truyen thong,19000,295,Ke D1-06,304,2026-07-28
8930000003605,P-854787,Ca phe Lifebuoy can 2L,114000,269,Ke F4-08,614,2026-08-07
8930000003606,P-349489,Tuong ot Oishi tiet kiem,272000,81,Ke E3-06,242,2026-07-28
8930000003607,P-265358,Nuoc ngot Aquafina dam da,277000,85,Ke H2-04,783,2026-07-30
8930000003608,P-500560,Dau an Pepsi loc 4 hop,439000,72,Ke J3-02,516,2026-08-21
8930000003609,P-973349,Nuoc mam Sunlight chai 500ml,189000,244,Ke K4-09,802,2026-07-28
8930000003610,P-116389,Mi goi Lavie chai 500ml,305000,26,Ke D1-09,126,2026-07-22
8930000003611,P-827120,Sua tam Clear truyen thong,439000,173,Ke E3-09,464,2026-08-15
8930000003612,P-594596,Nuoc ngot Closeup tiet kiem,176000,12,Ke E5-09,288,2026-07-21
8930000003613,P-938754,Nuoc ngot Maggi truyen thong,435000,171,Ke A5-03,670,2026-09-01
8930000003614,P-174809,Ca phe Pepsi truyen thong,151000,26,Ke D3-01,454,2026-08-12
8930000003615,P-252203,Khan giay Barona chai 500ml,180000,185,Ke J2-06,881,2026-08-22
8930000003616,P-106887,Nuoc lau san G7 dam da,442000,36,Ke I2-03,457,2026-08-08
8930000003617,P-937838,Snack Knorr can 2L,396000,236,Ke K4-08,278,2026-08-17
8930000003618,P-806848,Gia vi Sunlight khong duong,192000,150,Ke B2-04,526,2026-08-07
8930000003619,P-293079,Dau an Sunlight loc 4 hop,380000,132,Ke H5-08,630,2026-09-29
8930000003620,P-376141,Sua tuoi Red Bull huong vi tu nhien,366000,150,Ke F3-05,560,2026-08-25
8930000003621,P-913694,Gia vi Lifebuoy truyen thong,216000,241,Ke E1-07,436,2026-09-17
8930000003622,P-551989,Tuong ot Closeup hop 200g,177000,220,Ke K4-02,157,2026-08-22
8930000003623,P-778506,Kem danh rang Oishi it duong,178000,20,Ke C4-07,457,2026-08-31
8930000003624,P-969856,Khan giay Clear tiet kiem,13000,197,Ke E1-03,933,2026-09-14
8930000003625,P-955374,Nuoc xa Omachi cao cap,250000,208,Ke F2-02,964,2026-08-28
8930000003626,P-208751,Kem danh rang Hao Hao truyen thong,324000,108,Ke E1-08,928,2026-07-14
8930000003627,P-216308,Banh quy TH True Milk chai 500ml,147000,191,Ke F5-04,809,2026-08-27
8930000003628,P-708519,Kem danh rang Aquafina hop 200g,496000,177,Ke F4-03,981,2026-09-18
8930000003629,P-276149,Sua tam Nescafe cao cap,112000,109,Ke F4-07,424,2026-07-30
8930000003630,P-878325,Banh quy Nescafe tiet kiem,316000,187,Ke A3-02,30,2026-07-31
8930000003631,P-910620,Sua tam Sunsilk truyen thong,29000,155,Ke D1-08,90,2026-08-17
8930000003632,P-499898,Snack Closeup can 2L,289000,169,Ke C1-08,597,2026-09-04
8930000003633,P-922157,Hat nem Coca Cola goi 85g,199000,28,Ke J2-02,684,2026-07-08
8930000003634,P-252901,Sua tam TH True Milk goi 85g,297000,270,Ke I5-06,661,2026-07-09
8930000003635,P-391476,Sua tuoi Kinh Do huong vi tu nhien,191000,195,Ke I2-02,95,2026-09-20
8930000003636,P-643899,Kem danh rang Comfort it duong,91000,27,Ke C4-05,49,2026-09-29
8930000003637,P-141094,Khan giay Lifebuoy it duong,354000,126,Ke D5-07,248,2026-08-01
8930000003638,P-497073,Gia vi TH True Milk khong duong,468000,6,Ke K2-09,573,2026-07-14
8930000003639,P-442707,Nuoc giat G7 khong duong,486000,37,Ke I5-04,540,2026-08-26
8930000003640,P-743684,Ca phe Sting goi 85g,53000,216,Ke H4-07,254,2026-08-30
8930000003641,P-514812,Dau an Clear huong vi tu nhien,281000,124,Ke E5-02,190,2026-08-27
8930000003642,P-800646,Nuoc mam Clear tiet kiem,210000,227,Ke E4-05,152,2026-08-12
8930000003643,P-407696,Ca phe Tuong An huong vi tu nhien,134000,242,Ke K5-04,784,2026-07-08
8930000003644,P-956375,Nuoc mam Sunsilk can 2L,309000,227,Ke G2-08,608,2026-07-12
8930000003645,P-784733,Snack G7 dam da,352000,286,Ke H4-05,279,2026-07-17
8930000003646,P-988217,Gia vi Chin-su loc 4 hop,201000,274,Ke H1-05,954,2026-09-01
8930000003647,P-988324,Dau goi Comfort hop 200g,114000,296,Ke J3-04,94,2026-08-23
8930000003648,P-330545,Snack OMO chai 1L,209000,164,Ke K2-04,629,2026-08-29
8930000003649,P-227352,Sua tuoi Omachi cao cap,196000,10,Ke I5-07,274,2026-07-20
8930000003650,P-901164,Dau goi Coca Cola chai 1L,344000,270,Ke B1-09,186,2026-09-16
8930000003651,P-412071,Gia vi OMO tiet kiem,77000,129,Ke K2-05,392,2026-07-24
8930000003652,P-250647,Nuoc xa Omachi khong duong,465000,31,Ke D4-04,235,2026-08-02
8930000003653,P-385647,Nuoc tuong Sunsilk loc 4 hop,30000,203,Ke K1-04,527,2026-08-12
8930000003654,P-335134,Nuoc xa Barona loc 4 hop,364000,271,Ke F4-09,250,2026-09-27
8930000003655,P-261712,Nuoc suoi OMO chai 500ml,170000,202,Ke K3-08,678,2026-08-13
8930000003656,P-662203,Kem danh rang Comfort tiet kiem,238000,262,Ke G5-01,55,2026-08-19
8930000003657,P-961760,Snack Kinh Do truyen thong,70000,207,Ke K4-07,267,2026-07-14
8930000003658,P-748052,Nuoc suoi Lay's loc 4 hop,112000,217,Ke D2-08,37,2026-08-17
8930000003659,P-225812,Sua tam Hao Hao loc 4 hop,495000,227,Ke F2-05,818,2026-09-01
8930000003660,P-203831,Nuoc mam TH True Milk huong vi tu nhien,152000,82,Ke B5-07,453,2026-09-01
8930000003661,P-868577,Nuoc giat Lifebuoy dam da,446000,193,Ke C1-04,333,2026-09-23
8930000003662,P-211636,Gia vi Kinh Do hop 200g,500000,275,Ke F1-06,418,2026-08-17
8930000003663,P-162241,Nuoc ngot Simply it duong,165000,285,Ke F1-09,89,2026-07-15
8930000003664,P-941289,Nuoc suoi Nam Ngu khong duong,429000,100,Ke J5-08,920,2026-08-10
8930000003665,P-577463,Sua tam Lifebuoy it duong,98000,255,Ke K5-01,798,2026-08-29
8930000003666,P-391773,Dau an Nam Ngu it duong,283000,54,Ke A4-01,942,2026-07-31
8930000003667,P-593446,Khan giay Kinh Do truyen thong,424000,256,Ke A1-06,154,2026-09-17
8930000003668,P-431414,Khan giay Kinh Do goi 85g,139000,183,Ke H3-07,370,2026-07-16
8930000003669,P-804091,Khan giay Vinamilk chai 500ml,436000,72,Ke H1-03,359,2026-07-17
8930000003670,P-964749,Khan giay Pepsi dam da,493000,62,Ke E2-06,925,2026-07-31
8930000003671,P-975064,Tuong ot TH True Milk loc 4 hop,485000,8,Ke K4-08,749,2026-08-18
8930000003672,P-213365,Nuoc ngot Simply huong vi tu nhien,222000,44,Ke A5-03,918,2026-09-16
8930000003673,P-738635,Nuoc ngot Coca Cola goi 85g,303000,238,Ke E3-04,842,2026-08-06
8930000003674,P-733760,Nuoc ngot Knorr can 2L,125000,84,Ke A3-04,84,2026-07-17
8930000003675,P-569865,Dau an Sting loc 4 hop,130000,49,Ke C4-07,421,2026-08-20
8930000003676,P-385898,Dau goi Sunlight huong vi tu nhien,92000,118,Ke D4-02,926,2026-08-12
8930000003677,P-308496,Kem danh rang Lavie goi 85g,14000,219,Ke C3-08,333,2026-08-22
8930000003678,P-841995,Snack Omachi chai 1L,236000,76,Ke A2-07,644,2026-08-04
8930000003679,P-278593,Banh quy Omachi can 2L,373000,165,Ke B1-01,910,2026-08-19
8930000003680,P-520884,Sua tam Nescafe can 2L,24000,223,Ke J1-06,473,2026-09-24
8930000003681,P-580728,Mi goi Chin-su dam da,360000,272,Ke B4-08,890,2026-07-07
8930000003682,P-156652,Khan giay Nam Ngu tiet kiem,95000,128,Ke F2-04,778,2026-07-06
8930000003683,P-626392,Hat nem Vinamilk cao cap,445000,194,Ke E5-05,751,2026-07-21
8930000003684,P-750403,Snack Kinh Do chai 1L,172000,247,Ke A4-05,192,2026-09-15
8930000003685,P-264631,Nuoc ngot Lifebuoy goi 85g,119000,21,Ke C3-03,405,2026-07-08
8930000003686,P-880900,Nuoc suoi Pepsi truyen thong,273000,176,Ke K3-02,587,2026-09-30
8930000003687,P-692354,Dau an Clear huong vi tu nhien,158000,40,Ke K1-06,727,2026-08-25
8930000003688,P-333365,Nuoc tuong G7 huong vi tu nhien,401000,166,Ke B1-04,194,2026-08-28
8930000003689,P-855777,Dau goi Sunsilk chai 500ml,373000,131,Ke D4-04,782,2026-09-03
8930000003690,P-358568,Sua tuoi Lavie can 2L,365000,193,Ke E2-08,717,2026-09-27
8930000003691,P-238739,Sua tuoi Oishi goi 85g,463000,149,Ke B4-05,238,2026-08-07
8930000003692,P-469348,Nuoc giat TH True Milk cao cap,334000,80,Ke B4-01,848,2026-08-30
8930000003693,P-232321,Nuoc giat TH True Milk dam da,422000,99,Ke F5-03,565,2026-07-08
8930000003694,P-758452,Hat nem Sunlight it duong,474000,294,Ke H1-08,657,2026-07-26
8930000003695,P-571029,Kem danh rang Coca Cola goi 85g,58000,237,Ke G5-08,383,2026-09-29
8930000003696,P-495019,Kem danh rang Lay's dam da,255000,126,Ke J2-01,781,2026-07-06
8930000003697,P-977330,Mi goi TH True Milk cao cap,180000,190,Ke J1-07,621,2026-07-25
8930000003698,P-837623,Tuong ot Simply truyen thong,336000,42,Ke H5-04,910,2026-08-16
8930000003699,P-858729,Ca phe Colgate can 2L,17000,270,Ke J3-05,44,2026-08-15
8930000003700,P-566339,Kem danh rang Lifebuoy truyen thong,413000,156,Ke F2-06,584,2026-09-08
8930000003701,P-540552,Kem danh rang Sting huong vi tu nhien,342000,259,Ke G3-01,590,2026-08-31
8930000003702,P-413118,Dau goi Chin-su huong vi tu nhien,243000,280,Ke K3-07,150,2026-07-12
8930000003703,P-476993,Nuoc mam Sting dam da,300000,86,Ke G1-03,954,2026-07-15
8930000003704,P-348728,Dau goi OMO truyen thong,422000,38,Ke B5-07,524,2026-10-01
8930000003705,P-961322,Nuoc ngot Vinamilk hop 200g,456000,117,Ke G1-02,603,2026-08-29
8930000003706,P-608623,Gia vi Vinamilk goi 85g,37000,244,Ke A1-04,139,2026-08-01
8930000003707,P-296911,Dau goi Closeup khong duong,273000,17,Ke F5-08,476,2026-08-02
8930000003708,P-386886,Nuoc xa OMO huong vi tu nhien,46000,147,Ke K5-08,137,2026-07-06
8930000003709,P-455784,Dau goi G7 khong duong,454000,56,Ke B5-06,437,2026-07-13
8930000003710,P-677210,Khan giay Barona chai 1L,159000,227,Ke A4-08,207,2026-07-14
8930000003711,P-345536,Snack Lay's chai 500ml,202000,293,Ke K1-03,152,2026-09-29
8930000003712,P-494401,Kem danh rang Sunlight dam da,500000,109,Ke F4-04,876,2026-07-23
8930000003713,P-166407,Nuoc giat OMO loc 4 hop,377000,276,Ke K5-03,360,2026-09-28
8930000003714,P-602300,Banh quy Red Bull chai 500ml,57000,222,Ke H3-09,426,2026-07-14
8930000003715,P-885342,Nuoc xa Nam Ngu chai 500ml,280000,66,Ke I2-02,501,2026-08-01
8930000003716,P-708455,Nuoc suoi G7 can 2L,486000,149,Ke H4-04,382,2026-07-17
8930000003717,P-666809,Khan giay Closeup cao cap,486000,175,Ke K5-05,221,2026-07-27
8930000003718,P-257677,Hat nem Aquafina chai 1L,312000,245,Ke B2-06,148,2026-09-29
8930000003719,P-283869,Mi goi Lay's it duong,34000,199,Ke E4-02,152,2026-08-16
8930000003720,P-191772,Nuoc xa Hao Hao hop 200g,48000,296,Ke G5-04,215,2026-08-17
8930000003721,P-486028,Hat nem Closeup huong vi tu nhien,111000,44,Ke D5-08,570,2026-09-06
8930000003722,P-618306,Banh quy Lavie cao cap,204000,276,Ke C5-08,382,2026-09-04
8930000003723,P-116418,Hat nem Lavie chai 500ml,94000,221,Ke C1-03,612,2026-07-09
8930000003724,P-780432,Nuoc suoi Sunsilk goi 85g,492000,256,Ke E4-09,126,2026-09-19
8930000003725,P-915809,Nuoc mam Nescafe khong duong,209000,105,Ke E3-02,462,2026-09-04
8930000003726,P-153266,Gia vi Chin-su tiet kiem,68000,75,Ke J2-02,451,2026-07-13
8930000003727,P-520106,Nuoc giat G7 chai 1L,174000,9,Ke D5-05,702,2026-08-08
8930000003728,P-944962,Kem danh rang Comfort tiet kiem,332000,33,Ke F3-08,709,2026-07-11
8930000003729,P-350786,Nuoc xa Clear can 2L,402000,293,Ke B4-05,208,2026-09-24
8930000003730,P-557949,Dau an Closeup loc 4 hop,111000,159,Ke K3-04,358,2026-09-02
8930000003731,P-855185,Nuoc lau san Barona truyen thong,42000,40,Ke F4-06,32,2026-07-20
8930000003732,P-992562,Dau an Maggi can 2L,83000,30,Ke J3-09,35,2026-09-09
8930000003733,P-341238,Dau goi Oishi truyen thong,440000,196,Ke H3-07,190,2026-07-17
8930000003734,P-467121,Nuoc suoi Nam Ngu it duong,298000,56,Ke G5-07,911,2026-08-06
8930000003735,P-693343,Sua tuoi OMO goi 85g,277000,166,Ke F1-07,586,2026-08-30
8930000003736,P-871185,Hat nem Sunsilk hop 200g,332000,144,Ke E1-01,804,2026-09-25
8930000003737,P-612573,Sua tuoi Knorr khong duong,442000,254,Ke J4-05,637,2026-09-09
8930000003738,P-900190,Kem danh rang Tuong An hop 200g,79000,63,Ke A1-09,818,2026-09-24
8930000003739,P-917411,Nuoc lau san Nescafe cao cap,317000,217,Ke J5-02,219,2026-09-14
8930000003740,P-205065,Gia vi Simply chai 500ml,232000,169,Ke D5-05,815,2026-07-31
8930000003741,P-656968,Mi goi Hao Hao dam da,169000,260,Ke A2-05,469,2026-08-17
8930000003742,P-321941,Dau goi TH True Milk cao cap,50000,215,Ke E2-07,191,2026-08-26
8930000003743,P-449138,Snack Barona chai 500ml,148000,218,Ke C1-03,984,2026-09-18
8930000003744,P-156978,Hat nem Lavie truyen thong,131000,204,Ke J2-03,679,2026-09-02
8930000003745,P-554730,Gia vi Knorr huong vi tu nhien,253000,47,Ke H2-05,234,2026-08-29
8930000003746,P-488414,Dau goi Coca Cola huong vi tu nhien,473000,179,Ke E4-01,738,2026-07-11
8930000003747,P-266694,Banh quy Pepsi huong vi tu nhien,410000,132,Ke J5-02,52,2026-08-08
8930000003748,P-597440,Gia vi Sunsilk chai 500ml,58000,205,Ke D3-03,76,2026-08-31
8930000003749,P-641760,Mi goi Clear khong duong,3000,92,Ke C3-02,499,2026-08-21
8930000003750,P-284308,Dau goi Kinh Do chai 1L,266000,26,Ke J3-07,259,2026-07-10
8930000003751,P-429287,Mi goi G7 truyen thong,491000,176,Ke E1-04,223,2026-07-09
8930000003752,P-101343,Tuong ot Pepsi chai 1L,187000,11,Ke C5-06,962,2026-07-19
8930000003753,P-751517,Mi goi Lavie chai 1L,359000,168,Ke I1-08,662,2026-07-17
8930000003754,P-413685,Nuoc ngot Closeup chai 500ml,375000,247,Ke I2-01,720,2026-08-22
8930000003755,P-561097,Nuoc mam Clear tiet kiem,158000,96,Ke C1-02,658,2026-07-08
8930000003756,P-681866,Nuoc ngot Colgate loc 4 hop,84000,297,Ke J5-05,515,2026-09-19
8930000003757,P-452713,Ca phe Hao Hao loc 4 hop,6000,48,Ke D5-06,710,2026-07-05
8930000003758,P-337256,Dau goi Maggi hop 200g,300000,102,Ke J1-05,875,2026-09-12
8930000003759,P-706005,Sua tam Lavie khong duong,5000,66,Ke C1-02,461,2026-08-26
8930000003760,P-228473,Banh quy Omachi huong vi tu nhien,320000,264,Ke K3-05,446,2026-07-16
8930000003761,P-935474,Nuoc lau san G7 goi 85g,203000,211,Ke F5-05,556,2026-09-24
8930000003762,P-492073,Nuoc tuong Omachi can 2L,98000,68,Ke D4-08,908,2026-07-10
8930000003763,P-251668,Snack Lay's dam da,470000,218,Ke E3-02,930,2026-08-24
8930000003764,P-945718,Tuong ot OMO khong duong,371000,63,Ke I1-02,100,2026-09-09
8930000003765,P-768507,Banh quy G7 chai 500ml,454000,75,Ke D1-06,412,2026-07-27
8930000003766,P-993647,Nuoc mam Maggi it duong,151000,98,Ke I3-01,744,2026-09-17
8930000003767,P-757386,Dau an Maggi truyen thong,451000,133,Ke G2-07,488,2026-09-23
8930000003768,P-391345,Hat nem Sunsilk khong duong,8000,76,Ke F2-05,162,2026-09-03
8930000003769,P-298994,Nuoc tuong Pepsi can 2L,412000,25,Ke H4-07,30,2026-08-25
8930000003770,P-889410,Dau an Lay's truyen thong,104000,279,Ke H4-07,931,2026-08-04
8930000003771,P-805034,Ca phe TH True Milk goi 85g,361000,260,Ke H2-02,40,2026-08-07
8930000003772,P-748696,Snack Chin-su tiet kiem,152000,31,Ke A2-04,715,2026-09-29
8930000003773,P-417543,Kem danh rang Sunlight dam da,12000,257,Ke C3-08,823,2026-09-16
8930000003774,P-479867,Kem danh rang Tuong An khong duong,224000,182,Ke E1-07,762,2026-07-10
8930000003775,P-248468,Nuoc tuong Oishi cao cap,109000,96,Ke H4-04,594,2026-07-25
8930000003776,P-401137,Snack Lifebuoy khong duong,115000,289,Ke K1-09,173,2026-07-30
8930000003777,P-633030,Gia vi Nam Ngu chai 1L,334000,103,Ke K2-08,562,2026-07-12
8930000003778,P-988459,Sua tam G7 huong vi tu nhien,247000,25,Ke E2-04,360,2026-08-06
8930000003779,P-507247,Hat nem Kinh Do goi 85g,317000,193,Ke J2-02,840,2026-09-23
8930000003780,P-255287,Sua tam Closeup hop 200g,306000,100,Ke K1-04,326,2026-09-02
8930000003781,P-132792,Ca phe Lifebuoy can 2L,371000,34,Ke F1-08,875,2026-07-12
8930000003782,P-407057,Sua tuoi Red Bull can 2L,194000,8,Ke I5-05,579,2026-08-28
8930000003783,P-526170,Gia vi Lay's hop 200g,408000,209,Ke D3-08,386,2026-07-31
8930000003784,P-910004,Sua tam Lifebuoy chai 1L,67000,41,Ke D5-01,831,2026-08-23
8930000003785,P-184736,Gia vi Aquafina dam da,315000,136,Ke I3-06,284,2026-09-12
8930000003786,P-940247,Nuoc mam Maggi chai 500ml,301000,175,Ke F1-04,836,2026-09-09
8930000003787,P-781595,Banh quy Clear chai 500ml,316000,39,Ke F3-02,595,2026-08-12
8930000003788,P-409369,Tuong ot Closeup truyen thong,184000,61,Ke B1-07,509,2026-08-25
8930000003789,P-852658,Snack Hao Hao cao cap,120000,224,Ke D4-06,751,2026-07-18
8930000003790,P-111091,Sua tuoi Sunlight chai 500ml,378000,20,Ke E1-08,243,2026-08-01
8930000003791,P-735388,Dau an Omachi it duong,136000,73,Ke G4-09,805,2026-08-05
8930000003792,P-748645,Banh quy Lifebuoy it duong,455000,93,Ke D5-02,143,2026-07-29
8930000003793,P-294546,Mi goi Sting dam da,457000,274,Ke J5-04,361,2026-08-25
8930000003794,P-886626,Nuoc giat Clear cao cap,439000,168,Ke C1-02,924,2026-09-13
8930000003795,P-294760,Nuoc giat Clear chai 500ml,488000,221,Ke D4-04,72,2026-09-22
8930000003796,P-409898,Ca phe Lay's it duong,125000,58,Ke A5-09,412,2026-09-13
8930000003797,P-865416,Hat nem TH True Milk chai 1L,377000,176,Ke J3-01,27,2026-09-03
8930000003798,P-722518,Nuoc tuong Hao Hao goi 85g,413000,14,Ke D4-05,560,2026-08-17
8930000003799,P-900961,Mi goi Closeup huong vi tu nhien,472000,27,Ke C1-09,156,2026-08-26
8930000003800,P-308781,Mi goi Lifebuoy loc 4 hop,15000,283,Ke B4-01,137,2026-07-29
8930000003801,P-497382,Nuoc suoi Pepsi dam da,220000,286,Ke H5-08,656,2026-07-15
8930000003802,P-286040,Tuong ot Chin-su tiet kiem,35000,149,Ke J5-08,882,2026-10-02
8930000003803,P-859340,Tuong ot Closeup khong duong,495000,15,Ke E2-05,680,2026-08-01
8930000003804,P-327738,Nuoc suoi Nam Ngu truyen thong,107000,162,Ke E2-02,44,2026-08-12
8930000003805,P-186624,Kem danh rang Kinh Do huong vi tu nhien,415000,15,Ke E4-01,67,2026-10-02
8930000003806,P-357034,Ca phe Hao Hao it duong,65000,125,Ke F3-06,983,2026-08-06
8930000003807,P-178645,Gia vi Knorr khong duong,27000,246,Ke C2-04,611,2026-08-19
8930000003808,P-268752,Sua tam Sunsilk truyen thong,240000,71,Ke K1-08,386,2026-09-24
8930000003809,P-890200,Nuoc lau san OMO tiet kiem,310000,291,Ke J5-08,732,2026-07-25
8930000003810,P-722565,Nuoc giat Red Bull chai 1L,246000,229,Ke F1-04,512,2026-08-03
8930000003811,P-656829,Nuoc giat Closeup dam da,68000,114,Ke J5-02,545,2026-07-22
8930000003812,P-671598,Hat nem Lay's can 2L,332000,87,Ke A3-09,487,2026-09-05
8930000003813,P-802615,Banh quy Tuong An chai 500ml,62000,134,Ke F3-09,419,2026-07-30
8930000003814,P-895216,Mi goi Colgate truyen thong,407000,238,Ke D3-02,551,2026-07-24
8930000003815,P-995420,Sua tuoi Red Bull hop 200g,339000,211,Ke E1-04,641,2026-07-14
8930000003816,P-622584,Nuoc ngot Aquafina can 2L,415000,168,Ke I3-04,928,2026-07-23
8930000003817,P-331241,Nuoc ngot Sunsilk goi 85g,329000,171,Ke D4-03,33,2026-08-18
8930000003818,P-957266,Nuoc suoi Comfort loc 4 hop,310000,102,Ke D5-03,458,2026-09-23
8930000003819,P-531762,Gia vi Lavie loc 4 hop,18000,215,Ke D5-06,867,2026-08-11
8930000003820,P-670065,Nuoc giat Vinamilk khong duong,30000,244,Ke K1-06,201,2026-08-06
8930000003821,P-466704,Nuoc tuong Closeup loc 4 hop,98000,33,Ke K3-06,698,2026-07-12
8930000003822,P-212168,Kem danh rang Clear chai 500ml,389000,117,Ke K3-05,289,2026-09-29
8930000003823,P-970300,Nuoc giat Sunsilk goi 85g,365000,216,Ke H4-09,895,2026-07-28
8930000003824,P-346269,Nuoc tuong OMO hop 200g,477000,89,Ke K2-02,780,2026-09-29
8930000003825,P-309452,Banh quy Sting tiet kiem,74000,9,Ke E1-05,506,2026-09-25
8930000003826,P-447255,Nuoc ngot OMO khong duong,154000,211,Ke B4-06,684,2026-08-02
8930000003827,P-189211,Nuoc tuong Lifebuoy huong vi tu nhien,459000,148,Ke B1-05,565,2026-08-10
8930000003828,P-626883,Sua tam Red Bull dam da,270000,219,Ke E3-03,982,2026-08-09
8930000003829,P-356600,Dau an Sunsilk loc 4 hop,156000,259,Ke A3-09,424,2026-08-04
8930000003830,P-109738,Mi goi Hao Hao tiet kiem,11000,65,Ke I4-08,797,2026-10-02
8930000003831,P-764532,Hat nem Simply khong duong,170000,242,Ke A3-05,229,2026-09-30
8930000003832,P-855917,Nuoc giat Simply khong duong,160000,197,Ke K4-09,579,2026-07-17
8930000003833,P-810859,Nuoc xa Closeup loc 4 hop,310000,35,Ke D1-05,817,2026-09-04
8930000003834,P-285636,Nuoc lau san Hao Hao tiet kiem,240000,231,Ke J5-09,955,2026-07-20
8930000003835,P-248213,Gia vi Omachi loc 4 hop,209000,298,Ke C3-08,22,2026-08-28
8930000003836,P-772612,Nuoc lau san Hao Hao dam da,478000,103,Ke A1-09,436,2026-08-28
8930000003837,P-464069,Hat nem Omachi it duong,45000,140,Ke F4-06,99,2026-07-30
8930000003838,P-353961,Nuoc ngot Chin-su can 2L,191000,46,Ke H1-01,251,2026-08-30
8930000003839,P-834891,Hat nem Maggi tiet kiem,238000,143,Ke D2-06,909,2026-08-16
8930000003840,P-705693,Nuoc xa Knorr huong vi tu nhien,500000,174,Ke D4-03,322,2026-09-22
8930000003841,P-962057,Dau an Nam Ngu dam da,40000,177,Ke E1-02,116,2026-07-20
8930000003842,P-581003,Sua tuoi Colgate khong duong,17000,199,Ke A4-02,253,2026-08-13
8930000003843,P-475075,Gia vi Nam Ngu huong vi tu nhien,404000,21,Ke F2-03,77,2026-07-09
8930000003844,P-180089,Ca phe Tuong An khong duong,334000,222,Ke H2-06,835,2026-09-08
8930000003845,P-943442,Nuoc tuong Tuong An cao cap,72000,166,Ke G1-02,852,2026-08-12
8930000003846,P-518373,Nuoc ngot Closeup chai 500ml,345000,297,Ke J3-05,752,2026-09-15
8930000003847,P-389282,Sua tam OMO truyen thong,46000,278,Ke E3-06,214,2026-08-08
8930000003848,P-823378,Snack Nescafe khong duong,208000,276,Ke C5-06,61,2026-07-27
8930000003849,P-702819,Nuoc ngot Tuong An hop 200g,300000,164,Ke A2-04,136,2026-09-09
8930000003850,P-219361,Kem danh rang Nescafe chai 500ml,306000,122,Ke F5-01,710,2026-09-07
8930000003851,P-199868,Snack Maggi cao cap,90000,265,Ke I1-06,28,2026-08-01
8930000003852,P-482746,Snack TH True Milk can 2L,369000,265,Ke B5-08,827,2026-09-06
8930000003853,P-738457,Kem danh rang Tuong An tiet kiem,407000,155,Ke C3-03,287,2026-07-05
8930000003854,P-311883,Nuoc xa Red Bull can 2L,250000,134,Ke E3-07,270,2026-07-20
8930000003855,P-574419,Hat nem TH True Milk loc 4 hop,221000,149,Ke A1-07,8,2026-08-15
8930000003856,P-250069,Gia vi Nescafe goi 85g,476000,74,Ke G3-09,444,2026-09-17
8930000003857,P-416423,Nuoc giat Aquafina tiet kiem,189000,111,Ke H4-04,804,2026-07-24
8930000003858,P-529954,Kem danh rang Maggi cao cap,446000,153,Ke K4-01,596,2026-09-21
8930000003859,P-911117,Dau an Hao Hao huong vi tu nhien,456000,135,Ke A4-03,880,2026-08-18
8930000003860,P-998801,Nuoc suoi OMO chai 500ml,377000,106,Ke J4-01,94,2026-08-09
8930000003861,P-715104,Banh quy Oishi hop 200g,440000,118,Ke C3-08,31,2026-08-08
8930000003862,P-730343,Gia vi Omachi chai 1L,490000,74,Ke F1-08,303,2026-09-08
8930000003863,P-502206,Nuoc ngot Closeup chai 1L,399000,34,Ke D2-06,60,2026-07-12
8930000003864,P-735988,Hat nem Clear cao cap,357000,157,Ke D5-09,956,2026-07-28
8930000003865,P-306909,Nuoc suoi Tuong An khong duong,238000,290,Ke J3-03,702,2026-09-02
8930000003866,P-413921,Sua tam Kinh Do tiet kiem,438000,260,Ke J3-07,743,2026-08-31
8930000003867,P-296041,Snack Barona tiet kiem,159000,186,Ke J3-08,750,2026-07-31
8930000003868,P-651002,Nuoc ngot Chin-su can 2L,374000,103,Ke B4-05,697,2026-07-11
8930000003869,P-880758,Dau an Sting truyen thong,57000,275,Ke D2-03,954,2026-07-08
8930000003870,P-872246,Nuoc suoi Maggi huong vi tu nhien,85000,114,Ke J2-07,883,2026-07-10
8930000003871,P-185965,Dau an Red Bull chai 1L,55000,241,Ke G3-01,784,2026-07-10
8930000003872,P-447668,Nuoc suoi TH True Milk loc 4 hop,375000,204,Ke F3-02,82,2026-09-13
8930000003873,P-614435,Nuoc tuong Coca Cola it duong,261000,45,Ke B1-06,6,2026-09-16
8930000003874,P-597889,Dau an Nescafe truyen thong,311000,87,Ke A4-05,695,2026-07-14
8930000003875,P-666843,Snack Oishi chai 500ml,89000,274,Ke C4-07,502,2026-08-03
8930000003876,P-585331,Nuoc suoi Chin-su it duong,322000,112,Ke F3-04,932,2026-09-04
8930000003877,P-433299,Nuoc giat Nam Ngu truyen thong,406000,73,Ke H5-04,622,2026-08-11
8930000003878,P-193904,Gia vi Chin-su dam da,425000,181,Ke B1-01,141,2026-08-16
8930000003879,P-918871,Sua tuoi Red Bull can 2L,390000,89,Ke B3-04,915,2026-07-15
8930000003880,P-518836,Nuoc suoi Lifebuoy goi 85g,200000,296,Ke K4-06,221,2026-08-01
8930000003881,P-536236,Mi goi Aquafina chai 500ml,246000,132,Ke B1-06,185,2026-10-03
8930000003882,P-636107,Nuoc tuong Oishi goi 85g,102000,38,Ke I4-04,31,2026-07-10
8930000003883,P-648530,Gia vi Aquafina huong vi tu nhien,246000,112,Ke D4-08,870,2026-09-04
8930000003884,P-920391,Nuoc ngot Omachi hop 200g,246000,103,Ke E1-05,529,2026-08-21
8930000003885,P-132047,Banh quy Maggi tiet kiem,84000,237,Ke K3-01,538,2026-09-14
8930000003886,P-120422,Sua tam Nescafe truyen thong,12000,5,Ke J1-08,154,2026-09-11
8930000003887,P-153035,Sua tuoi Nescafe cao cap,324000,249,Ke B2-02,534,2026-07-21
8930000003888,P-325468,Nuoc suoi Aquafina khong duong,128000,170,Ke J4-01,134,2026-09-03
8930000003889,P-525750,Tuong ot Kinh Do chai 500ml,418000,269,Ke H3-02,471,2026-08-18
8930000003890,P-982495,Nuoc giat OMO hop 200g,18000,106,Ke C2-01,838,2026-07-25
8930000003891,P-984027,Nuoc lau san Nescafe huong vi tu nhien,409000,227,Ke A5-05,961,2026-09-25
8930000003892,P-242348,Nuoc giat Lavie huong vi tu nhien,89000,148,Ke B2-01,48,2026-08-08
8930000003893,P-294776,Nuoc lau san Colgate goi 85g,219000,257,Ke K3-09,717,2026-08-02
8930000003894,P-794303,Snack Lavie cao cap,280000,178,Ke A5-06,588,2026-09-21
8930000003895,P-298202,Ca phe Lavie huong vi tu nhien,154000,229,Ke C2-07,422,2026-07-16
8930000003896,P-976822,Ca phe Closeup chai 1L,68000,233,Ke C5-07,978,2026-08-21
8930000003897,P-503951,Nuoc ngot Nescafe dam da,150000,73,Ke A3-04,666,2026-07-25
8930000003898,P-417329,Nuoc suoi Sunsilk cao cap,168000,28,Ke K3-07,149,2026-09-20
8930000003899,P-401769,Nuoc xa Maggi chai 1L,136000,104,Ke E5-04,878,2026-07-22
8930000003900,P-652654,Ca phe Hao Hao chai 1L,404000,198,Ke H3-01,452,2026-07-24
8930000003901,P-244170,Nuoc tuong Closeup truyen thong,217000,293,Ke I3-09,322,2026-08-07
8930000003902,P-472060,Nuoc suoi Lay's dam da,493000,49,Ke A4-07,468,2026-07-13
8930000003903,P-498138,Dau an Pepsi loc 4 hop,489000,51,Ke I4-04,668,2026-07-21
8930000003904,P-664315,Nuoc giat Nescafe hop 200g,460000,167,Ke D4-08,53,2026-09-24
8930000003905,P-525392,Nuoc mam Tuong An hop 200g,111000,61,Ke G3-06,692,2026-07-10
8930000003906,P-221263,Khan giay G7 khong duong,477000,137,Ke D4-09,14,2026-08-30
8930000003907,P-157152,Nuoc giat Vinamilk loc 4 hop,23000,252,Ke K5-04,398,2026-08-20
8930000003908,P-710224,Mi goi OMO goi 85g,432000,233,Ke F4-03,442,2026-07-06
8930000003909,P-819796,Gia vi Omachi tiet kiem,28000,117,Ke K2-08,975,2026-09-07
8930000003910,P-166645,Snack Sunsilk can 2L,63000,77,Ke F4-08,189,2026-09-24
8930000003911,P-598985,Dau an Sunlight it duong,5000,18,Ke I3-08,675,2026-07-31
8930000003912,P-789606,Gia vi Aquafina tiet kiem,303000,63,Ke F2-03,722,2026-08-25
8930000003913,P-777568,Nuoc mam Lavie tiet kiem,201000,199,Ke A1-09,803,2026-10-03
8930000003914,P-885339,Snack Barona can 2L,418000,280,Ke D4-01,714,2026-09-07
8930000003915,P-742039,Sua tuoi Nam Ngu loc 4 hop,40000,130,Ke K4-06,669,2026-09-09
8930000003916,P-336706,Dau an Oishi goi 85g,168000,227,Ke I3-08,886,2026-08-08
8930000003917,P-106918,Sua tuoi Clear can 2L,413000,27,Ke G1-01,510,2026-08-30
8930000003918,P-584106,Dau goi Hao Hao loc 4 hop,406000,127,Ke D4-01,52,2026-08-29
8930000003919,P-240606,Gia vi Kinh Do truyen thong,447000,254,Ke E3-04,396,2026-07-24
8930000003920,P-499226,Nuoc giat Kinh Do cao cap,375000,200,Ke D5-08,447,2026-09-10
8930000003921,P-209159,Mi goi Barona chai 500ml,459000,249,Ke H3-01,756,2026-08-23
8930000003922,P-754858,Nuoc suoi Aquafina goi 85g,226000,224,Ke B5-03,297,2026-07-26
8930000003923,P-230192,Nuoc xa Knorr dam da,143000,92,Ke H5-06,903,2026-09-04
8930000003924,P-859489,Mi goi Tuong An dam da,374000,262,Ke I4-03,428,2026-09-07
8930000003925,P-719221,Nuoc suoi Closeup hop 200g,91000,47,Ke K2-03,209,2026-09-05
8930000003926,P-375382,Gia vi Sunlight hop 200g,430000,273,Ke C1-06,576,2026-09-30
8930000003927,P-800596,Sua tuoi Sting truyen thong,423000,67,Ke D2-01,296,2026-08-30
8930000003928,P-533648,Nuoc lau san Tuong An tiet kiem,182000,219,Ke H4-02,372,2026-07-10
8930000003929,P-291961,Nuoc suoi Hao Hao truyen thong,489000,242,Ke K4-07,7,2026-08-27
8930000003930,P-165021,Snack Pepsi goi 85g,304000,123,Ke J1-02,411,2026-07-08
8930000003931,P-542904,Ca phe Aquafina can 2L,337000,210,Ke H4-07,954,2026-08-17
8930000003932,P-396745,Nuoc xa Clear chai 1L,200000,210,Ke E4-07,47,2026-07-24
8930000003933,P-715429,Kem danh rang Omachi huong vi tu nhien,259000,180,Ke K2-07,318,2026-08-22
8930000003934,P-753898,Snack Barona khong duong,39000,256,Ke F1-05,586,2026-07-16
8930000003935,P-121753,Nuoc tuong G7 can 2L,273000,73,Ke J5-09,499,2026-09-15
8930000003936,P-254721,Nuoc giat Aquafina loc 4 hop,382000,146,Ke C2-01,441,2026-09-24
8930000003937,P-262924,Nuoc tuong Aquafina truyen thong,23000,217,Ke J2-09,478,2026-07-09
8930000003938,P-882169,Hat nem Colgate goi 85g,224000,146,Ke A1-07,819,2026-08-03
8930000003939,P-931621,Dau an Knorr chai 1L,443000,226,Ke D5-01,251,2026-09-13
8930000003940,P-211726,Mi goi Tuong An it duong,31000,104,Ke B5-04,580,2026-09-03
8930000003941,P-846794,Hat nem Comfort huong vi tu nhien,462000,45,Ke B1-09,269,2026-07-10
8930000003942,P-334081,Sua tuoi Coca Cola chai 500ml,131000,261,Ke I3-06,535,2026-08-01
8930000003943,P-422451,Snack Aquafina khong duong,359000,153,Ke F2-07,106,2026-08-21
8930000003944,P-352249,Mi goi Tuong An it duong,213000,239,Ke E3-08,724,2026-07-29
8930000003945,P-683390,Tuong ot Lavie dam da,482000,236,Ke J5-04,665,2026-07-31
8930000003946,P-708982,Nuoc giat Lifebuoy dam da,339000,128,Ke F3-07,978,2026-08-10
8930000003947,P-532046,Khan giay Pepsi it duong,339000,109,Ke I5-06,727,2026-07-27
8930000003948,P-299448,Sua tam Closeup loc 4 hop,37000,242,Ke K5-03,334,2026-07-08
8930000003949,P-870925,Dau goi Maggi huong vi tu nhien,357000,67,Ke J5-02,793,2026-08-09
8930000003950,P-275715,Dau an Tuong An chai 1L,481000,161,Ke K4-07,720,2026-09-12
8930000003951,P-984769,Gia vi Nam Ngu chai 1L,413000,279,Ke E2-07,537,2026-08-18
8930000003952,P-232981,Nuoc ngot Red Bull hop 200g,237000,102,Ke G4-01,92,2026-10-03
8930000003953,P-891615,Dau an Colgate can 2L,419000,44,Ke J1-06,876,2026-07-09
8930000003954,P-753004,Dau an Comfort huong vi tu nhien,99000,281,Ke K4-03,103,2026-09-17
8930000003955,P-716225,Nuoc ngot Sunsilk tiet kiem,190000,43,Ke J1-05,920,2026-08-19
8930000003956,P-117711,Dau goi Chin-su loc 4 hop,420000,143,Ke G2-03,36,2026-09-21
8930000003957,P-794180,Dau goi Lavie chai 1L,211000,116,Ke K2-04,694,2026-08-19
8930000003958,P-309044,Banh quy G7 khong duong,150000,101,Ke C4-03,330,2026-09-03
8930000003959,P-112861,Nuoc tuong Kinh Do loc 4 hop,10000,125,Ke A4-06,320,2026-07-19
8930000003960,P-458388,Nuoc lau san Comfort loc 4 hop,36000,145,Ke C1-03,905,2026-08-28
8930000003961,P-156964,Nuoc lau san Knorr it duong,388000,182,Ke A4-05,377,2026-10-02
8930000003962,P-607938,Khan giay Nam Ngu truyen thong,446000,131,Ke C5-01,875,2026-07-21
8930000003963,P-757685,Gia vi Lay's tiet kiem,241000,17,Ke C3-05,4,2026-08-26
8930000003964,P-580115,Tuong ot Kinh Do huong vi tu nhien,467000,11,Ke H4-02,685,2026-07-24
8930000003965,P-643377,Nuoc mam Simply cao cap,171000,128,Ke C4-08,644,2026-07-13
8930000003966,P-410160,Hat nem Red Bull chai 1L,184000,180,Ke E4-07,66,2026-08-08
8930000003967,P-936587,Dau an Sting chai 500ml,246000,120,Ke F3-05,570,2026-09-20
8930000003968,P-614514,Ca phe Sting dam da,95000,204,Ke G4-02,347,2026-07-08
8930000003969,P-740916,Hat nem Oishi it duong,411000,300,Ke C5-05,183,2026-08-05
8930000003970,P-932291,Banh quy Comfort khong duong,495000,40,Ke F1-02,212,2026-09-01
8930000003971,P-237414,Hat nem Colgate it duong,294000,30,Ke G2-08,633,2026-07-26
8930000003972,P-790017,Khan giay Colgate chai 500ml,261000,97,Ke E4-08,193,2026-09-06
8930000003973,P-297377,Gia vi Kinh Do khong duong,311000,27,Ke D4-02,705,2026-07-19
8930000003974,P-401036,Nuoc ngot Omachi can 2L,180000,129,Ke J3-06,473,2026-07-10
8930000003975,P-735022,Mi goi Knorr tiet kiem,95000,48,Ke B4-03,181,2026-09-29
8930000003976,P-699405,Dau goi Sunlight cao cap,372000,171,Ke J1-01,3,2026-08-29
8930000003977,P-921875,Nuoc suoi Nam Ngu chai 1L,131000,115,Ke G3-05,257,2026-09-07
8930000003978,P-265416,Nuoc mam Clear tiet kiem,291000,219,Ke J1-05,150,2026-09-13
8930000003979,P-301158,Sua tuoi Colgate huong vi tu nhien,240000,81,Ke C4-07,735,2026-07-31
8930000003980,P-362292,Hat nem Lavie khong duong,239000,265,Ke A5-08,943,2026-07-26
8930000003981,P-203782,Snack Closeup can 2L,57000,33,Ke J2-04,553,2026-08-17
8930000003982,P-484945,Tuong ot TH True Milk huong vi tu nhien,25000,27,Ke A4-04,649,2026-09-16
8930000003983,P-232352,Snack G7 truyen thong,443000,222,Ke K4-08,905,2026-08-22
8930000003984,P-962570,Ca phe Coca Cola chai 500ml,285000,216,Ke B4-03,566,2026-07-11
8930000003985,P-896204,Ca phe Sting cao cap,17000,128,Ke E3-07,653,2026-09-06
8930000003986,P-277715,Hat nem Chin-su truyen thong,149000,198,Ke F4-09,291,2026-09-25
8930000003987,P-706224,Snack Knorr truyen thong,213000,107,Ke F1-08,320,2026-08-01
8930000003988,P-321020,Tuong ot Lavie tiet kiem,37000,268,Ke F1-08,405,2026-07-23
8930000003989,P-699166,Dau goi Aquafina truyen thong,421000,294,Ke F5-07,335,2026-08-12
8930000003990,P-761282,Sua tuoi TH True Milk tiet kiem,478000,122,Ke D4-06,157,2026-09-10
8930000003991,P-776502,Gia vi Comfort chai 1L,380000,144,Ke I3-03,90,2026-10-02
8930000003992,P-739427,Gia vi Chin-su khong duong,500000,70,Ke F1-05,346,2026-08-19
8930000003993,P-907557,Nuoc xa Barona hop 200g,327000,193,Ke D4-03,235,2026-08-02
8930000003994,P-763653,Dau goi Pepsi huong vi tu nhien,142000,40,Ke E2-07,314,2026-09-06
8930000003995,P-759176,Banh quy Chin-su hop 200g,436000,246,Ke A5-02,225,2026-08-02
8930000003996,P-532961,Dau an Chin-su hop 200g,289000,78,Ke B1-04,370,2026-07-14
8930000003997,P-484774,Dau an Knorr cao cap,100000,83,Ke C5-06,33,2026-09-22
8930000003998,P-131757,Ca phe Oishi chai 1L,462000,73,Ke I3-01,471,2026-08-09
8930000003999,P-571404,Gia vi OMO chai 500ml,104000,32,Ke I4-09,956,2026-09-06
8930000004000,P-148205,Ca phe Sunsilk can 2L,209000,239,Ke K5-01,51,2026-08-08
8930000004001,P-524434,Nuoc lau san Omachi loc 4 hop,158000,209,Ke G4-07,622,2026-08-25
8930000004002,P-246583,Nuoc tuong Simply chai 1L,478000,7,Ke K5-05,215,2026-07-29
8930000004003,P-993650,Sua tam G7 khong duong,452000,187,Ke A5-06,343,2026-07-21
8930000004004,P-661091,Nuoc mam Lavie tiet kiem,327000,223,Ke C5-08,811,2026-09-10
8930000004005,P-231414,Dau goi Coca Cola hop 200g,387000,79,Ke D2-06,458,2026-09-13
8930000004006,P-227253,Nuoc xa Simply cao cap,487000,160,Ke G5-03,484,2026-09-26
8930000004007,P-532005,Nuoc suoi Sting khong duong,101000,128,Ke E3-07,426,2026-08-14
8930000004008,P-796212,Nuoc ngot TH True Milk chai 500ml,54000,157,Ke J4-02,559,2026-09-27
8930000004009,P-457137,Dau goi Sunlight goi 85g,205000,91,Ke I5-07,775,2026-07-29
8930000004010,P-887524,Nuoc lau san Red Bull hop 200g,498000,91,Ke E3-05,910,2026-10-01
8930000004011,P-951211,Hat nem Closeup tiet kiem,391000,189,Ke B5-07,636,2026-07-05
8930000004012,P-611233,Snack Pepsi tiet kiem,47000,122,Ke K3-05,48,2026-07-24
8930000004013,P-747453,Nuoc tuong Simply truyen thong,338000,125,Ke B5-04,557,2026-09-30
8930000004014,P-176319,Nuoc ngot Coca Cola hop 200g,382000,102,Ke E4-07,599,2026-09-25
8930000004015,P-575575,Dau an Colgate tiet kiem,473000,109,Ke H4-04,646,2026-07-17
8930000004016,P-302511,Nuoc tuong OMO huong vi tu nhien,49000,85,Ke C1-02,394,2026-09-06
8930000004017,P-275377,Nuoc ngot G7 tiet kiem,190000,97,Ke A1-03,246,2026-07-21
8930000004018,P-769809,Nuoc ngot Aquafina khong duong,113000,42,Ke D2-07,652,2026-07-08
8930000004019,P-760093,Tuong ot Closeup dam da,152000,7,Ke J5-03,81,2026-09-12
8930000004020,P-241403,Nuoc xa TH True Milk khong duong,128000,67,Ke I5-07,495,2026-09-10
8930000004021,P-854377,Banh quy Comfort dam da,96000,183,Ke J1-04,100,2026-07-11
8930000004022,P-666479,Nuoc giat Red Bull cao cap,166000,209,Ke J1-01,715,2026-10-03
8930000004023,P-287110,Nuoc ngot Colgate hop 200g,330000,45,Ke H4-06,863,2026-09-06
8930000004024,P-564971,Nuoc mam Knorr loc 4 hop,274000,127,Ke E2-09,931,2026-08-03
8930000004025,P-331577,Nuoc ngot Aquafina dam da,163000,150,Ke H3-07,633,2026-09-19
8930000004026,P-350875,Nuoc ngot Sting cao cap,32000,287,Ke H1-03,494,2026-09-15
8930000004027,P-145814,Nuoc tuong Chin-su huong vi tu nhien,435000,135,Ke A1-04,672,2026-07-29
8930000004028,P-723945,Sua tuoi Sunlight goi 85g,480000,108,Ke E5-02,183,2026-09-07
8930000004029,P-620306,Nuoc mam Hao Hao chai 1L,344000,11,Ke A3-04,182,2026-08-31
8930000004030,P-493247,Mi goi Nescafe it duong,74000,184,Ke C4-07,164,2026-08-18
8930000004031,P-882186,Dau an Colgate huong vi tu nhien,455000,88,Ke B2-02,101,2026-08-09
8930000004032,P-754487,Nuoc giat Oishi chai 500ml,374000,153,Ke C5-04,171,2026-08-15
8930000004033,P-678388,Nuoc xa Closeup huong vi tu nhien,54000,47,Ke G4-09,113,2026-09-19
8930000004034,P-176577,Sua tam Barona can 2L,409000,279,Ke G2-01,183,2026-08-24
8930000004035,P-276042,Nuoc ngot Lavie it duong,262000,208,Ke E2-07,453,2026-09-04
8930000004036,P-307428,Sua tuoi Chin-su khong duong,23000,298,Ke E1-08,702,2026-08-21
8930000004037,P-426084,Tuong ot Colgate huong vi tu nhien,147000,11,Ke F2-02,622,2026-07-29
8930000004038,P-660708,Nuoc suoi Sunsilk dam da,34000,180,Ke A4-06,814,2026-08-24
8930000004039,P-461996,Sua tuoi G7 loc 4 hop,259000,168,Ke C5-05,422,2026-08-02
8930000004040,P-785743,Nuoc giat TH True Milk it duong,403000,259,Ke I3-07,462,2026-07-17
8930000004041,P-917711,Nuoc xa TH True Milk truyen thong,6000,291,Ke K2-01,666,2026-08-07
8930000004042,P-941204,Dau goi Tuong An cao cap,153000,25,Ke F5-04,329,2026-08-23
8930000004043,P-699083,Sua tuoi Kinh Do can 2L,465000,88,Ke H2-08,656,2026-07-19
8930000004044,P-453777,Nuoc giat Simply truyen thong,73000,285,Ke C5-01,120,2026-07-07
8930000004045,P-391865,Nuoc tuong Barona it duong,69000,10,Ke F1-02,769,2026-09-13
8930000004046,P-779445,Mi goi Comfort it duong,133000,19,Ke G2-07,546,2026-09-30
8930000004047,P-910883,Mi goi Maggi hop 200g,308000,25,Ke F1-03,310,2026-09-28
8930000004048,P-871043,Dau goi Lavie dam da,36000,245,Ke K3-08,821,2026-09-24
8930000004049,P-595404,Mi goi Sting huong vi tu nhien,345000,206,Ke E5-06,961,2026-08-08
8930000004050,P-766563,Gia vi Pepsi goi 85g,287000,212,Ke D1-03,915,2026-09-01
8930000004051,P-500209,Banh quy Sting truyen thong,341000,17,Ke E3-09,701,2026-09-23
8930000004052,P-329471,Hat nem Nescafe cao cap,269000,66,Ke J1-02,102,2026-08-29
8930000004053,P-762722,Snack Lifebuoy chai 1L,258000,210,Ke H4-07,923,2026-09-24
8930000004054,P-416302,Gia vi Sunlight chai 500ml,69000,142,Ke J4-01,98,2026-08-03
8930000004055,P-485191,Banh quy Oishi khong duong,407000,53,Ke H4-05,339,2026-09-24
8930000004056,P-652021,Nuoc xa Sunlight can 2L,391000,25,Ke C2-04,568,2026-10-03
8930000004057,P-736030,Nuoc suoi Lifebuoy chai 500ml,493000,122,Ke E4-09,894,2026-09-13
8930000004058,P-475815,Nuoc giat Sting cao cap,72000,170,Ke D2-01,632,2026-08-19
8930000004059,P-714923,Gia vi Colgate truyen thong,96000,277,Ke E5-09,485,2026-09-03
8930000004060,P-223172,Kem danh rang Lifebuoy goi 85g,258000,94,Ke H2-04,220,2026-07-15
8930000004061,P-960959,Snack Lifebuoy can 2L,459000,13,Ke C3-01,915,2026-07-17
8930000004062,P-430779,Hat nem Oishi goi 85g,208000,221,Ke D5-09,315,2026-08-15
8930000004063,P-998602,Ca phe Nescafe loc 4 hop,139000,74,Ke K4-04,599,2026-07-24
8930000004064,P-538997,Hat nem Lavie truyen thong,391000,206,Ke K3-03,727,2026-09-03
8930000004065,P-993744,Khan giay Kinh Do goi 85g,378000,288,Ke G4-07,170,2026-09-14
8930000004066,P-795650,Nuoc xa Simply chai 500ml,446000,120,Ke D3-01,961,2026-08-15
8930000004067,P-225245,Nuoc mam TH True Milk dam da,213000,222,Ke D2-05,798,2026-09-26
8930000004068,P-837520,Nuoc ngot Tuong An truyen thong,452000,73,Ke B3-07,706,2026-09-08
8930000004069,P-982277,Nuoc suoi Maggi truyen thong,178000,95,Ke G2-07,175,2026-07-28
8930000004070,P-319770,Nuoc tuong Pepsi khong duong,457000,116,Ke D3-08,32,2026-08-28
8930000004071,P-576769,Nuoc suoi Tuong An chai 500ml,188000,65,Ke K3-04,277,2026-08-27
8930000004072,P-838936,Dau an Kinh Do dam da,56000,244,Ke F3-05,300,2026-07-23
8930000004073,P-689485,Snack Red Bull cao cap,150000,90,Ke B5-09,735,2026-08-26
8930000004074,P-960072,Nuoc mam Sunlight cao cap,396000,158,Ke G2-09,112,2026-08-18
8930000004075,P-345925,Mi goi Chin-su hop 200g,59000,67,Ke G3-08,657,2026-07-17
8930000004076,P-407757,Nuoc mam Maggi loc 4 hop,341000,203,Ke E2-09,452,2026-09-11
8930000004077,P-989208,Nuoc suoi Sting truyen thong,107000,170,Ke D5-09,903,2026-08-01
8930000004078,P-533525,Kem danh rang Sunsilk cao cap,294000,65,Ke F2-01,62,2026-08-05
8930000004079,P-233827,Snack OMO dam da,136000,193,Ke K1-09,225,2026-08-29
8930000004080,P-287143,Nuoc xa Maggi hop 200g,93000,125,Ke A3-08,832,2026-07-24
8930000004081,P-649525,Nuoc mam Tuong An chai 500ml,381000,105,Ke B1-09,93,2026-09-16
8930000004082,P-663483,Nuoc suoi Coca Cola loc 4 hop,465000,127,Ke H5-07,962,2026-09-12
8930000004083,P-568784,Ca phe Nam Ngu truyen thong,27000,41,Ke E4-01,435,2026-08-11
8930000004084,P-879769,Gia vi Coca Cola dam da,374000,18,Ke G5-07,248,2026-08-07
8930000004085,P-996531,Ca phe Lay's dam da,454000,80,Ke B5-08,612,2026-07-06
8930000004086,P-879238,Banh quy Coca Cola chai 500ml,7000,222,Ke B3-08,85,2026-08-20
8930000004087,P-856157,Gia vi Vinamilk dam da,58000,89,Ke F1-03,744,2026-09-09
8930000004088,P-144316,Mi goi Pepsi huong vi tu nhien,3000,135,Ke A2-08,169,2026-07-24
8930000004089,P-776185,Khan giay Nescafe chai 1L,407000,266,Ke D2-02,947,2026-09-11
8930000004090,P-895034,Banh quy Nescafe chai 1L,457000,45,Ke E5-09,302,2026-09-15
8930000004091,P-824156,Kem danh rang TH True Milk can 2L,319000,207,Ke G5-08,517,2026-08-31
8930000004092,P-723266,Nuoc mam TH True Milk huong vi tu nhien,334000,39,Ke E1-05,858,2026-08-30
8930000004093,P-485178,Dau an Tuong An chai 1L,10000,248,Ke D4-03,252,2026-07-05
8930000004094,P-503277,Nuoc tuong Barona chai 1L,37000,186,Ke J3-03,531,2026-07-05
8930000004095,P-452058,Snack Clear hop 200g,365000,144,Ke H3-08,714,2026-08-09
8930000004096,P-451577,Tuong ot Maggi tiet kiem,462000,255,Ke J5-03,607,2026-09-04
8930000004097,P-536390,Sua tuoi Lavie chai 500ml,258000,249,Ke J4-09,868,2026-09-07
8930000004098,P-178465,Dau goi Sting chai 1L,11000,245,Ke E1-01,377,2026-07-20
8930000004099,P-423993,Tuong ot Lay's loc 4 hop,376000,279,Ke B3-01,790,2026-08-29
8930000004100,P-672892,Hat nem Oishi huong vi tu nhien,124000,179,Ke G1-03,543,2026-08-19
8930000004101,P-405844,Nuoc tuong Colgate chai 1L,319000,201,Ke G1-07,216,2026-08-19
8930000004102,P-572700,Ca phe Closeup can 2L,467000,206,Ke A4-06,865,2026-09-23
8930000004103,P-785280,Nuoc mam Kinh Do huong vi tu nhien,48000,261,Ke E2-07,169,2026-07-11
8930000004104,P-316995,Dau an Coca Cola loc 4 hop,432000,151,Ke B5-01,897,2026-09-17
8930000004105,P-102693,Nuoc suoi Aquafina hop 200g,153000,36,Ke I3-04,329,2026-08-13
8930000004106,P-510623,Kem danh rang Simply chai 500ml,83000,146,Ke K2-08,791,2026-08-06
8930000004107,P-492127,Gia vi Lavie huong vi tu nhien,424000,233,Ke G3-06,469,2026-09-05
8930000004108,P-778998,Nuoc xa Maggi loc 4 hop,289000,185,Ke C3-02,174,2026-09-12
8930000004109,P-871581,Snack Comfort truyen thong,285000,153,Ke G4-01,84,2026-07-11
8930000004110,P-156440,Nuoc xa OMO chai 500ml,398000,91,Ke C4-03,636,2026-08-29
8930000004111,P-401601,Gia vi Closeup tiet kiem,436000,224,Ke F2-04,805,2026-07-16
8930000004112,P-430876,Dau goi Red Bull loc 4 hop,350000,293,Ke J1-03,61,2026-09-05
8930000004113,P-842846,Nuoc lau san Lavie loc 4 hop,22000,229,Ke A1-09,268,2026-09-22
8930000004114,P-344762,Snack Oishi truyen thong,45000,70,Ke E2-07,577,2026-08-24
8930000004115,P-814825,Nuoc xa Maggi chai 500ml,116000,283,Ke F1-04,691,2026-07-18
8930000004116,P-835869,Nuoc xa Coca Cola truyen thong,129000,175,Ke C5-05,427,2026-09-24
8930000004117,P-227794,Ca phe Omachi truyen thong,225000,90,Ke A3-01,523,2026-08-19
8930000004118,P-681409,Dau an Vinamilk chai 1L,407000,130,Ke D3-07,78,2026-09-25
8930000004119,P-333507,Nuoc lau san Lay's can 2L,272000,258,Ke D4-03,533,2026-09-11
8930000004120,P-248241,Dau goi Maggi chai 500ml,311000,101,Ke K2-09,42,2026-08-28
8930000004121,P-452618,Nuoc ngot Lifebuoy hop 200g,36000,251,Ke B4-01,251,2026-09-08
8930000004122,P-487158,Hat nem TH True Milk goi 85g,420000,196,Ke E3-02,541,2026-07-12
8930000004123,P-502594,Ca phe Simply chai 1L,337000,225,Ke A2-01,645,2026-07-18
8930000004124,P-864715,Tuong ot Kinh Do it duong,244000,288,Ke I1-03,700,2026-09-25
8930000004125,P-732209,Banh quy Oishi it duong,479000,217,Ke H4-08,962,2026-08-06
8930000004126,P-254511,Nuoc giat Sting it duong,439000,218,Ke F4-07,318,2026-08-19
8930000004127,P-846385,Kem danh rang Knorr chai 500ml,319000,34,Ke D3-09,113,2026-07-17
8930000004128,P-208239,Snack OMO truyen thong,131000,108,Ke F1-02,923,2026-09-27
8930000004129,P-882544,Dau an Coca Cola hop 200g,107000,298,Ke F3-04,240,2026-09-27
8930000004130,P-891952,Nuoc tuong Lay's truyen thong,387000,74,Ke D2-04,668,2026-09-23
8930000004131,P-922041,Tuong ot Aquafina cao cap,384000,40,Ke E5-06,344,2026-09-30
8930000004132,P-393804,Nuoc giat Vinamilk khong duong,195000,133,Ke A4-03,819,2026-08-10
8930000004133,P-823255,Sua tuoi Coca Cola can 2L,147000,59,Ke F1-05,313,2026-07-31
8930000004134,P-919067,Nuoc xa Pepsi khong duong,57000,220,Ke E5-04,752,2026-09-01
8930000004135,P-134500,Dau an Sting truyen thong,452000,237,Ke D1-03,597,2026-08-28
8930000004136,P-716482,Banh quy Pepsi hop 200g,170000,249,Ke C3-03,682,2026-09-29
8930000004137,P-724473,Nuoc mam Simply truyen thong,411000,189,Ke I5-04,464,2026-08-05
8930000004138,P-219629,Nuoc ngot Chin-su chai 500ml,282000,97,Ke I3-09,784,2026-07-24
8930000004139,P-827250,Khan giay Maggi dam da,305000,158,Ke J3-02,393,2026-07-09
8930000004140,P-932204,Snack Lay's hop 200g,37000,146,Ke F4-05,305,2026-08-09
8930000004141,P-664365,Nuoc suoi Sunsilk chai 500ml,76000,126,Ke J1-01,264,2026-09-24
8930000004142,P-717113,Kem danh rang Chin-su loc 4 hop,449000,84,Ke I4-08,551,2026-08-18
8930000004143,P-120700,Snack Tuong An can 2L,458000,9,Ke B5-08,780,2026-08-02
8930000004144,P-873207,Khan giay Closeup chai 500ml,394000,28,Ke B3-07,462,2026-09-28
8930000004145,P-404694,Khan giay Closeup tiet kiem,119000,221,Ke H2-06,925,2026-09-28
8930000004146,P-134144,Dau an Barona goi 85g,360000,19,Ke A3-02,472,2026-08-03
8930000004147,P-451199,Banh quy Comfort cao cap,256000,128,Ke E4-01,689,2026-09-02
8930000004148,P-902784,Nuoc ngot Pepsi dam da,116000,157,Ke A4-03,821,2026-07-08
8930000004149,P-884616,Mi goi Coca Cola loc 4 hop,182000,251,Ke F2-08,353,2026-08-28
8930000004150,P-218220,Nuoc mam Lifebuoy goi 85g,367000,108,Ke C5-07,501,2026-07-08
8930000004151,P-933592,Nuoc lau san Lavie dam da,494000,186,Ke K1-07,929,2026-08-14
8930000004152,P-171488,Nuoc lau san Barona goi 85g,38000,182,Ke F4-02,709,2026-08-23
8930000004153,P-680412,Kem danh rang Comfort chai 1L,349000,218,Ke B4-07,573,2026-07-21
8930000004154,P-422679,Ca phe TH True Milk hop 200g,125000,220,Ke D4-05,417,2026-07-14
8930000004155,P-381433,Sua tuoi Lavie hop 200g,454000,194,Ke F1-07,119,2026-09-24
8930000004156,P-374258,Hat nem Nam Ngu hop 200g,174000,217,Ke D2-03,267,2026-08-17
8930000004157,P-874814,Mi goi G7 khong duong,194000,207,Ke J4-02,607,2026-09-17
8930000004158,P-992647,Mi goi Omachi cao cap,366000,224,Ke J4-05,571,2026-07-06
8930000004159,P-602780,Dau goi Oishi can 2L,286000,160,Ke I4-09,642,2026-07-18
8930000004160,P-819964,Sua tam Clear it duong,46000,297,Ke G2-01,355,2026-09-13
8930000004161,P-270557,Nuoc xa Colgate huong vi tu nhien,136000,109,Ke G5-03,184,2026-08-20
8930000004162,P-685997,Gia vi Clear dam da,219000,133,Ke C2-01,963,2026-09-18
8930000004163,P-362227,Dau an Red Bull loc 4 hop,210000,10,Ke B4-07,208,2026-09-20
8930000004164,P-755700,Khan giay Kinh Do hop 200g,425000,262,Ke G2-08,698,2026-07-12
8930000004165,P-557058,Sua tuoi Comfort goi 85g,188000,182,Ke D4-01,430,2026-09-14
8930000004166,P-453796,Nuoc mam Nam Ngu huong vi tu nhien,214000,101,Ke F4-08,211,2026-07-13
8930000004167,P-360909,Kem danh rang Red Bull can 2L,194000,205,Ke J3-03,784,2026-07-18
8930000004168,P-567200,Nuoc lau san Knorr tiet kiem,36000,5,Ke E1-01,222,2026-09-13
8930000004169,P-527398,Nuoc xa Nam Ngu huong vi tu nhien,114000,70,Ke E5-03,726,2026-08-08
8930000004170,P-158627,Ca phe Sunlight truyen thong,198000,110,Ke F2-04,805,2026-08-21
8930000004171,P-247189,Sua tam Kinh Do dam da,288000,268,Ke C1-04,854,2026-07-26
8930000004172,P-353480,Sua tuoi Closeup chai 1L,441000,173,Ke I4-03,677,2026-09-25
8930000004173,P-338161,Nuoc tuong Lavie it duong,473000,37,Ke B1-03,514,2026-09-23
8930000004174,P-165442,Nuoc giat Red Bull tiet kiem,311000,20,Ke D4-07,394,2026-08-14
8930000004175,P-975194,Hat nem Coca Cola cao cap,371000,160,Ke H2-09,75,2026-07-12
8930000004176,P-771736,Hat nem Chin-su chai 1L,490000,172,Ke J5-05,344,2026-10-02
8930000004177,P-170835,Tuong ot Nam Ngu cao cap,254000,30,Ke C5-05,31,2026-09-05
8930000004178,P-813536,Nuoc xa Aquafina it duong,179000,106,Ke K1-04,159,2026-07-05
8930000004179,P-584935,Nuoc suoi Clear chai 500ml,67000,234,Ke F4-08,850,2026-09-21
8930000004180,P-907278,Gia vi Colgate chai 500ml,27000,132,Ke A3-07,513,2026-08-06
8930000004181,P-586554,Nuoc tuong TH True Milk can 2L,407000,39,Ke C4-06,155,2026-08-28
8930000004182,P-785424,Khan giay Knorr tiet kiem,280000,41,Ke I3-03,818,2026-07-19
8930000004183,P-745270,Nuoc lau san Simply goi 85g,260000,91,Ke A1-06,123,2026-08-29
8930000004184,P-821068,Gia vi Sting can 2L,257000,216,Ke E5-02,251,2026-08-13
8930000004185,P-687638,Mi goi Pepsi chai 500ml,228000,216,Ke F2-09,923,2026-09-12
8930000004186,P-993385,Dau an Lifebuoy tiet kiem,387000,203,Ke B5-06,672,2026-08-30
8930000004187,P-182659,Gia vi Closeup huong vi tu nhien,458000,72,Ke J3-09,876,2026-08-31
8930000004188,P-764845,Gia vi Sunsilk loc 4 hop,100000,136,Ke F4-08,853,2026-08-12
8930000004189,P-837449,Dau goi Kinh Do truyen thong,454000,126,Ke I5-07,351,2026-07-15
8930000004190,P-688866,Snack Vinamilk tiet kiem,380000,22,Ke J1-06,608,2026-08-20
8930000004191,P-924758,Dau goi Clear can 2L,266000,101,Ke C2-06,982,2026-07-20
8930000004192,P-141319,Tuong ot Coca Cola tiet kiem,10000,64,Ke J3-02,157,2026-07-14
8930000004193,P-916808,Nuoc giat Vinamilk chai 1L,199000,59,Ke I3-04,419,2026-09-29
8930000004194,P-297731,Nuoc lau san Red Bull goi 85g,24000,229,Ke C1-03,29,2026-09-05
8930000004195,P-629208,Tuong ot Nescafe goi 85g,54000,39,Ke C1-07,405,2026-08-03
8930000004196,P-254864,Sua tam Simply can 2L,86000,13,Ke D4-04,302,2026-09-01
8930000004197,P-885386,Nuoc lau san Simply chai 1L,188000,220,Ke H1-08,655,2026-09-21
8930000004198,P-759827,Gia vi Colgate truyen thong,4000,182,Ke G3-08,824,2026-08-28
8930000004199,P-732608,Tuong ot Oishi chai 1L,253000,249,Ke A3-05,400,2026-08-07
8930000004200,P-288724,Tuong ot Lay's it duong,41000,205,Ke E5-01,604,2026-08-21
8930000004201,P-955015,Nuoc suoi Pepsi goi 85g,337000,277,Ke H2-01,773,2026-08-19
8930000004202,P-917546,Nuoc lau san G7 chai 1L,276000,68,Ke A2-06,217,2026-09-21
8930000004203,P-178898,Dau an Oishi tiet kiem,93000,221,Ke G2-06,278,2026-08-01
8930000004204,P-448121,Nuoc lau san Maggi huong vi tu nhien,354000,21,Ke J3-09,52,2026-08-25
8930000004205,P-551365,Sua tuoi Sunlight dam da,402000,155,Ke G1-06,622,2026-08-05
8930000004206,P-658623,Sua tuoi TH True Milk huong vi tu nhien,39000,33,Ke A4-04,531,2026-07-31
8930000004207,P-579404,Snack Tuong An chai 1L,228000,123,Ke K3-08,289,2026-09-02
8930000004208,P-422002,Dau goi Sunsilk hop 200g,121000,298,Ke K1-09,618,2026-08-29
8930000004209,P-768854,Nuoc ngot Nam Ngu dam da,297000,276,Ke F5-07,509,2026-09-25
8930000004210,P-993522,Nuoc lau san Simply khong duong,58000,107,Ke A3-05,128,2026-07-11
8930000004211,P-878586,Nuoc tuong Colgate loc 4 hop,338000,94,Ke F1-02,88,2026-07-21
8930000004212,P-274971,Banh quy Nam Ngu tiet kiem,183000,158,Ke A5-05,170,2026-07-11
8930000004213,P-427766,Gia vi Knorr dam da,425000,97,Ke F5-08,636,2026-07-16
8930000004214,P-771394,Gia vi TH True Milk truyen thong,352000,121,Ke C2-09,555,2026-07-05
8930000004215,P-287588,Nuoc giat Closeup chai 1L,242000,204,Ke G1-07,851,2026-09-12
8930000004216,P-226610,Nuoc lau san Oishi chai 500ml,461000,41,Ke D3-01,663,2026-09-06
8930000004217,P-136554,Gia vi Lay's can 2L,284000,116,Ke I4-05,297,2026-07-10
8930000004218,P-153849,Tuong ot Vinamilk goi 85g,54000,266,Ke D4-04,164,2026-07-07
8930000004219,P-515594,Gia vi Closeup it duong,327000,234,Ke A2-07,770,2026-08-16
8930000004220,P-664139,Hat nem G7 khong duong,452000,7,Ke H1-06,955,2026-08-25
8930000004221,P-127172,Nuoc tuong Kinh Do goi 85g,169000,65,Ke D2-02,79,2026-08-04
8930000004222,P-810032,Nuoc lau san Pepsi huong vi tu nhien,177000,229,Ke H4-08,505,2026-09-24
8930000004223,P-458521,Gia vi Omachi truyen thong,403000,291,Ke I5-03,781,2026-09-29
8930000004224,P-233582,Hat nem TH True Milk khong duong,274000,232,Ke F4-05,34,2026-08-19
8930000004225,P-262934,Nuoc lau san Lay's tiet kiem,467000,100,Ke D1-04,427,2026-10-02
8930000004226,P-439320,Dau goi Sting can 2L,274000,251,Ke B5-03,272,2026-07-19
8930000004227,P-990649,Nuoc xa Closeup khong duong,196000,170,Ke F4-02,193,2026-08-13
8930000004228,P-221414,Ca phe Oishi chai 1L,247000,137,Ke F1-05,323,2026-09-04
8930000004229,P-829943,Nuoc giat Aquafina tiet kiem,93000,186,Ke H3-05,694,2026-07-29
8930000004230,P-660596,Nuoc tuong Omachi chai 500ml,74000,219,Ke K5-01,724,2026-09-19
8930000004231,P-190025,Nuoc lau san Aquafina dam da,393000,57,Ke B3-07,487,2026-09-02
8930000004232,P-802191,Hat nem Nescafe chai 500ml,41000,168,Ke H4-05,753,2026-08-11
8930000004233,P-857168,Nuoc xa TH True Milk cao cap,191000,35,Ke K4-09,9,2026-07-18
8930000004234,P-868804,Nuoc tuong Nam Ngu goi 85g,379000,112,Ke B5-04,265,2026-08-09
8930000004235,P-137034,Snack Lifebuoy huong vi tu nhien,93000,253,Ke F5-07,52,2026-09-02
8930000004236,P-704272,Ca phe Clear truyen thong,463000,181,Ke G2-04,874,2026-09-07
8930000004237,P-409445,Nuoc tuong Oishi khong duong,128000,158,Ke J3-03,285,2026-08-23
8930000004238,P-797660,Nuoc giat TH True Milk chai 500ml,42000,167,Ke F4-09,961,2026-07-14
8930000004239,P-911259,Dau an Coca Cola it duong,277000,283,Ke A2-03,984,2026-08-30
8930000004240,P-133659,Dau an Sting dam da,196000,61,Ke K5-07,791,2026-09-13
8930000004241,P-122394,Nuoc lau san Barona cao cap,196000,241,Ke E4-07,740,2026-09-10
8930000004242,P-812597,Tuong ot Colgate can 2L,15000,112,Ke K5-06,667,2026-08-29
8930000004243,P-406849,Nuoc xa Nescafe tiet kiem,230000,99,Ke G5-02,584,2026-09-09
8930000004244,P-853905,Nuoc ngot OMO hop 200g,82000,96,Ke J3-02,790,2026-09-11
8930000004245,P-371393,Hat nem Omachi goi 85g,388000,5,Ke G2-06,246,2026-07-08
8930000004246,P-126985,Gia vi Tuong An truyen thong,51000,261,Ke F3-06,376,2026-08-29
8930000004247,P-861411,Mi goi Comfort goi 85g,316000,89,Ke F5-09,909,2026-09-03
8930000004248,P-310960,Mi goi Tuong An tiet kiem,4000,31,Ke D3-07,230,2026-09-30
8930000004249,P-777273,Tuong ot Maggi khong duong,261000,82,Ke G4-04,334,2026-07-10
8930000004250,P-303440,Ca phe Sunlight hop 200g,7000,162,Ke H5-09,974,2026-08-16
8930000004251,P-874483,Kem danh rang Sting dam da,221000,262,Ke J4-03,94,2026-09-09
8930000004252,P-718241,Dau an Sunsilk truyen thong,409000,192,Ke A5-07,176,2026-07-26
8930000004253,P-926372,Sua tam Barona goi 85g,163000,202,Ke E2-05,448,2026-08-15
8930000004254,P-418594,Banh quy Closeup cao cap,271000,280,Ke C2-01,590,2026-09-12
8930000004255,P-564071,Kem danh rang Nescafe can 2L,93000,271,Ke J3-07,478,2026-07-10
8930000004256,P-893435,Tuong ot Coca Cola it duong,42000,208,Ke D2-01,872,2026-07-25
8930000004257,P-990704,Ca phe Coca Cola huong vi tu nhien,55000,245,Ke C4-03,526,2026-10-02
8930000004258,P-584487,Hat nem Nam Ngu truyen thong,458000,212,Ke E5-01,527,2026-08-28
8930000004259,P-202444,Nuoc xa Knorr hop 200g,44000,51,Ke G2-05,873,2026-07-12
8930000004260,P-394083,Hat nem Sunlight cao cap,20000,122,Ke B1-02,397,2026-08-12
8930000004261,P-968524,Hat nem Sunsilk chai 1L,223000,96,Ke C5-05,371,2026-08-24
8930000004262,P-607993,Ca phe Kinh Do loc 4 hop,387000,6,Ke I3-08,630,2026-08-16
8930000004263,P-749485,Dau an Chin-su hop 200g,183000,43,Ke B1-09,319,2026-07-28
8930000004264,P-648615,Sua tam Kinh Do huong vi tu nhien,198000,217,Ke A1-03,887,2026-08-15
8930000004265,P-842225,Sua tuoi Knorr chai 1L,305000,14,Ke K1-08,268,2026-07-17
8930000004266,P-512022,Snack Nam Ngu goi 85g,427000,59,Ke G2-05,284,2026-09-24
8930000004267,P-621682,Sua tuoi Pepsi chai 1L,323000,256,Ke I5-05,327,2026-08-04
8930000004268,P-376085,Hat nem Sunlight khong duong,468000,43,Ke G3-01,895,2026-09-11
8930000004269,P-277934,Nuoc suoi Omachi it duong,399000,273,Ke J2-06,272,2026-09-01
8930000004270,P-792232,Sua tuoi Sting dam da,412000,39,Ke K1-08,774,2026-09-12
8930000004271,P-272129,Khan giay G7 chai 500ml,15000,91,Ke D1-06,654,2026-09-30
8930000004272,P-110195,Sua tam Pepsi can 2L,51000,134,Ke I3-04,952,2026-09-05
8930000004273,P-703867,Tuong ot Sunsilk dam da,258000,46,Ke E4-06,365,2026-09-01
8930000004274,P-575786,Mi goi Chin-su hop 200g,473000,287,Ke C3-03,160,2026-10-03
8930000004275,P-686252,Nuoc mam G7 cao cap,464000,286,Ke B3-03,48,2026-07-30
8930000004276,P-938817,Gia vi Sunlight cao cap,184000,76,Ke B4-07,560,2026-10-03
8930000004277,P-410636,Nuoc ngot Comfort khong duong,216000,225,Ke C3-01,871,2026-08-23
8930000004278,P-865380,Banh quy Red Bull truyen thong,119000,74,Ke E5-02,237,2026-07-19
8930000004279,P-816047,Ca phe Simply huong vi tu nhien,129000,91,Ke F1-03,498,2026-09-01
8930000004280,P-877048,Khan giay Coca Cola khong duong,406000,127,Ke I2-09,983,2026-08-28
8930000004281,P-699544,Ca phe TH True Milk tiet kiem,470000,123,Ke H4-06,263,2026-09-07
8930000004282,P-632323,Khan giay Oishi hop 200g,139000,84,Ke I3-09,19,2026-09-09
8930000004283,P-203996,Hat nem Vinamilk goi 85g,213000,135,Ke B3-09,421,2026-07-12
8930000004284,P-162976,Hat nem Comfort khong duong,305000,28,Ke I3-01,340,2026-09-26
8930000004285,P-332518,Nuoc suoi Barona cao cap,264000,258,Ke K1-06,598,2026-09-30
8930000004286,P-762308,Snack Hao Hao goi 85g,67000,113,Ke H4-03,107,2026-09-26
8930000004287,P-712554,Khan giay TH True Milk can 2L,132000,152,Ke E4-04,581,2026-09-20
8930000004288,P-192742,Mi goi Red Bull dam da,251000,133,Ke A1-04,727,2026-09-01
8930000004289,P-293213,Kem danh rang Coca Cola goi 85g,350000,263,Ke E5-07,337,2026-07-09
8930000004290,P-989455,Nuoc xa Sunsilk it duong,248000,155,Ke E5-07,414,2026-08-16
8930000004291,P-901305,Sua tuoi Sting khong duong,115000,206,Ke G1-05,871,2026-08-04
8930000004292,P-255457,Nuoc suoi Hao Hao khong duong,6000,290,Ke B5-01,197,2026-08-09
8930000004293,P-516332,Nuoc lau san Lay's it duong,259000,83,Ke F2-09,694,2026-07-21
8930000004294,P-767090,Ca phe Vinamilk loc 4 hop,113000,131,Ke F1-07,18,2026-09-16
8930000004295,P-358421,Dau goi Lay's tiet kiem,365000,173,Ke H4-06,135,2026-07-07
8930000004296,P-550956,Sua tam Pepsi goi 85g,151000,291,Ke A2-02,437,2026-09-08
8930000004297,P-715870,Dau goi Red Bull goi 85g,38000,240,Ke F2-05,854,2026-07-13
8930000004298,P-810219,Nuoc tuong Kinh Do it duong,176000,129,Ke H4-05,160,2026-07-17
8930000004299,P-684482,Nuoc lau san Simply tiet kiem,316000,117,Ke A2-06,246,2026-07-19
8930000004300,P-332022,Kem danh rang Omachi truyen thong,360000,208,Ke A5-09,354,2026-09-09
8930000004301,P-745919,Nuoc mam Lay's tiet kiem,289000,244,Ke D3-01,95,2026-09-23
8930000004302,P-202170,Nuoc suoi Lay's tiet kiem,311000,255,Ke E4-06,278,2026-08-02
8930000004303,P-199613,Tuong ot Closeup cao cap,233000,242,Ke A3-01,589,2026-08-11
8930000004304,P-976960,Nuoc giat Nescafe dam da,311000,163,Ke F4-06,588,2026-08-03
8930000004305,P-662336,Nuoc giat Simply hop 200g,200000,53,Ke A2-05,21,2026-08-21
8930000004306,P-809083,Nuoc xa Nam Ngu chai 1L,280000,54,Ke A5-01,300,2026-09-19
8930000004307,P-506951,Nuoc xa Maggi chai 500ml,222000,147,Ke D1-08,876,2026-09-13
8930000004308,P-300281,Nuoc ngot Maggi cao cap,260000,264,Ke H4-02,693,2026-08-10
8930000004309,P-621292,Gia vi Oishi dam da,201000,168,Ke I4-03,237,2026-08-12
8930000004310,P-586279,Hat nem Knorr tiet kiem,38000,65,Ke A3-09,879,2026-08-22
8930000004311,P-671412,Nuoc giat Nescafe truyen thong,217000,235,Ke B2-07,335,2026-08-03
8930000004312,P-878086,Nuoc mam Nescafe dam da,286000,78,Ke J1-03,869,2026-08-02
8930000004313,P-747033,Nuoc tuong Lay's cao cap,437000,278,Ke I3-03,264,2026-07-22
8930000004314,P-918665,Gia vi Kinh Do hop 200g,453000,212,Ke A5-05,102,2026-07-06
8930000004315,P-649526,Kem danh rang Closeup goi 85g,401000,176,Ke F2-08,730,2026-09-04
8930000004316,P-518098,Banh quy Lifebuoy tiet kiem,145000,114,Ke H4-04,126,2026-07-28
8930000004317,P-606489,Snack Aquafina hop 200g,209000,257,Ke A4-02,445,2026-07-16
8930000004318,P-836109,Nuoc suoi Tuong An goi 85g,366000,53,Ke E3-01,4,2026-09-26
8930000004319,P-953085,Nuoc suoi TH True Milk tiet kiem,230000,194,Ke G1-03,244,2026-09-18
8930000004320,P-481995,Banh quy Clear chai 1L,162000,25,Ke H5-08,162,2026-07-21
8930000004321,P-964226,Sua tam G7 truyen thong,85000,95,Ke I5-06,767,2026-08-25
8930000004322,P-558176,Dau an Sting it duong,383000,141,Ke E5-08,589,2026-07-19
8930000004323,P-111949,Dau an Maggi chai 500ml,61000,250,Ke D4-07,646,2026-08-23
8930000004324,P-717181,Nuoc suoi Sting truyen thong,484000,192,Ke I4-09,719,2026-07-10
8930000004325,P-772036,Hat nem Closeup can 2L,468000,39,Ke A3-04,997,2026-07-20
8930000004326,P-227706,Dau an Aquafina cao cap,368000,33,Ke G4-08,123,2026-07-24
8930000004327,P-590755,Snack Nam Ngu truyen thong,208000,6,Ke K1-08,296,2026-09-05
8930000004328,P-223264,Sua tuoi Tuong An huong vi tu nhien,496000,85,Ke F4-01,47,2026-08-27
8930000004329,P-804667,Nuoc ngot Nam Ngu dam da,212000,208,Ke H4-06,151,2026-08-03
8930000004330,P-942960,Sua tuoi Sting dam da,82000,234,Ke J4-02,449,2026-08-09
8930000004331,P-459502,Tuong ot Clear chai 500ml,7000,215,Ke E2-08,161,2026-07-23
8930000004332,P-773462,Khan giay Barona huong vi tu nhien,355000,155,Ke D5-09,644,2026-09-21
8930000004333,P-416282,Nuoc xa Barona truyen thong,211000,241,Ke G2-03,868,2026-08-08
8930000004334,P-672092,Banh quy Omachi truyen thong,181000,164,Ke D1-07,655,2026-09-04
8930000004335,P-360735,Gia vi Kinh Do chai 500ml,264000,163,Ke G3-08,129,2026-08-22
8930000004336,P-686273,Sua tam TH True Milk loc 4 hop,199000,244,Ke I2-01,698,2026-09-07
8930000004337,P-972600,Sua tam Lay's huong vi tu nhien,203000,60,Ke F3-01,679,2026-09-10
8930000004338,P-197527,Dau goi Barona dam da,124000,136,Ke A5-08,231,2026-09-22
8930000004339,P-564586,Dau an Omachi tiet kiem,397000,33,Ke G4-08,445,2026-08-13
8930000004340,P-747703,Snack Knorr cao cap,5000,171,Ke D2-05,160,2026-07-15
8930000004341,P-669460,Nuoc ngot Lifebuoy chai 1L,292000,147,Ke D3-04,718,2026-09-12
8930000004342,P-226124,Nuoc lau san Clear chai 1L,470000,42,Ke H5-01,374,2026-07-25
8930000004343,P-894541,Mi goi Simply goi 85g,19000,175,Ke H2-03,118,2026-09-05
8930000004344,P-581741,Dau goi Sunsilk tiet kiem,230000,290,Ke K5-07,303,2026-08-19
8930000004345,P-820184,Snack Comfort chai 500ml,71000,214,Ke B3-02,30,2026-08-08
8930000004346,P-925981,Sua tuoi Clear chai 500ml,343000,192,Ke H1-06,987,2026-09-13
8930000004347,P-753425,Khan giay Aquafina huong vi tu nhien,290000,209,Ke I4-05,296,2026-09-22
8930000004348,P-726543,Dau an Sunsilk it duong,178000,284,Ke J4-03,955,2026-08-24
8930000004349,P-562462,Nuoc tuong Coca Cola hop 200g,80000,209,Ke D3-07,25,2026-09-29
8930000004350,P-801432,Dau goi Colgate khong duong,174000,182,Ke B3-02,494,2026-07-20
8930000004351,P-262816,Nuoc giat Lifebuoy chai 500ml,41000,107,Ke H5-05,602,2026-08-22
8930000004352,P-943718,Tuong ot Kinh Do khong duong,235000,106,Ke E3-06,542,2026-07-13
8930000004353,P-970720,Sua tuoi Closeup dam da,322000,257,Ke G2-02,202,2026-08-30
8930000004354,P-802131,Sua tam Sunsilk dam da,206000,146,Ke K4-02,327,2026-09-14
8930000004355,P-540781,Sua tam Sunsilk chai 500ml,130000,82,Ke C2-05,924,2026-08-07
8930000004356,P-817941,Banh quy Clear cao cap,264000,53,Ke A1-05,540,2026-07-07
8930000004357,P-962287,Nuoc ngot Chin-su hop 200g,371000,231,Ke B5-09,548,2026-08-30
8930000004358,P-615929,Banh quy Sunsilk goi 85g,310000,133,Ke D4-05,567,2026-07-10
8930000004359,P-430926,Nuoc ngot OMO khong duong,460000,210,Ke I1-08,772,2026-07-19
8930000004360,P-143015,Hat nem Vinamilk truyen thong,10000,271,Ke A3-09,554,2026-07-20
8930000004361,P-701253,Khan giay Sunlight huong vi tu nhien,171000,265,Ke A5-02,274,2026-10-01
8930000004362,P-569945,Tuong ot Nam Ngu loc 4 hop,367000,17,Ke F1-09,858,2026-09-19
8930000004363,P-308535,Banh quy Lavie chai 1L,488000,118,Ke F5-07,829,2026-07-20
8930000004364,P-725113,Gia vi TH True Milk cao cap,97000,59,Ke D1-02,420,2026-07-06
8930000004365,P-490963,Sua tam Oishi loc 4 hop,217000,16,Ke C1-03,934,2026-08-27
8930000004366,P-944151,Sua tam Sting chai 1L,400000,137,Ke C5-02,152,2026-07-05
8930000004367,P-205939,Kem danh rang Oishi goi 85g,445000,102,Ke G2-01,468,2026-08-30
8930000004368,P-160541,Khan giay G7 goi 85g,404000,139,Ke J3-02,867,2026-09-11
8930000004369,P-725030,Dau goi Vinamilk hop 200g,79000,5,Ke D2-02,741,2026-08-31
8930000004370,P-316818,Sua tam Aquafina chai 1L,498000,186,Ke H1-07,400,2026-08-19
8930000004371,P-646012,Nuoc xa Sunlight goi 85g,326000,54,Ke D1-05,588,2026-07-16
8930000004372,P-628027,Kem danh rang Sunlight huong vi tu nhien,158000,125,Ke I5-07,297,2026-07-12
8930000004373,P-477114,Nuoc ngot Coca Cola loc 4 hop,183000,25,Ke I4-03,896,2026-07-05
8930000004374,P-638220,Gia vi Maggi chai 500ml,100000,71,Ke C2-01,483,2026-09-15
8930000004375,P-905819,Nuoc suoi Maggi truyen thong,285000,255,Ke G3-02,938,2026-09-10
8930000004376,P-864711,Sua tam Hao Hao it duong,345000,296,Ke F3-08,257,2026-08-23
8930000004377,P-626690,Nuoc tuong Coca Cola dam da,261000,11,Ke F5-04,590,2026-09-02
8930000004378,P-568325,Ca phe Maggi huong vi tu nhien,268000,117,Ke F3-05,860,2026-09-15
8930000004379,P-660324,Nuoc xa G7 goi 85g,183000,294,Ke I5-02,603,2026-09-11
8930000004380,P-661957,Sua tuoi Pepsi hop 200g,199000,195,Ke G5-04,182,2026-08-17
8930000004381,P-470057,Khan giay Pepsi tiet kiem,75000,239,Ke G2-03,245,2026-08-11
8930000004382,P-693297,Nuoc tuong Simply dam da,415000,94,Ke H3-04,927,2026-09-01
8930000004383,P-448813,Nuoc ngot Nescafe it duong,316000,181,Ke F4-09,840,2026-09-29
8930000004384,P-379449,Nuoc mam Maggi tiet kiem,478000,73,Ke I1-02,881,2026-08-06
8930000004385,P-405134,Nuoc xa Kinh Do cao cap,16000,220,Ke C5-05,371,2026-10-01
8930000004386,P-281493,Dau an Clear chai 1L,341000,297,Ke E3-08,228,2026-08-18
8930000004387,P-863611,Tuong ot Tuong An dam da,453000,149,Ke D5-02,31,2026-09-06
8930000004388,P-849747,Nuoc mam Simply truyen thong,361000,68,Ke I4-07,989,2026-08-05
8930000004389,P-258102,Gia vi Colgate huong vi tu nhien,457000,222,Ke G4-05,481,2026-08-03
8930000004390,P-974224,Dau an Sunsilk huong vi tu nhien,367000,54,Ke B1-05,1,2026-07-25
8930000004391,P-665389,Hat nem G7 loc 4 hop,129000,244,Ke I2-07,18,2026-09-23
8930000004392,P-240386,Nuoc tuong Sting can 2L,367000,248,Ke J3-04,192,2026-08-28
8930000004393,P-291752,Dau an Omachi chai 500ml,111000,120,Ke J2-03,270,2026-09-17
8930000004394,P-446337,Kem danh rang Maggi tiet kiem,255000,249,Ke H2-08,467,2026-09-01
8930000004395,P-194545,Kem danh rang Sting cao cap,176000,29,Ke C1-09,538,2026-08-20
8930000004396,P-923532,Nuoc mam Kinh Do dam da,482000,149,Ke I3-07,35,2026-09-04
8930000004397,P-607868,Dau goi Nam Ngu goi 85g,120000,207,Ke I4-09,852,2026-07-31
8930000004398,P-181874,Ca phe Chin-su tiet kiem,404000,13,Ke K3-08,339,2026-07-07
8930000004399,P-350405,Gia vi Sunsilk goi 85g,129000,193,Ke K5-05,457,2026-08-04
8930000004400,P-923154,Banh quy Maggi chai 1L,298000,130,Ke K5-03,538,2026-08-21
8930000004401,P-152384,Hat nem Omachi cao cap,330000,32,Ke C3-05,417,2026-09-23
8930000004402,P-211486,Sua tam Lifebuoy cao cap,363000,247,Ke J3-07,764,2026-08-08
8930000004403,P-533301,Nuoc giat G7 cao cap,409000,39,Ke I5-09,806,2026-08-09
8930000004404,P-603704,Tuong ot Lifebuoy chai 1L,385000,45,Ke D5-06,633,2026-08-27
8930000004405,P-310548,Snack OMO hop 200g,72000,38,Ke B5-06,766,2026-08-08
8930000004406,P-805668,Nuoc mam Simply cao cap,173000,31,Ke B5-05,471,2026-09-06
8930000004407,P-274389,Nuoc xa Red Bull hop 200g,219000,75,Ke G2-09,937,2026-07-21
8930000004408,P-801520,Dau goi Maggi chai 500ml,152000,293,Ke J4-08,583,2026-09-23
8930000004409,P-101429,Nuoc xa Nescafe cao cap,326000,83,Ke C1-01,563,2026-07-13
8930000004410,P-862427,Nuoc ngot Vinamilk tiet kiem,18000,54,Ke E2-09,836,2026-08-12
8930000004411,P-162535,Sua tam Lay's huong vi tu nhien,205000,98,Ke F1-06,500,2026-08-23
8930000004412,P-426236,Gia vi Lavie dam da,132000,26,Ke J4-08,100,2026-07-15
8930000004413,P-561477,Sua tuoi Closeup goi 85g,7000,5,Ke E3-09,711,2026-08-03
8930000004414,P-886730,Nuoc mam Tuong An khong duong,340000,94,Ke H3-07,433,2026-08-20
8930000004415,P-515898,Dau an Lay's loc 4 hop,420000,269,Ke D1-06,117,2026-08-06
8930000004416,P-986827,Nuoc ngot Oishi can 2L,82000,174,Ke B2-04,885,2026-09-01
8930000004417,P-336650,Tuong ot Sunsilk it duong,170000,123,Ke G4-06,691,2026-08-07
8930000004418,P-957179,Nuoc xa Red Bull can 2L,111000,133,Ke C4-06,544,2026-08-03
8930000004419,P-736129,Snack TH True Milk it duong,343000,40,Ke A3-08,613,2026-09-22
8930000004420,P-435239,Nuoc suoi Vinamilk can 2L,470000,249,Ke B2-09,30,2026-08-12
8930000004421,P-945664,Mi goi Closeup hop 200g,308000,23,Ke H3-07,402,2026-07-05
8930000004422,P-659543,Sua tam Lay's tiet kiem,257000,144,Ke H2-02,470,2026-09-18
8930000004423,P-764000,Nuoc mam Knorr tiet kiem,120000,193,Ke G4-09,672,2026-09-02
8930000004424,P-104877,Banh quy Nam Ngu khong duong,181000,105,Ke G5-06,732,2026-09-15
8930000004425,P-749887,Kem danh rang Lavie goi 85g,231000,199,Ke H2-06,746,2026-10-02
8930000004426,P-517643,Nuoc xa Nescafe tiet kiem,50000,33,Ke K4-03,535,2026-07-07
8930000004427,P-711868,Hat nem Colgate hop 200g,155000,241,Ke G3-07,767,2026-07-09
8930000004428,P-382154,Mi goi Chin-su cao cap,196000,50,Ke E5-04,672,2026-08-13
8930000004429,P-567493,Hat nem Hao Hao tiet kiem,296000,207,Ke C4-06,403,2026-07-06
8930000004430,P-453961,Ca phe Tuong An it duong,300000,24,Ke J3-02,644,2026-07-18
8930000004431,P-575497,Snack Coca Cola chai 1L,114000,13,Ke A4-04,399,2026-09-15
8930000004432,P-858724,Nuoc ngot OMO huong vi tu nhien,186000,44,Ke G3-01,456,2026-07-30
8930000004433,P-517307,Nuoc giat Sunlight truyen thong,497000,33,Ke E5-02,92,2026-09-07
8930000004434,P-344119,Kem danh rang Sunsilk tiet kiem,103000,248,Ke K2-07,373,2026-09-13
8930000004435,P-908977,Nuoc xa Barona cao cap,457000,88,Ke J3-09,401,2026-08-08
8930000004436,P-778324,Nuoc giat Red Bull truyen thong,34000,176,Ke F3-09,606,2026-07-21
8930000004437,P-447177,Banh quy Red Bull dam da,96000,201,Ke J5-02,333,2026-08-27
8930000004438,P-559507,Nuoc tuong Chin-su can 2L,7000,30,Ke K2-04,222,2026-07-06
8930000004439,P-343118,Nuoc ngot Nam Ngu khong duong,203000,265,Ke J2-08,834,2026-08-31
8930000004440,P-292988,Sua tam Vinamilk khong duong,35000,132,Ke G5-09,294,2026-09-24
8930000004441,P-951732,Kem danh rang Red Bull can 2L,45000,74,Ke J1-09,272,2026-09-11
8930000004442,P-269654,Kem danh rang Kinh Do truyen thong,305000,185,Ke G1-08,446,2026-07-10
8930000004443,P-618927,Kem danh rang Lavie goi 85g,310000,85,Ke C2-06,370,2026-09-17
8930000004444,P-403742,Nuoc tuong Lavie goi 85g,254000,18,Ke G2-01,802,2026-07-10
8930000004445,P-460265,Dau an Sunsilk khong duong,283000,95,Ke J2-04,365,2026-09-15
8930000004446,P-635740,Nuoc tuong Sunlight can 2L,272000,259,Ke B3-04,359,2026-07-19
8930000004447,P-829685,Sua tam Knorr can 2L,485000,85,Ke G5-05,870,2026-08-01
8930000004448,P-322955,Nuoc suoi Pepsi loc 4 hop,349000,189,Ke F1-08,700,2026-09-14
8930000004449,P-246942,Nuoc lau san Simply dam da,391000,10,Ke B5-06,743,2026-07-08
8930000004450,P-307356,Banh quy G7 goi 85g,28000,281,Ke H3-07,757,2026-08-25
8930000004451,P-154040,Kem danh rang Sunsilk huong vi tu nhien,385000,178,Ke I1-01,327,2026-07-28
8930000004452,P-901677,Sua tuoi Hao Hao huong vi tu nhien,290000,289,Ke K4-08,608,2026-08-02
8930000004453,P-792509,Nuoc suoi Tuong An can 2L,225000,45,Ke J2-08,544,2026-07-25
8930000004454,P-267758,Sua tam Coca Cola it duong,427000,201,Ke K3-07,781,2026-08-22
8930000004455,P-835901,Hat nem Barona it duong,122000,158,Ke H4-05,761,2026-07-22
8930000004456,P-411893,Sua tam Simply it duong,490000,250,Ke J2-03,812,2026-07-07
8930000004457,P-395917,Sua tam Barona khong duong,260000,63,Ke J1-06,0,2026-09-10
8930000004458,P-938970,Tuong ot Red Bull loc 4 hop,108000,286,Ke K4-04,295,2026-08-24
8930000004459,P-854500,Banh quy Lavie khong duong,62000,153,Ke A3-01,258,2026-08-04
8930000004460,P-166309,Dau an Sunsilk chai 1L,16000,249,Ke K5-07,167,2026-07-19
8930000004461,P-403662,Mi goi Tuong An chai 500ml,489000,254,Ke H2-07,386,2026-10-01
8930000004462,P-740140,Gia vi Nescafe tiet kiem,382000,167,Ke J1-09,95,2026-08-08
8930000004463,P-665482,Ca phe Red Bull truyen thong,121000,204,Ke G3-04,628,2026-08-08
8930000004464,P-524035,Nuoc lau san G7 chai 500ml,271000,235,Ke E5-06,924,2026-07-12
8930000004465,P-768636,Kem danh rang Sting dam da,128000,62,Ke K5-09,259,2026-08-31
8930000004466,P-773459,Nuoc suoi OMO truyen thong,310000,204,Ke B4-04,864,2026-07-23
8930000004467,P-448048,Snack Chin-su chai 500ml,248000,133,Ke H4-08,284,2026-09-03
8930000004468,P-717322,Nuoc giat Colgate khong duong,43000,77,Ke D5-05,527,2026-08-06
8930000004469,P-504924,Nuoc giat Aquafina chai 1L,465000,42,Ke J1-09,774,2026-07-23
8930000004470,P-675914,Nuoc lau san Red Bull chai 500ml,194000,257,Ke J5-04,129,2026-09-10
8930000004471,P-950155,Khan giay TH True Milk cao cap,401000,19,Ke A3-01,327,2026-08-28
8930000004472,P-174132,Kem danh rang Clear dam da,227000,122,Ke G3-09,373,2026-08-28
8930000004473,P-182300,Banh quy Lavie truyen thong,293000,39,Ke J2-05,310,2026-09-10
8930000004474,P-251884,Ca phe Pepsi khong duong,443000,245,Ke B2-04,624,2026-09-04
8930000004475,P-298663,Hat nem Maggi huong vi tu nhien,399000,213,Ke F2-04,380,2026-09-09
8930000004476,P-880746,Kem danh rang Lay's can 2L,163000,282,Ke A5-07,830,2026-09-13
8930000004477,P-940010,Nuoc lau san Chin-su truyen thong,363000,66,Ke J4-01,537,2026-08-02
8930000004478,P-308855,Nuoc tuong Red Bull tiet kiem,325000,171,Ke K4-09,667,2026-07-25
8930000004479,P-236828,Dau an Sunsilk truyen thong,405000,248,Ke D4-07,253,2026-09-27
8930000004480,P-776796,Gia vi Barona can 2L,236000,117,Ke J5-04,888,2026-08-09
8930000004481,P-617781,Dau goi Pepsi huong vi tu nhien,294000,260,Ke K5-08,515,2026-08-23
8930000004482,P-576919,Snack Vinamilk tiet kiem,453000,33,Ke K3-05,372,2026-07-11
8930000004483,P-929683,Banh quy Sting truyen thong,74000,209,Ke C5-01,702,2026-09-23
8930000004484,P-799539,Sua tuoi Barona can 2L,316000,123,Ke C2-07,364,2026-09-15
8930000004485,P-260265,Nuoc giat G7 khong duong,179000,153,Ke G2-01,340,2026-07-16
8930000004486,P-957091,Ca phe Closeup dam da,380000,184,Ke G4-02,69,2026-08-06
8930000004487,P-582087,Nuoc giat Lavie it duong,302000,287,Ke H2-05,820,2026-07-14
8930000004488,P-372793,Snack Nescafe dam da,369000,288,Ke H1-09,687,2026-07-31
8930000004489,P-485709,Ca phe Vinamilk can 2L,171000,166,Ke D5-01,373,2026-09-08
8930000004490,P-277820,Dau goi Lavie hop 200g,323000,249,Ke C4-09,222,2026-07-16
8930000004491,P-552686,Kem danh rang TH True Milk tiet kiem,235000,17,Ke F1-04,872,2026-09-28
8930000004492,P-142288,Sua tam Lay's chai 1L,232000,98,Ke B2-09,109,2026-08-24
8930000004493,P-275133,Dau goi Nescafe it duong,286000,235,Ke A2-08,885,2026-07-29
8930000004494,P-418083,Snack Simply can 2L,294000,290,Ke C1-05,983,2026-07-22
8930000004495,P-324643,Nuoc mam Knorr dam da,117000,247,Ke B4-04,2,2026-08-10
8930000004496,P-374921,Tuong ot Oishi huong vi tu nhien,427000,275,Ke F5-04,34,2026-08-12
8930000004497,P-876636,Nuoc tuong Tuong An cao cap,474000,261,Ke D4-09,951,2026-09-18
8930000004498,P-965472,Sua tam Sting khong duong,104000,279,Ke G4-06,682,2026-08-12
8930000004499,P-524965,Banh quy Barona chai 1L,246000,251,Ke F3-06,459,2026-09-02
8930000004500,P-593602,Snack Knorr dam da,418000,6,Ke F4-08,921,2026-07-11
8930000004501,P-682051,Dau an Aquafina huong vi tu nhien,153000,25,Ke C3-09,666,2026-07-17
8930000004502,P-494552,Nuoc lau san Nescafe dam da,16000,281,Ke F3-09,458,2026-09-14
8930000004503,P-475644,Tuong ot Lavie can 2L,260000,154,Ke F4-03,47,2026-07-28
8930000004504,P-894993,Sua tuoi Omachi loc 4 hop,484000,63,Ke A3-02,378,2026-09-26
8930000004505,P-823415,Nuoc giat Clear tiet kiem,158000,130,Ke B4-07,14,2026-07-29
8930000004506,P-611559,Nuoc ngot Pepsi tiet kiem,351000,63,Ke B3-06,644,2026-08-16
8930000004507,P-755602,Sua tam Kinh Do it duong,334000,150,Ke A3-08,679,2026-07-12
8930000004508,P-598844,Kem danh rang TH True Milk huong vi tu nhien,24000,164,Ke F5-05,34,2026-07-13
8930000004509,P-605382,Nuoc tuong Oishi khong duong,69000,249,Ke A4-01,949,2026-07-12
8930000004510,P-892313,Dau goi Knorr hop 200g,407000,162,Ke J2-06,447,2026-07-12
8930000004511,P-425790,Kem danh rang Clear truyen thong,439000,264,Ke A2-07,216,2026-07-24
8930000004512,P-443716,Tuong ot Coca Cola loc 4 hop,252000,76,Ke C3-06,333,2026-07-30
8930000004513,P-626100,Nuoc ngot Red Bull huong vi tu nhien,271000,118,Ke D3-02,801,2026-08-27
8930000004514,P-932251,Nuoc mam Tuong An loc 4 hop,334000,213,Ke G2-01,788,2026-09-28
8930000004515,P-643623,Banh quy Tuong An chai 500ml,111000,285,Ke A3-09,888,2026-07-26
8930000004516,P-932831,Sua tam Red Bull cao cap,87000,166,Ke B3-01,703,2026-07-22
8930000004517,P-449218,Dau goi Hao Hao truyen thong,227000,31,Ke J5-09,967,2026-08-07
8930000004518,P-123853,Tuong ot Kinh Do can 2L,425000,12,Ke J5-02,908,2026-08-14
8930000004519,P-404466,Sua tam Nescafe goi 85g,55000,119,Ke A2-09,301,2026-08-16
8930000004520,P-147800,Khan giay Hao Hao cao cap,95000,286,Ke B3-01,103,2026-08-16
8930000004521,P-105447,Nuoc suoi Lavie loc 4 hop,477000,214,Ke G2-06,449,2026-09-04
8930000004522,P-675191,Nuoc ngot Omachi chai 500ml,115000,220,Ke B2-08,412,2026-07-20
8930000004523,P-536740,Nuoc lau san Sting chai 1L,91000,87,Ke J3-08,810,2026-07-14
8930000004524,P-397368,Gia vi Knorr can 2L,146000,191,Ke A5-01,646,2026-07-23
8930000004525,P-155642,Nuoc lau san Lay's tiet kiem,234000,66,Ke H2-04,91,2026-08-21
8930000004526,P-531736,Nuoc xa Hao Hao chai 1L,21000,147,Ke C4-02,271,2026-09-01
8930000004527,P-211410,Nuoc giat Kinh Do chai 1L,173000,23,Ke E3-02,378,2026-09-10
8930000004528,P-373668,Sua tam Tuong An loc 4 hop,498000,181,Ke K5-03,613,2026-08-11
8930000004529,P-904214,Khan giay Knorr truyen thong,191000,136,Ke B5-02,855,2026-09-05
8930000004530,P-992697,Nuoc giat Nescafe huong vi tu nhien,133000,264,Ke H4-03,21,2026-07-18
8930000004531,P-363319,Tuong ot OMO goi 85g,416000,103,Ke H2-07,953,2026-08-23
8930000004532,P-542042,Nuoc mam Knorr khong duong,421000,248,Ke K4-01,721,2026-08-02
8930000004533,P-869864,Ca phe Closeup cao cap,64000,164,Ke G3-05,3,2026-09-12
8930000004534,P-872610,Sua tam Lifebuoy dam da,100000,185,Ke D3-03,333,2026-08-19
8930000004535,P-936507,Snack Coca Cola dam da,288000,106,Ke C4-03,851,2026-09-22
8930000004536,P-540186,Tuong ot Nescafe loc 4 hop,483000,67,Ke F3-02,862,2026-10-02
8930000004537,P-895702,Gia vi Closeup chai 500ml,142000,72,Ke K3-03,887,2026-08-03
8930000004538,P-182690,Snack Vinamilk chai 500ml,208000,282,Ke I1-09,926,2026-08-29
8930000004539,P-834591,Nuoc lau san Barona khong duong,359000,11,Ke H2-08,73,2026-09-14
8930000004540,P-923353,Dau goi Nam Ngu it duong,160000,21,Ke K2-04,500,2026-07-28
8930000004541,P-486251,Nuoc ngot Clear tiet kiem,130000,82,Ke G4-03,462,2026-09-02
8930000004542,P-961953,Hat nem Omachi chai 1L,67000,234,Ke H4-08,298,2026-08-09
8930000004543,P-826353,Khan giay Lavie goi 85g,409000,265,Ke B5-05,780,2026-08-15
8930000004544,P-478356,Nuoc tuong Sting cao cap,364000,239,Ke E5-03,999,2026-07-22
8930000004545,P-960622,Ca phe Tuong An hop 200g,315000,104,Ke B2-07,500,2026-08-20
8930000004546,P-817552,Nuoc xa Chin-su truyen thong,387000,211,Ke G5-05,726,2026-07-18
8930000004547,P-791505,Sua tuoi Barona cao cap,172000,122,Ke G4-08,661,2026-07-31
8930000004548,P-884256,Tuong ot Sunsilk khong duong,19000,102,Ke B4-02,923,2026-09-07
8930000004549,P-827744,Nuoc ngot Red Bull can 2L,308000,12,Ke F2-05,42,2026-09-07
8930000004550,P-416950,Nuoc tuong Closeup goi 85g,116000,101,Ke D1-06,814,2026-07-10
8930000004551,P-857273,Nuoc ngot G7 huong vi tu nhien,56000,208,Ke G3-09,837,2026-10-02
8930000004552,P-181247,Nuoc mam Simply chai 1L,72000,280,Ke A1-04,512,2026-07-28
8930000004553,P-542828,Khan giay Colgate chai 500ml,491000,104,Ke B1-06,282,2026-07-10
8930000004554,P-151295,Hat nem Oishi can 2L,281000,53,Ke F4-04,266,2026-09-22
8930000004555,P-682032,Snack Oishi tiet kiem,46000,16,Ke K4-07,12,2026-07-31
8930000004556,P-913274,Sua tam Sunlight khong duong,123000,199,Ke F1-05,406,2026-09-29
8930000004557,P-908442,Dau an Pepsi cao cap,92000,78,Ke E4-09,654,2026-07-18
8930000004558,P-724540,Dau an Omachi chai 500ml,56000,286,Ke C4-02,965,2026-09-02
8930000004559,P-756883,Snack TH True Milk chai 1L,67000,38,Ke A5-05,33,2026-09-24
8930000004560,P-350069,Snack Sunlight can 2L,435000,259,Ke K1-07,139,2026-07-05
8930000004561,P-632401,Khan giay Maggi goi 85g,35000,24,Ke J5-08,657,2026-08-19
8930000004562,P-336540,Nuoc mam Sunlight chai 1L,274000,207,Ke G3-01,546,2026-09-06
8930000004563,P-159532,Sua tam Nescafe dam da,393000,205,Ke I2-02,297,2026-09-28
8930000004564,P-921968,Nuoc giat Simply can 2L,103000,32,Ke I4-02,945,2026-08-29
8930000004565,P-924629,Tuong ot Oishi huong vi tu nhien,102000,10,Ke J2-01,935,2026-09-27
8930000004566,P-703853,Snack Sunlight tiet kiem,381000,205,Ke C4-01,493,2026-10-03
8930000004567,P-285413,Nuoc mam Colgate loc 4 hop,255000,151,Ke I3-08,638,2026-07-29
8930000004568,P-526369,Nuoc tuong Comfort goi 85g,318000,92,Ke B2-03,472,2026-09-04
8930000004569,P-926394,Nuoc tuong Hao Hao chai 500ml,483000,94,Ke C5-04,177,2026-09-16
8930000004570,P-279516,Gia vi Sting cao cap,350000,94,Ke F3-01,114,2026-08-27
8930000004571,P-635167,Gia vi Closeup cao cap,130000,286,Ke K3-08,789,2026-08-17
8930000004572,P-544536,Ca phe Simply cao cap,46000,264,Ke I4-05,369,2026-07-19
8930000004573,P-398830,Nuoc suoi Sting goi 85g,29000,34,Ke H5-03,754,2026-08-30
8930000004574,P-859687,Sua tam Nam Ngu chai 1L,213000,272,Ke D4-06,368,2026-07-14
8930000004575,P-679077,Kem danh rang Colgate huong vi tu nhien,146000,177,Ke I2-09,504,2026-08-18
8930000004576,P-950472,Banh quy Vinamilk truyen thong,258000,242,Ke A5-01,749,2026-09-09
8930000004577,P-998450,Nuoc ngot Sting tiet kiem,77000,53,Ke K1-04,784,2026-08-18
8930000004578,P-547180,Gia vi Lifebuoy goi 85g,4000,149,Ke D2-04,112,2026-08-17
8930000004579,P-822742,Sua tam Oishi chai 1L,138000,14,Ke B1-02,319,2026-08-13
8930000004580,P-447148,Sua tuoi Kinh Do hop 200g,349000,107,Ke D3-03,7,2026-08-09
8930000004581,P-321048,Nuoc mam Chin-su tiet kiem,500000,201,Ke A5-04,79,2026-08-15
8930000004582,P-204555,Nuoc suoi Omachi tiet kiem,200000,209,Ke D2-02,388,2026-09-21
8930000004583,P-641975,Ca phe TH True Milk goi 85g,491000,84,Ke D1-01,65,2026-08-04
8930000004584,P-540869,Mi goi Lifebuoy can 2L,64000,156,Ke F4-05,47,2026-08-22
8930000004585,P-135253,Nuoc ngot Lay's cao cap,329000,298,Ke F1-09,75,2026-07-19
8930000004586,P-467544,Sua tuoi Vinamilk tiet kiem,419000,175,Ke G4-04,652,2026-08-19
8930000004587,P-646384,Nuoc mam OMO chai 1L,118000,191,Ke J3-02,483,2026-08-09
8930000004588,P-707615,Hat nem Aquafina khong duong,138000,61,Ke D1-03,721,2026-09-10
8930000004589,P-940886,Nuoc lau san OMO tiet kiem,195000,250,Ke B1-07,424,2026-08-23
8930000004590,P-261630,Sua tam Vinamilk khong duong,153000,90,Ke D3-08,450,2026-08-08
8930000004591,P-440035,Ca phe Kinh Do cao cap,157000,27,Ke F4-02,510,2026-08-21
8930000004592,P-320989,Tuong ot Omachi khong duong,368000,258,Ke K5-08,710,2026-07-09
8930000004593,P-396451,Kem danh rang Chin-su chai 1L,65000,166,Ke I4-09,639,2026-07-05
8930000004594,P-492650,Nuoc lau san Lay's tiet kiem,368000,64,Ke G5-04,101,2026-08-03
8930000004595,P-359947,Nuoc ngot Lavie dam da,50000,39,Ke E2-05,118,2026-09-13
8930000004596,P-207932,Ca phe Lifebuoy tiet kiem,259000,164,Ke F3-07,450,2026-09-06
8930000004597,P-439375,Mi goi Barona cao cap,481000,109,Ke H1-08,917,2026-08-31
8930000004598,P-355123,Mi goi Oishi huong vi tu nhien,352000,214,Ke G5-06,317,2026-08-24
8930000004599,P-816318,Banh quy Nescafe chai 500ml,246000,7,Ke D3-01,914,2026-09-18
8930000004600,P-464158,Mi goi Barona can 2L,209000,50,Ke H1-07,106,2026-09-07
8930000004601,P-219490,Banh quy Hao Hao dam da,347000,69,Ke H2-09,226,2026-09-22
8930000004602,P-271720,Nuoc lau san Colgate cao cap,47000,237,Ke C1-04,987,2026-08-24
8930000004603,P-258727,Nuoc xa Oishi chai 1L,186000,221,Ke E1-01,65,2026-07-23
8930000004604,P-769077,Mi goi Closeup tiet kiem,439000,167,Ke E2-07,740,2026-09-26
8930000004605,P-112884,Nuoc giat Nescafe khong duong,439000,153,Ke B1-07,890,2026-08-29
8930000004606,P-230679,Tuong ot Tuong An tiet kiem,355000,93,Ke E1-02,259,2026-08-04
8930000004607,P-549793,Snack Maggi loc 4 hop,340000,207,Ke G2-05,931,2026-07-28
8930000004608,P-452737,Dau an Omachi it duong,490000,36,Ke K4-05,129,2026-09-24
8930000004609,P-330069,Mi goi Pepsi goi 85g,136000,209,Ke A2-09,826,2026-07-19
8930000004610,P-564920,Kem danh rang Hao Hao cao cap,362000,178,Ke J2-04,285,2026-07-07
8930000004611,P-865990,Sua tam Coca Cola chai 500ml,78000,38,Ke H3-07,263,2026-08-23
8930000004612,P-726152,Tuong ot Sunsilk it duong,53000,226,Ke E5-06,9,2026-08-09
8930000004613,P-355836,Banh quy Sunsilk chai 500ml,333000,152,Ke B1-04,487,2026-07-12
8930000004614,P-735656,Nuoc ngot Barona it duong,331000,153,Ke K4-04,647,2026-09-20
8930000004615,P-347231,Sua tuoi Red Bull goi 85g,309000,28,Ke K4-09,438,2026-07-22
8930000004616,P-117031,Snack Sting truyen thong,195000,32,Ke B5-09,232,2026-10-02
8930000004617,P-853789,Nuoc suoi Hao Hao truyen thong,347000,170,Ke K3-05,500,2026-08-25
8930000004618,P-820775,Nuoc xa Simply it duong,139000,119,Ke F5-08,254,2026-08-09
8930000004619,P-667851,Khan giay Red Bull huong vi tu nhien,51000,223,Ke I3-03,856,2026-08-18
8930000004620,P-696557,Hat nem Kinh Do cao cap,417000,252,Ke F1-05,4,2026-07-23
8930000004621,P-669902,Tuong ot Red Bull huong vi tu nhien,45000,64,Ke I3-07,570,2026-07-22
8930000004622,P-490394,Nuoc giat Tuong An cao cap,12000,188,Ke C5-01,335,2026-07-11
8930000004623,P-494747,Kem danh rang TH True Milk hop 200g,182000,252,Ke J2-09,69,2026-07-28
8930000004624,P-869460,Nuoc suoi Sting truyen thong,81000,204,Ke G5-01,406,2026-09-07
8930000004625,P-211072,Khan giay Lay's cao cap,459000,93,Ke E1-07,962,2026-07-14
8930000004626,P-552248,Nuoc ngot Kinh Do hop 200g,180000,142,Ke A4-03,757,2026-08-02
8930000004627,P-123205,Nuoc lau san Colgate hop 200g,16000,266,Ke I1-07,514,2026-09-08
8930000004628,P-732063,Mi goi Sunsilk dam da,79000,65,Ke H5-06,617,2026-09-16
8930000004629,P-584045,Nuoc tuong Omachi tiet kiem,425000,87,Ke D2-02,189,2026-08-22
8930000004630,P-505426,Dau goi Red Bull can 2L,73000,182,Ke A2-09,871,2026-08-20
8930000004631,P-946632,Sua tam Hao Hao chai 1L,92000,240,Ke B3-02,194,2026-08-29
8930000004632,P-119116,Nuoc mam Red Bull cao cap,365000,258,Ke D2-04,323,2026-07-12
8930000004633,P-805477,Nuoc xa Simply truyen thong,253000,135,Ke C1-05,739,2026-09-14
8930000004634,P-728492,Sua tuoi Lay's loc 4 hop,97000,22,Ke H5-04,917,2026-08-03
8930000004635,P-196369,Nuoc suoi Hao Hao chai 500ml,335000,265,Ke H1-05,146,2026-08-21
8930000004636,P-107686,Banh quy Sunlight cao cap,171000,295,Ke C3-04,975,2026-07-13
8930000004637,P-953266,Sua tuoi Sunlight tiet kiem,297000,191,Ke F5-08,506,2026-07-18
8930000004638,P-770153,Khan giay Simply chai 1L,154000,98,Ke H2-08,599,2026-08-20
8930000004639,P-931161,Nuoc giat Omachi it duong,269000,55,Ke G1-03,596,2026-09-14
8930000004640,P-704223,Mi goi Simply chai 500ml,56000,57,Ke K1-04,671,2026-09-07
8930000004641,P-625465,Banh quy Hao Hao huong vi tu nhien,246000,173,Ke D3-01,182,2026-08-31
8930000004642,P-763686,Dau goi Oishi loc 4 hop,491000,273,Ke E1-03,216,2026-09-16
8930000004643,P-689179,Dau an Chin-su it duong,441000,92,Ke A5-08,804,2026-09-02
8930000004644,P-265840,Nuoc lau san Sunsilk chai 500ml,456000,247,Ke A5-05,212,2026-07-21
8930000004645,P-687044,Nuoc ngot Simply can 2L,9000,274,Ke F5-08,981,2026-07-29
8930000004646,P-275490,Tuong ot Red Bull hop 200g,89000,68,Ke D1-07,835,2026-07-25
8930000004647,P-585242,Nuoc mam Omachi chai 1L,335000,32,Ke I1-04,457,2026-09-25
8930000004648,P-813449,Kem danh rang Hao Hao hop 200g,121000,43,Ke H5-05,276,2026-07-19
8930000004649,P-585854,Nuoc tuong Nescafe tiet kiem,398000,131,Ke I1-04,454,2026-07-14
8930000004650,P-385071,Nuoc suoi Colgate can 2L,457000,123,Ke I1-02,228,2026-09-07
8930000004651,P-460455,Nuoc giat TH True Milk cao cap,131000,299,Ke E4-03,313,2026-08-18
8930000004652,P-112964,Snack Knorr huong vi tu nhien,228000,254,Ke A1-06,935,2026-09-04
8930000004653,P-368322,Kem danh rang Lavie cao cap,485000,264,Ke I2-04,939,2026-08-31
8930000004654,P-331444,Nuoc tuong Clear dam da,344000,68,Ke I1-09,830,2026-09-11
8930000004655,P-935176,Gia vi Colgate truyen thong,121000,269,Ke F1-03,746,2026-07-27
8930000004656,P-139448,Nuoc suoi Red Bull can 2L,305000,288,Ke C3-09,497,2026-08-19
8930000004657,P-631553,Hat nem Sting dam da,193000,223,Ke E1-06,905,2026-09-03
8930000004658,P-958179,Tuong ot Clear huong vi tu nhien,231000,13,Ke G4-07,697,2026-08-01
8930000004659,P-342239,Banh quy Colgate cao cap,360000,210,Ke D2-02,102,2026-07-22
8930000004660,P-264735,Mi goi Lifebuoy chai 1L,359000,52,Ke B5-06,345,2026-09-05
8930000004661,P-692862,Sua tuoi Lay's it duong,253000,110,Ke B2-05,701,2026-09-26
8930000004662,P-173372,Hat nem Red Bull can 2L,321000,44,Ke H1-04,497,2026-07-22
8930000004663,P-683397,Tuong ot Vinamilk chai 1L,52000,280,Ke J2-01,917,2026-10-02
8930000004664,P-956949,Ca phe Barona chai 500ml,267000,71,Ke A4-03,825,2026-09-21
8930000004665,P-997734,Dau goi Chin-su loc 4 hop,232000,157,Ke C3-07,572,2026-08-30
8930000004666,P-843167,Nuoc xa Simply khong duong,187000,169,Ke A4-06,854,2026-09-16
8930000004667,P-881667,Gia vi Closeup hop 200g,15000,176,Ke D4-08,639,2026-07-14
8930000004668,P-322409,Nuoc ngot Omachi huong vi tu nhien,419000,235,Ke C1-06,488,2026-07-25
8930000004669,P-720432,Khan giay Vinamilk it duong,163000,169,Ke A5-02,582,2026-07-18
8930000004670,P-982042,Sua tam Nescafe tiet kiem,483000,139,Ke E3-07,334,2026-07-05
8930000004671,P-571435,Nuoc giat Clear truyen thong,371000,280,Ke B4-05,301,2026-09-10
8930000004672,P-281276,Banh quy Lavie loc 4 hop,31000,190,Ke B3-06,429,2026-08-03
8930000004673,P-972496,Nuoc suoi Vinamilk hop 200g,405000,94,Ke A1-07,661,2026-08-01
8930000004674,P-551860,Snack Lay's truyen thong,308000,129,Ke A1-02,229,2026-09-01
8930000004675,P-967823,Mi goi Knorr huong vi tu nhien,181000,280,Ke A4-08,19,2026-07-22
8930000004676,P-440424,Mi goi Comfort loc 4 hop,404000,144,Ke G3-05,531,2026-09-01
8930000004677,P-817497,Sua tuoi TH True Milk huong vi tu nhien,23000,155,Ke A1-05,730,2026-08-12
8930000004678,P-717558,Nuoc suoi Sunlight chai 500ml,131000,241,Ke G5-04,302,2026-07-27
8930000004679,P-295440,Nuoc giat Aquafina khong duong,187000,213,Ke A3-09,594,2026-07-18
8930000004680,P-700495,Dau an Sunlight loc 4 hop,205000,222,Ke C3-08,432,2026-09-26
8930000004681,P-224395,Mi goi Nam Ngu goi 85g,23000,245,Ke J3-02,91,2026-07-31
8930000004682,P-480573,Nuoc ngot Chin-su cao cap,459000,59,Ke G3-03,697,2026-07-11
8930000004683,P-166891,Kem danh rang TH True Milk goi 85g,348000,65,Ke F5-06,616,2026-10-01
8930000004684,P-664939,Ca phe Simply dam da,176000,16,Ke H1-08,262,2026-09-24
8930000004685,P-416869,Sua tam Closeup loc 4 hop,249000,252,Ke K4-04,838,2026-09-21
8930000004686,P-248097,Banh quy Lifebuoy it duong,400000,85,Ke D1-08,411,2026-08-04
8930000004687,P-923690,Banh quy Chin-su chai 500ml,160000,197,Ke B4-09,260,2026-08-27
8930000004688,P-711046,Nuoc suoi Coca Cola hop 200g,217000,149,Ke F5-03,257,2026-07-08
8930000004689,P-100205,Ca phe Kinh Do cao cap,280000,121,Ke C5-02,887,2026-09-22
8930000004690,P-328182,Hat nem Sunlight can 2L,326000,70,Ke E3-08,955,2026-07-19
8930000004691,P-221119,Nuoc mam Sunsilk hop 200g,237000,171,Ke J1-05,937,2026-08-26
8930000004692,P-706403,Nuoc lau san Barona hop 200g,159000,15,Ke A5-05,393,2026-08-21
8930000004693,P-352036,Nuoc tuong Tuong An chai 1L,123000,84,Ke K3-09,759,2026-07-31
8930000004694,P-791201,Nuoc xa Nescafe huong vi tu nhien,332000,249,Ke D4-07,682,2026-07-14
8930000004695,P-724834,Nuoc xa Pepsi tiet kiem,133000,297,Ke H2-08,543,2026-09-28
8930000004696,P-965339,Snack Simply loc 4 hop,441000,80,Ke F1-02,875,2026-07-27
8930000004697,P-682144,Nuoc giat Hao Hao chai 1L,67000,280,Ke J4-05,452,2026-08-09
8930000004698,P-207175,Nuoc giat Pepsi chai 1L,358000,209,Ke A5-02,602,2026-09-18
8930000004699,P-730889,Khan giay Nam Ngu chai 500ml,86000,199,Ke E2-06,590,2026-07-11
8930000004700,P-582071,Khan giay Nam Ngu dam da,232000,227,Ke J4-01,543,2026-08-19
8930000004701,P-869440,Sua tam Sunsilk can 2L,166000,299,Ke B1-06,866,2026-07-12
8930000004702,P-533020,Sua tam Clear tiet kiem,111000,217,Ke H1-05,876,2026-08-29
8930000004703,P-788637,Nuoc giat Red Bull can 2L,472000,61,Ke E1-06,824,2026-08-07
8930000004704,P-274031,Nuoc giat Barona huong vi tu nhien,72000,191,Ke A1-06,377,2026-08-28
8930000004705,P-684004,Nuoc suoi Lay's loc 4 hop,21000,280,Ke F4-06,135,2026-08-17
8930000004706,P-955937,Dau goi Colgate it duong,254000,137,Ke E5-05,365,2026-08-21
8930000004707,P-674251,Snack Lifebuoy cao cap,338000,247,Ke G4-04,247,2026-08-21
8930000004708,P-794963,Nuoc suoi Chin-su huong vi tu nhien,365000,175,Ke A5-06,974,2026-09-06
8930000004709,P-194834,Sua tuoi Closeup can 2L,85000,245,Ke H2-09,640,2026-07-05
8930000004710,P-783112,Dau an Red Bull chai 1L,295000,172,Ke K5-09,509,2026-09-26
8930000004711,P-414295,Nuoc tuong Oishi loc 4 hop,433000,85,Ke K4-07,23,2026-09-03
8930000004712,P-711878,Sua tam Barona chai 1L,418000,281,Ke A2-08,445,2026-07-08
8930000004713,P-651356,Ca phe Tuong An goi 85g,91000,151,Ke D3-01,57,2026-08-03
8930000004714,P-101657,Khan giay Comfort chai 1L,413000,57,Ke G3-04,489,2026-08-01
8930000004715,P-216356,Nuoc giat Closeup goi 85g,134000,76,Ke E4-02,430,2026-08-28
8930000004716,P-794769,Gia vi Kinh Do hop 200g,60000,204,Ke D4-06,22,2026-07-08
8930000004717,P-601608,Nuoc xa OMO khong duong,178000,95,Ke F1-02,397,2026-07-18
8930000004718,P-804066,Mi goi Aquafina chai 1L,316000,248,Ke I1-08,639,2026-07-30
8930000004719,P-328411,Dau an Nam Ngu huong vi tu nhien,247000,28,Ke A5-02,201,2026-09-06
8930000004720,P-423869,Ca phe Comfort truyen thong,299000,14,Ke C2-08,306,2026-09-04
8930000004721,P-938759,Nuoc mam Comfort chai 1L,296000,94,Ke E5-05,100,2026-07-25
8930000004722,P-360289,Sua tuoi Kinh Do truyen thong,197000,300,Ke K3-02,120,2026-07-13
8930000004723,P-132687,Nuoc mam Oishi loc 4 hop,218000,139,Ke A2-02,109,2026-07-26
8930000004724,P-454366,Dau an Nescafe can 2L,309000,53,Ke E4-06,604,2026-08-20
8930000004725,P-226935,Nuoc ngot Kinh Do cao cap,77000,19,Ke D2-01,376,2026-07-18
8930000004726,P-201639,Dau goi Pepsi cao cap,224000,134,Ke C2-05,846,2026-09-09
8930000004727,P-913875,Nuoc tuong Closeup it duong,372000,251,Ke F3-03,542,2026-07-31
8930000004728,P-838908,Ca phe Coca Cola it duong,245000,250,Ke D3-09,645,2026-08-23
8930000004729,P-188813,Banh quy Clear it duong,7000,96,Ke H4-03,700,2026-09-23
8930000004730,P-241276,Nuoc giat Oishi it duong,419000,43,Ke G2-06,47,2026-08-22
8930000004731,P-523808,Kem danh rang Nam Ngu khong duong,220000,232,Ke J5-03,284,2026-07-12
8930000004732,P-305625,Ca phe Closeup tiet kiem,362000,266,Ke D4-03,404,2026-07-24
8930000004733,P-755744,Nuoc giat Sunsilk truyen thong,252000,128,Ke I5-05,881,2026-07-19
8930000004734,P-726822,Mi goi OMO khong duong,440000,274,Ke G4-03,518,2026-08-02
8930000004735,P-278895,Nuoc xa Tuong An can 2L,406000,280,Ke G5-02,53,2026-08-27
8930000004736,P-309144,Sua tuoi Sting chai 1L,363000,89,Ke J4-07,321,2026-09-10
8930000004737,P-405509,Ca phe Hao Hao truyen thong,165000,253,Ke D1-09,51,2026-09-15
8930000004738,P-461724,Sua tuoi Knorr huong vi tu nhien,138000,44,Ke A4-02,580,2026-09-25
8930000004739,P-573489,Dau an Lay's tiet kiem,414000,148,Ke D2-08,57,2026-09-10
8930000004740,P-698782,Sua tam Aquafina can 2L,273000,56,Ke E5-07,227,2026-08-19
8930000004741,P-468765,Snack Vinamilk dam da,301000,112,Ke F2-02,677,2026-09-23
8930000004742,P-878476,Sua tuoi Maggi dam da,371000,170,Ke I3-06,405,2026-08-08
8930000004743,P-948343,Hat nem Maggi dam da,419000,117,Ke H1-01,741,2026-07-06
8930000004744,P-390946,Mi goi Closeup truyen thong,239000,145,Ke J2-02,926,2026-08-07
8930000004745,P-389688,Kem danh rang Pepsi huong vi tu nhien,413000,260,Ke D1-03,966,2026-09-20
8930000004746,P-572407,Nuoc giat Nam Ngu can 2L,112000,125,Ke J4-01,85,2026-10-03
8930000004747,P-499095,Nuoc ngot Closeup loc 4 hop,292000,92,Ke G2-02,846,2026-07-25
8930000004748,P-813884,Khan giay Sunlight khong duong,473000,86,Ke K3-01,0,2026-08-11
8930000004749,P-138479,Mi goi Nam Ngu goi 85g,198000,176,Ke E5-07,948,2026-08-13
8930000004750,P-822040,Banh quy Chin-su cao cap,163000,48,Ke E2-06,555,2026-09-28
8930000004751,P-430310,Nuoc suoi Comfort can 2L,45000,37,Ke I1-01,979,2026-08-26
8930000004752,P-353690,Snack TH True Milk dam da,460000,166,Ke D1-02,585,2026-08-23
8930000004753,P-195656,Khan giay Barona cao cap,211000,34,Ke C4-07,614,2026-09-09
8930000004754,P-535810,Nuoc suoi OMO tiet kiem,256000,253,Ke J4-07,50,2026-08-23
8930000004755,P-689593,Nuoc suoi Barona goi 85g,434000,175,Ke G2-06,483,2026-08-20
8930000004756,P-702733,Sua tuoi Comfort loc 4 hop,89000,96,Ke E4-05,775,2026-09-26
8930000004757,P-539128,Dau goi Oishi loc 4 hop,342000,261,Ke G1-08,345,2026-08-31
8930000004758,P-447235,Nuoc ngot Clear goi 85g,84000,260,Ke H1-02,307,2026-07-24
8930000004759,P-103704,Nuoc tuong Comfort tiet kiem,52000,200,Ke A3-09,21,2026-09-24
8930000004760,P-113228,Gia vi Red Bull cao cap,405000,174,Ke F4-01,570,2026-09-12
8930000004761,P-586462,Dau goi Red Bull truyen thong,283000,200,Ke F1-05,277,2026-08-27
8930000004762,P-306012,Mi goi Maggi loc 4 hop,466000,147,Ke C5-05,784,2026-09-15
8930000004763,P-926952,Dau goi Red Bull tiet kiem,325000,14,Ke I5-01,716,2026-08-20
8930000004764,P-641722,Banh quy Kinh Do chai 500ml,422000,68,Ke D4-09,673,2026-08-11
8930000004765,P-241647,Nuoc mam Pepsi goi 85g,132000,232,Ke A3-03,260,2026-09-25
8930000004766,P-742191,Sua tam Clear hop 200g,343000,263,Ke B3-03,895,2026-10-03
8930000004767,P-599284,Nuoc giat Coca Cola cao cap,278000,45,Ke H1-01,439,2026-07-27
8930000004768,P-844715,Mi goi Maggi loc 4 hop,115000,223,Ke F5-08,157,2026-07-10
8930000004769,P-483545,Hat nem Lay's truyen thong,336000,244,Ke G4-02,699,2026-09-27
8930000004770,P-236659,Snack Tuong An dam da,446000,240,Ke B3-01,29,2026-08-01
8930000004771,P-944654,Sua tam Vinamilk dam da,355000,239,Ke F1-09,901,2026-10-03
8930000004772,P-704201,Sua tuoi Maggi can 2L,470000,247,Ke I3-03,519,2026-08-28
8930000004773,P-356773,Kem danh rang Aquafina can 2L,226000,57,Ke I4-08,493,2026-09-28
8930000004774,P-587467,Sua tam Pepsi can 2L,70000,52,Ke J2-03,566,2026-09-04
8930000004775,P-440464,Ca phe Oishi dam da,135000,110,Ke A5-03,113,2026-08-18
8930000004776,P-515712,Nuoc mam Sting khong duong,384000,191,Ke J4-09,227,2026-09-08
8930000004777,P-524068,Sua tam Comfort can 2L,469000,148,Ke A5-02,174,2026-07-08
8930000004778,P-307757,Banh quy Aquafina hop 200g,302000,142,Ke E4-07,605,2026-07-27
8930000004779,P-259784,Nuoc tuong Vinamilk dam da,93000,89,Ke F4-03,62,2026-07-27
8930000004780,P-856442,Tuong ot Pepsi dam da,383000,12,Ke I5-01,152,2026-08-19
8930000004781,P-890371,Nuoc xa Comfort cao cap,22000,40,Ke G2-01,752,2026-07-12
8930000004782,P-835962,Dau goi Lifebuoy it duong,237000,36,Ke D3-06,633,2026-08-19
8930000004783,P-700687,Khan giay Hao Hao chai 500ml,66000,205,Ke H4-02,446,2026-07-05
8930000004784,P-796353,Sua tam Omachi hop 200g,210000,182,Ke I4-04,395,2026-09-27
8930000004785,P-791454,Dau an Sunsilk chai 500ml,127000,197,Ke I4-04,948,2026-09-15
8930000004786,P-351516,Banh quy Lay's khong duong,94000,172,Ke E3-01,824,2026-07-25
8930000004787,P-206053,Sua tuoi Coca Cola hop 200g,140000,14,Ke J4-09,819,2026-08-05
8930000004788,P-621800,Tuong ot Comfort cao cap,444000,291,Ke H1-09,936,2026-09-08
8930000004789,P-497316,Ca phe Maggi dam da,389000,33,Ke A1-07,398,2026-08-23
8930000004790,P-641218,Nuoc tuong Knorr goi 85g,150000,128,Ke J2-01,774,2026-10-03
8930000004791,P-377198,Nuoc suoi Pepsi huong vi tu nhien,118000,165,Ke K4-01,725,2026-07-27
8930000004792,P-324130,Khan giay Lifebuoy cao cap,257000,24,Ke G3-04,481,2026-08-17
8930000004793,P-532637,Khan giay OMO huong vi tu nhien,148000,149,Ke H5-01,650,2026-08-24
8930000004794,P-411847,Nuoc tuong Comfort it duong,32000,139,Ke H1-03,500,2026-07-12
8930000004795,P-408463,Nuoc lau san Oishi huong vi tu nhien,84000,238,Ke G3-06,116,2026-09-09
8930000004796,P-608136,Sua tuoi Closeup tiet kiem,27000,169,Ke K1-02,916,2026-07-16
8930000004797,P-725329,Nuoc tuong Barona chai 500ml,471000,256,Ke F3-08,214,2026-07-26
8930000004798,P-158840,Nuoc lau san Sunsilk huong vi tu nhien,280000,149,Ke C4-05,24,2026-08-16
8930000004799,P-112653,Nuoc mam G7 khong duong,259000,171,Ke A4-03,352,2026-08-24
8930000004800,P-170966,Hat nem Chin-su huong vi tu nhien,192000,76,Ke I3-02,327,2026-08-17
8930000004801,P-445637,Banh quy Hao Hao it duong,171000,85,Ke E4-02,94,2026-08-08
8930000004802,P-267475,Nuoc tuong G7 can 2L,347000,181,Ke A3-02,213,2026-07-16
8930000004803,P-349068,Nuoc ngot Maggi goi 85g,328000,141,Ke B5-01,367,2026-09-22
8930000004804,P-225636,Ca phe Hao Hao khong duong,14000,6,Ke H3-01,1000,2026-08-29
8930000004805,P-579536,Kem danh rang Kinh Do chai 500ml,222000,113,Ke D2-08,416,2026-07-06
8930000004806,P-422998,Khan giay Omachi tiet kiem,399000,200,Ke I5-05,458,2026-09-05
8930000004807,P-119927,Nuoc lau san Sting hop 200g,106000,26,Ke J2-06,182,2026-09-07
8930000004808,P-646571,Khan giay TH True Milk chai 1L,29000,192,Ke G2-07,830,2026-09-28
8930000004809,P-837606,Nuoc giat Kinh Do khong duong,157000,68,Ke D4-04,624,2026-08-26
8930000004810,P-526673,Khan giay Kinh Do khong duong,333000,165,Ke I1-04,915,2026-08-09
8930000004811,P-830429,Dau goi Oishi loc 4 hop,448000,102,Ke G3-04,991,2026-08-10
8930000004812,P-220020,Kem danh rang Closeup truyen thong,102000,48,Ke K3-06,709,2026-07-19
8930000004813,P-823270,Nuoc suoi Aquafina chai 1L,285000,65,Ke F1-09,597,2026-08-24
8930000004814,P-440839,Nuoc ngot Barona loc 4 hop,198000,124,Ke K1-09,458,2026-07-16
8930000004815,P-630535,Nuoc tuong Oishi can 2L,452000,215,Ke D2-01,131,2026-09-08
8930000004816,P-743003,Sua tuoi Tuong An khong duong,417000,112,Ke D2-09,537,2026-07-15
8930000004817,P-154118,Hat nem Hao Hao cao cap,294000,202,Ke A2-06,27,2026-07-17
8930000004818,P-638807,Dau an Red Bull huong vi tu nhien,135000,7,Ke A3-04,793,2026-07-26
8930000004819,P-533649,Sua tam Barona chai 1L,222000,268,Ke E4-01,831,2026-08-01
8930000004820,P-325583,Dau an Coca Cola huong vi tu nhien,380000,87,Ke H3-08,751,2026-07-31
8930000004821,P-904624,Khan giay Pepsi chai 1L,106000,216,Ke I1-06,210,2026-08-02
8930000004822,P-218414,Tuong ot G7 huong vi tu nhien,434000,289,Ke I2-04,194,2026-09-28
8930000004823,P-490586,Gia vi Sting huong vi tu nhien,50000,282,Ke C3-08,511,2026-09-27
8930000004824,P-133326,Nuoc giat Aquafina dam da,271000,207,Ke C1-01,576,2026-07-31
8930000004825,P-319899,Sua tam Comfort it duong,209000,240,Ke I2-09,664,2026-07-12
8930000004826,P-493282,Mi goi Maggi chai 1L,281000,298,Ke G1-01,387,2026-08-13
8930000004827,P-362230,Nuoc lau san Closeup goi 85g,35000,86,Ke H5-01,319,2026-09-13
8930000004828,P-718697,Kem danh rang Chin-su goi 85g,347000,141,Ke G3-09,951,2026-10-01
8930000004829,P-361609,Sua tam Nescafe tiet kiem,41000,235,Ke J2-03,646,2026-08-28
8930000004830,P-523389,Nuoc ngot Closeup hop 200g,315000,238,Ke J4-01,222,2026-09-18
8930000004831,P-635482,Banh quy Nescafe huong vi tu nhien,274000,113,Ke E5-01,632,2026-07-26
8930000004832,P-963274,Kem danh rang Maggi truyen thong,135000,136,Ke I4-09,587,2026-09-28
8930000004833,P-844012,Nuoc suoi Maggi goi 85g,129000,103,Ke E4-06,552,2026-08-16
8930000004834,P-504630,Nuoc giat Barona truyen thong,327000,74,Ke G1-03,102,2026-09-06
8930000004835,P-535820,Mi goi Closeup goi 85g,355000,20,Ke G4-07,304,2026-09-26
8930000004836,P-245308,Snack Barona cao cap,313000,300,Ke H3-04,655,2026-09-30
8930000004837,P-172132,Nuoc lau san Red Bull truyen thong,287000,9,Ke D4-09,177,2026-07-13
8930000004838,P-695417,Snack Lifebuoy it duong,227000,59,Ke C4-09,540,2026-08-01
8930000004839,P-719752,Sua tuoi Knorr dam da,173000,168,Ke H5-02,240,2026-07-15
8930000004840,P-126240,Nuoc giat Nam Ngu truyen thong,42000,150,Ke C1-08,684,2026-08-21
8930000004841,P-148381,Dau goi Omachi loc 4 hop,249000,146,Ke E2-04,855,2026-09-19
8930000004842,P-583671,Nuoc xa Nescafe khong duong,233000,120,Ke A3-08,418,2026-08-09
8930000004843,P-662407,Dau an TH True Milk goi 85g,161000,12,Ke H5-05,732,2026-08-13
8930000004844,P-303547,Nuoc suoi Maggi huong vi tu nhien,394000,63,Ke F4-08,301,2026-08-12
8930000004845,P-924718,Dau goi Omachi dam da,310000,253,Ke I3-07,351,2026-07-15
8930000004846,P-857997,Dau an Lavie chai 500ml,342000,158,Ke C3-06,575,2026-08-10
8930000004847,P-111068,Dau goi Sting khong duong,315000,96,Ke J5-01,474,2026-09-13
8930000004848,P-275018,Dau an Lifebuoy chai 1L,244000,143,Ke A4-01,101,2026-08-24
8930000004849,P-267457,Nuoc suoi Hao Hao it duong,267000,88,Ke H2-09,416,2026-07-10
8930000004850,P-837954,Nuoc tuong G7 it duong,124000,74,Ke D5-09,399,2026-09-16
8930000004851,P-358133,Dau an Aquafina cao cap,454000,134,Ke G5-07,191,2026-07-23
8930000004852,P-551488,Sua tam Maggi chai 1L,47000,35,Ke D3-07,381,2026-08-01
8930000004853,P-416613,Nuoc suoi Colgate goi 85g,29000,291,Ke E2-08,667,2026-09-23
8930000004854,P-897549,Ca phe Comfort tiet kiem,299000,87,Ke G2-08,237,2026-07-15
8930000004855,P-290065,Kem danh rang Vinamilk cao cap,207000,21,Ke A1-03,841,2026-08-10
8930000004856,P-938913,Sua tam Sunlight loc 4 hop,440000,204,Ke K1-07,77,2026-08-28
8930000004857,P-388086,Khan giay OMO huong vi tu nhien,293000,47,Ke A1-02,440,2026-08-14
8930000004858,P-613426,Kem danh rang Comfort cao cap,306000,170,Ke E3-05,957,2026-09-02
8930000004859,P-826155,Banh quy TH True Milk dam da,245000,270,Ke E4-03,670,2026-08-02
8930000004860,P-907369,Ca phe Sunlight tiet kiem,336000,85,Ke A3-03,841,2026-09-17
8930000004861,P-684572,Snack Closeup cao cap,284000,297,Ke I4-04,57,2026-08-01
8930000004862,P-736553,Tuong ot Chin-su dam da,213000,208,Ke F4-02,46,2026-08-07
8930000004863,P-329157,Banh quy Colgate goi 85g,350000,211,Ke B1-08,95,2026-09-06
8930000004864,P-182289,Nuoc suoi Vinamilk cao cap,78000,188,Ke A1-07,276,2026-09-11
8930000004865,P-948097,Dau an Sting chai 1L,467000,136,Ke D3-05,781,2026-07-10
8930000004866,P-824304,Sua tam Lavie khong duong,472000,225,Ke K3-01,867,2026-08-24
8930000004867,P-306854,Tuong ot Knorr can 2L,458000,256,Ke K3-02,83,2026-08-12
8930000004868,P-125905,Sua tuoi Chin-su goi 85g,194000,298,Ke F2-09,550,2026-08-01
8930000004869,P-340174,Snack Aquafina hop 200g,330000,292,Ke H3-03,60,2026-08-31
8930000004870,P-517821,Mi goi Closeup chai 500ml,454000,170,Ke C5-03,781,2026-09-04
8930000004871,P-687080,Banh quy OMO dam da,207000,145,Ke D1-04,642,2026-09-16
8930000004872,P-724756,Khan giay Red Bull can 2L,363000,147,Ke E3-04,233,2026-09-15
8930000004873,P-985893,Gia vi Lifebuoy loc 4 hop,179000,238,Ke I4-08,709,2026-07-13
8930000004874,P-263137,Ca phe Maggi truyen thong,30000,156,Ke H4-03,268,2026-07-14
8930000004875,P-775636,Dau goi Clear loc 4 hop,470000,251,Ke C5-04,677,2026-08-27
8930000004876,P-403528,Nuoc ngot Oishi tiet kiem,8000,214,Ke H1-01,32,2026-07-19
8930000004877,P-293929,Gia vi Sting goi 85g,152000,154,Ke C5-09,169,2026-07-21
8930000004878,P-766738,Gia vi Simply dam da,197000,137,Ke C1-03,514,2026-09-17
8930000004879,P-337144,Sua tam Aquafina goi 85g,181000,245,Ke A2-05,528,2026-07-20
8930000004880,P-905579,Mi goi Vinamilk chai 500ml,332000,191,Ke H5-02,370,2026-07-28
8930000004881,P-681141,Nuoc suoi Simply loc 4 hop,350000,184,Ke G3-02,666,2026-09-15
8930000004882,P-997004,Hat nem Knorr it duong,473000,140,Ke E1-08,708,2026-09-30
8930000004883,P-327823,Nuoc lau san Sunsilk huong vi tu nhien,215000,115,Ke B2-06,624,2026-07-12
8930000004884,P-671858,Ca phe Simply chai 500ml,480000,235,Ke I3-06,634,2026-10-01
8930000004885,P-909489,Nuoc xa Nam Ngu truyen thong,375000,68,Ke C5-03,75,2026-07-14
8930000004886,P-762055,Nuoc ngot OMO dam da,96000,206,Ke E2-02,995,2026-07-11
8930000004887,P-206694,Nuoc lau san Kinh Do chai 500ml,134000,139,Ke H5-09,597,2026-09-06
8930000004888,P-436814,Nuoc giat Colgate can 2L,29000,254,Ke A3-01,454,2026-09-30
8930000004889,P-702080,Khan giay Aquafina cao cap,372000,15,Ke K4-03,394,2026-07-10
8930000004890,P-225151,Tuong ot Chin-su can 2L,210000,96,Ke E2-03,437,2026-08-22
8930000004891,P-239850,Nuoc giat Omachi huong vi tu nhien,493000,258,Ke J5-01,261,2026-08-02
8930000004892,P-119989,Banh quy Red Bull goi 85g,321000,128,Ke H5-09,510,2026-08-01
8930000004893,P-269834,Snack Chin-su truyen thong,499000,102,Ke J5-07,855,2026-09-09
8930000004894,P-836989,Dau goi Oishi tiet kiem,58000,270,Ke E3-05,274,2026-09-20
8930000004895,P-990247,Gia vi Nescafe cao cap,117000,264,Ke F4-03,539,2026-09-12
8930000004896,P-437226,Dau goi OMO khong duong,383000,14,Ke B4-06,107,2026-08-24
8930000004897,P-435788,Khan giay Clear hop 200g,163000,89,Ke H3-08,872,2026-07-26
8930000004898,P-517584,Nuoc xa Hao Hao chai 500ml,332000,174,Ke D2-04,72,2026-07-13
8930000004899,P-761297,Nuoc giat Oishi tiet kiem,119000,41,Ke K2-05,836,2026-08-01
8930000004900,P-884229,Snack Maggi chai 1L,453000,37,Ke J4-02,879,2026-08-05
8930000004901,P-559753,Dau goi Aquafina cao cap,28000,77,Ke B1-01,804,2026-09-28
8930000004902,P-809794,Nuoc mam Red Bull goi 85g,220000,162,Ke K5-06,909,2026-07-29
8930000004903,P-299367,Nuoc giat TH True Milk tiet kiem,5000,184,Ke B2-06,232,2026-07-30
8930000004904,P-872343,Banh quy Sunlight cao cap,405000,220,Ke D1-01,338,2026-09-06
8930000004905,P-611945,Nuoc xa Comfort chai 1L,309000,111,Ke C5-08,648,2026-07-22
8930000004906,P-259077,Nuoc mam Lifebuoy can 2L,149000,202,Ke C2-07,932,2026-07-30
8930000004907,P-293743,Khan giay Red Bull chai 500ml,102000,50,Ke B3-03,684,2026-08-31
8930000004908,P-765822,Tuong ot Nescafe can 2L,71000,18,Ke H3-08,617,2026-09-09
8930000004909,P-783157,Nuoc ngot Knorr cao cap,156000,133,Ke K5-05,828,2026-09-19
8930000004910,P-524094,Gia vi Lifebuoy hop 200g,195000,143,Ke F5-07,180,2026-07-14
8930000004911,P-680238,Nuoc suoi Closeup it duong,286000,147,Ke A5-03,785,2026-08-01
8930000004912,P-860413,Nuoc giat Closeup dam da,435000,186,Ke H2-07,540,2026-08-22
8930000004913,P-708093,Sua tuoi Colgate can 2L,33000,169,Ke K1-09,159,2026-08-20
8930000004914,P-456331,Mi goi Colgate dam da,407000,20,Ke D1-09,444,2026-08-07
8930000004915,P-999924,Dau an Vinamilk can 2L,184000,58,Ke E3-06,424,2026-08-10
8930000004916,P-243006,Mi goi Lay's chai 1L,415000,211,Ke H4-01,991,2026-09-22
8930000004917,P-829168,Snack TH True Milk truyen thong,141000,125,Ke E1-02,1,2026-09-10
8930000004918,P-596025,Dau goi Colgate chai 500ml,178000,237,Ke G3-08,379,2026-08-11
8930000004919,P-273580,Dau goi Aquafina truyen thong,237000,103,Ke C5-08,491,2026-08-26
8930000004920,P-260565,Mi goi Sunsilk huong vi tu nhien,175000,6,Ke G5-06,629,2026-10-01
8930000004921,P-520521,Dau an Simply it duong,30000,157,Ke G2-02,318,2026-07-06
8930000004922,P-909859,Nuoc xa Colgate huong vi tu nhien,445000,219,Ke B4-06,225,2026-08-05
8930000004923,P-184064,Hat nem Comfort tiet kiem,9000,169,Ke D3-03,556,2026-07-19
8930000004924,P-657742,Sua tuoi Red Bull truyen thong,273000,40,Ke K4-03,592,2026-09-08
8930000004925,P-625119,Banh quy Barona hop 200g,414000,198,Ke B3-01,490,2026-09-19
8930000004926,P-542666,Banh quy Pepsi chai 1L,65000,208,Ke J1-04,443,2026-08-06
8930000004927,P-194930,Banh quy Lavie hop 200g,33000,142,Ke B1-08,672,2026-07-22
8930000004928,P-434827,Nuoc xa Sting hop 200g,223000,108,Ke B5-05,422,2026-08-08
8930000004929,P-384434,Banh quy Oishi hop 200g,201000,29,Ke I4-05,630,2026-08-11
8930000004930,P-537211,Mi goi Sunlight khong duong,79000,266,Ke D1-09,685,2026-08-02
8930000004931,P-821179,Nuoc tuong G7 loc 4 hop,367000,245,Ke H5-09,520,2026-07-31
8930000004932,P-525205,Dau an Tuong An tiet kiem,113000,238,Ke F5-07,543,2026-08-14
8930000004933,P-394620,Nuoc tuong Closeup chai 1L,93000,233,Ke E5-03,961,2026-07-06
8930000004934,P-774565,Hat nem Vinamilk tiet kiem,486000,23,Ke J4-02,920,2026-08-23
8930000004935,P-918910,Nuoc suoi Red Bull chai 500ml,305000,186,Ke A1-04,872,2026-09-06
8930000004936,P-301629,Dau goi Sting khong duong,375000,49,Ke B3-07,456,2026-07-29
8930000004937,P-215482,Mi goi Tuong An huong vi tu nhien,277000,86,Ke I2-05,770,2026-08-13
8930000004938,P-810029,Ca phe Lay's cao cap,427000,65,Ke K2-08,81,2026-08-11
8930000004939,P-572230,Snack TH True Milk hop 200g,145000,90,Ke K2-02,382,2026-07-23
8930000004940,P-950360,Sua tam Colgate it duong,243000,280,Ke B2-02,903,2026-07-12
8930000004941,P-871501,Khan giay Kinh Do chai 500ml,57000,267,Ke B2-07,826,2026-07-21
8930000004942,P-469954,Sua tuoi Vinamilk loc 4 hop,465000,230,Ke J1-05,442,2026-08-25
8930000004943,P-929538,Ca phe Lay's loc 4 hop,33000,182,Ke K5-02,336,2026-09-21
8930000004944,P-184148,Khan giay Sunsilk it duong,318000,135,Ke C4-09,578,2026-09-22
8930000004945,P-867541,Mi goi Lay's cao cap,85000,227,Ke I5-01,21,2026-07-16
8930000004946,P-123005,Nuoc lau san Sunlight chai 1L,493000,30,Ke K4-09,74,2026-08-27
8930000004947,P-393992,Ca phe Sunlight dam da,222000,223,Ke G1-02,488,2026-08-05
8930000004948,P-750803,Dau an Comfort hop 200g,145000,88,Ke A4-08,51,2026-07-24
8930000004949,P-161437,Sua tuoi Lavie truyen thong,268000,181,Ke I2-05,694,2026-10-02
8930000004950,P-886530,Nuoc suoi Lay's cao cap,248000,253,Ke K5-06,718,2026-08-03
8930000004951,P-650744,Nuoc mam Knorr huong vi tu nhien,20000,123,Ke A2-02,374,2026-09-25
8930000004952,P-556501,Nuoc lau san Sunlight chai 1L,50000,234,Ke F5-09,623,2026-08-09
8930000004953,P-669691,Nuoc mam Sunsilk khong duong,354000,163,Ke J3-08,429,2026-08-31
8930000004954,P-167603,Nuoc ngot Lay's loc 4 hop,304000,182,Ke I2-03,371,2026-09-24
8930000004955,P-350878,Khan giay Oishi huong vi tu nhien,45000,10,Ke C4-04,217,2026-08-31
8930000004956,P-427270,Khan giay Comfort khong duong,77000,231,Ke H4-01,544,2026-08-23
8930000004957,P-209627,Gia vi Knorr cao cap,87000,221,Ke I2-04,631,2026-07-11
8930000004958,P-841122,Kem danh rang Clear chai 500ml,138000,106,Ke E3-09,806,2026-09-10
8930000004959,P-299212,Mi goi Simply goi 85g,327000,7,Ke B1-06,663,2026-08-21
8930000004960,P-929179,Nuoc xa Coca Cola hop 200g,144000,56,Ke K3-02,215,2026-07-16
8930000004961,P-611833,Nuoc tuong Sunsilk chai 500ml,191000,132,Ke C2-08,370,2026-10-02
8930000004962,P-930924,Nuoc lau san Sunsilk it duong,315000,258,Ke D1-08,327,2026-09-12
8930000004963,P-231113,Snack Omachi cao cap,370000,117,Ke C3-04,257,2026-07-06
8930000004964,P-891662,Dau an Hao Hao truyen thong,107000,296,Ke F4-07,333,2026-08-09
8930000004965,P-343461,Nuoc mam Nescafe huong vi tu nhien,254000,106,Ke D3-01,12,2026-08-11
8930000004966,P-204442,Nuoc suoi Sunlight truyen thong,169000,171,Ke I1-05,800,2026-07-29
8930000004967,P-234001,Nuoc mam Lay's loc 4 hop,24000,248,Ke K5-03,531,2026-08-16
8930000004968,P-464301,Nuoc mam Aquafina truyen thong,180000,272,Ke H2-04,888,2026-08-07
8930000004969,P-961957,Sua tuoi Sunsilk chai 1L,451000,85,Ke K3-09,974,2026-08-05
8930000004970,P-559398,Tuong ot Coca Cola huong vi tu nhien,271000,35,Ke F3-09,136,2026-07-09
8930000004971,P-385166,Dau an Pepsi khong duong,389000,108,Ke K1-07,471,2026-08-17
8930000004972,P-910075,Sua tuoi Kinh Do dam da,192000,106,Ke C4-01,794,2026-09-06
8930000004973,P-999138,Ca phe Sunsilk dam da,427000,151,Ke H4-06,775,2026-08-16
8930000004974,P-336817,Nuoc tuong G7 truyen thong,348000,220,Ke D4-02,242,2026-08-08
8930000004975,P-352572,Gia vi Oishi goi 85g,244000,9,Ke I1-06,254,2026-07-31
8930000004976,P-726121,Nuoc mam Nescafe hop 200g,284000,43,Ke C2-04,674,2026-07-17
8930000004977,P-577079,Dau goi OMO chai 500ml,234000,191,Ke D4-07,276,2026-08-28
8930000004978,P-265080,Snack Hao Hao khong duong,323000,172,Ke G2-03,156,2026-10-02
8930000004979,P-464750,Nuoc tuong Maggi cao cap,108000,148,Ke G3-05,819,2026-09-17
8930000004980,P-328275,Gia vi Oishi cao cap,378000,202,Ke B2-09,58,2026-08-07
8930000004981,P-910891,Mi goi Nescafe cao cap,454000,197,Ke A4-04,619,2026-07-19
8930000004982,P-223928,Nuoc suoi Lavie dam da,21000,201,Ke K5-04,531,2026-09-14
8930000004983,P-293818,Khan giay Omachi dam da,198000,79,Ke J5-07,15,2026-08-25
8930000004984,P-661307,Nuoc mam Red Bull goi 85g,194000,258,Ke B1-04,431,2026-07-12
8930000004985,P-635638,Tuong ot Colgate huong vi tu nhien,187000,197,Ke J3-07,934,2026-09-11
8930000004986,P-174675,Snack Colgate huong vi tu nhien,354000,201,Ke J3-02,143,2026-09-06
8930000004987,P-229204,Snack Chin-su goi 85g,273000,284,Ke J5-01,693,2026-07-25
8930000004988,P-641455,Nuoc lau san Sunsilk tiet kiem,268000,201,Ke A5-02,93,2026-10-03
8930000004989,P-876962,Nuoc giat Hao Hao loc 4 hop,308000,94,Ke D4-01,250,2026-08-12
8930000004990,P-266744,Nuoc lau san Vinamilk goi 85g,335000,175,Ke I5-05,267,2026-08-30
8930000004991,P-716118,Tuong ot OMO can 2L,71000,62,Ke D2-07,879,2026-07-05
8930000004992,P-746467,Nuoc xa Red Bull chai 1L,111000,291,Ke D1-02,700,2026-07-31
8930000004993,P-993829,Banh quy OMO loc 4 hop,122000,267,Ke E2-01,789,2026-07-20
8930000004994,P-810189,Nuoc xa Oishi can 2L,171000,197,Ke I3-03,120,2026-07-24
8930000004995,P-408528,Nuoc ngot Nescafe tiet kiem,494000,21,Ke B5-08,285,2026-08-05
8930000004996,P-213346,Nuoc mam Lay's dam da,368000,121,Ke B1-03,987,2026-08-15
8930000004997,P-957730,Kem danh rang Lay's truyen thong,228000,163,Ke G1-04,58,2026-09-17
8930000004998,P-387813,Tuong ot Hao Hao khong duong,39000,255,Ke I1-08,805,2026-10-01
8930000004999,P-668950,Ca phe Chin-su truyen thong,128000,76,Ke H3-09,557,2026-07-25
8930000005000,P-478638,Mi goi Sunlight dam da,275000,167,Ke J2-01,424,2026-09-06
8930000005001,P-417538,Sua tuoi Sunlight loc 4 hop,62000,200,Ke F2-08,171,2026-08-14
8930000005002,P-789786,Mi goi Nescafe hop 200g,55000,9,Ke J3-04,99,2026-09-28
8930000005003,P-326222,Sua tuoi Maggi dam da,238000,97,Ke F1-04,406,2026-07-14
8930000005004,P-903726,Nuoc mam Omachi it duong,281000,14,Ke B2-08,977,2026-09-29
8930000005005,P-903072,Nuoc mam Vinamilk hop 200g,337000,291,Ke B5-05,5,2026-09-24
8930000005006,P-621199,Nuoc suoi Coca Cola hop 200g,201000,47,Ke D4-01,958,2026-08-05
8930000005007,P-631219,Nuoc xa Omachi can 2L,83000,23,Ke K3-06,49,2026-07-06
8930000005008,P-921021,Gia vi Nescafe huong vi tu nhien,225000,109,Ke K3-04,246,2026-09-07
8930000005009,P-137572,Kem danh rang Vinamilk dam da,491000,210,Ke C4-03,333,2026-09-25
8930000005010,P-355090,Banh quy Knorr hop 200g,142000,198,Ke B4-04,36,2026-08-18
8930000005011,P-188406,Mi goi OMO truyen thong,488000,178,Ke B2-04,673,2026-09-17
8930000005012,P-426711,Sua tuoi Oishi chai 1L,229000,108,Ke A5-03,300,2026-10-03
8930000005013,P-269930,Nuoc xa Knorr dam da,329000,108,Ke F5-07,424,2026-08-21
8930000005014,P-197793,Hat nem Simply hop 200g,28000,118,Ke G2-09,978,2026-08-18
8930000005015,P-150760,Nuoc xa Tuong An it duong,116000,56,Ke J3-09,19,2026-07-06
8930000005016,P-360330,Sua tuoi Vinamilk tiet kiem,285000,157,Ke B4-03,698,2026-08-16
8930000005017,P-211954,Nuoc xa Aquafina huong vi tu nhien,50000,163,Ke G5-04,663,2026-09-18
8930000005018,P-874320,Nuoc suoi Coca Cola chai 500ml,5000,14,Ke D5-05,786,2026-07-14
8930000005019,P-800722,Kem danh rang Sunlight chai 500ml,264000,153,Ke G3-03,60,2026-09-21
8930000005020,P-763529,Nuoc lau san Hao Hao tiet kiem,333000,15,Ke C2-03,2,2026-09-21
8930000005021,P-397571,Dau goi Aquafina dam da,310000,272,Ke I5-01,415,2026-10-01
8930000005022,P-865054,Khan giay Hao Hao can 2L,395000,183,Ke A4-06,122,2026-07-21
8930000005023,P-571579,Nuoc mam Coca Cola can 2L,245000,186,Ke A3-07,96,2026-08-14
8930000005024,P-700727,Nuoc mam Closeup khong duong,347000,268,Ke K3-04,750,2026-07-18
8930000005025,P-195310,Sua tam Aquafina chai 1L,278000,290,Ke K4-03,10,2026-09-15
8930000005026,P-803458,Sua tuoi Tuong An goi 85g,251000,46,Ke A2-07,801,2026-07-09
8930000005027,P-757128,Snack Simply loc 4 hop,252000,197,Ke E1-05,298,2026-09-15
8930000005028,P-198042,Nuoc xa Hao Hao cao cap,467000,229,Ke E3-04,65,2026-08-27
8930000005029,P-185544,Kem danh rang Oishi chai 500ml,184000,12,Ke I1-01,148,2026-07-15
8930000005030,P-756944,Khan giay Maggi huong vi tu nhien,221000,184,Ke E4-04,997,2026-08-24
8930000005031,P-806309,Sua tam Barona loc 4 hop,72000,234,Ke C5-05,208,2026-08-12
8930000005032,P-362801,Mi goi TH True Milk tiet kiem,315000,17,Ke J5-03,267,2026-08-23
8930000005033,P-162678,Banh quy Colgate goi 85g,62000,140,Ke G3-08,42,2026-09-14
8930000005034,P-910143,Tuong ot Pepsi huong vi tu nhien,228000,156,Ke B4-01,803,2026-08-10
8930000005035,P-512160,Sua tuoi Chin-su khong duong,188000,91,Ke F3-04,676,2026-07-11
8930000005036,P-948188,Mi goi Nam Ngu loc 4 hop,383000,52,Ke H4-03,191,2026-07-26
8930000005037,P-489227,Sua tuoi Barona hop 200g,180000,158,Ke B4-06,272,2026-07-09
8930000005038,P-200018,Banh quy Hao Hao chai 1L,129000,234,Ke J1-06,789,2026-07-25
8930000005039,P-536548,Nuoc suoi Nescafe khong duong,286000,63,Ke H2-04,216,2026-07-17
8930000005040,P-421549,Dau goi Lay's cao cap,465000,57,Ke A5-03,820,2026-07-21
8930000005041,P-578634,Sua tam Colgate cao cap,184000,227,Ke B2-01,800,2026-08-16
8930000005042,P-811444,Ca phe Coca Cola loc 4 hop,372000,214,Ke H4-05,474,2026-07-24
8930000005043,P-241422,Kem danh rang Coca Cola khong duong,172000,29,Ke I3-06,59,2026-07-08
8930000005044,P-183952,Mi goi Colgate loc 4 hop,129000,298,Ke J5-03,364,2026-08-05
8930000005045,P-989265,Sua tuoi Maggi hop 200g,299000,92,Ke I4-02,8,2026-09-15
8930000005046,P-910326,Nuoc lau san Aquafina cao cap,174000,59,Ke E2-09,692,2026-09-14
8930000005047,P-544154,Snack Closeup chai 500ml,75000,10,Ke D2-09,779,2026-08-12
8930000005048,P-903028,Snack Comfort hop 200g,63000,279,Ke B5-09,36,2026-08-20
8930000005049,P-218710,Nuoc mam G7 it duong,417000,26,Ke F2-01,994,2026-08-09
8930000005050,P-110139,Nuoc xa Simply huong vi tu nhien,378000,282,Ke D1-04,575,2026-07-28
8930000005051,P-847362,Ca phe Vinamilk dam da,380000,225,Ke K4-08,810,2026-08-13
8930000005052,P-566843,Gia vi Omachi truyen thong,355000,38,Ke J1-01,336,2026-10-02
8930000005053,P-599127,Nuoc xa Maggi dam da,299000,239,Ke A5-06,496,2026-08-27
8930000005054,P-972089,Ca phe Aquafina truyen thong,145000,17,Ke G5-02,910,2026-08-25
8930000005055,P-279517,Hat nem G7 can 2L,411000,227,Ke H2-09,658,2026-08-25
8930000005056,P-494900,Hat nem Hao Hao tiet kiem,357000,167,Ke F4-08,434,2026-07-18
8930000005057,P-550246,Snack Lay's can 2L,322000,88,Ke J4-03,754,2026-08-12
8930000005058,P-741784,Hat nem Chin-su truyen thong,246000,116,Ke C3-04,500,2026-09-28
8930000005059,P-143802,Tuong ot Closeup cao cap,318000,45,Ke J1-06,418,2026-08-13
8930000005060,P-360846,Snack Closeup tiet kiem,58000,140,Ke B2-05,195,2026-10-01
8930000005061,P-390119,Nuoc giat Coca Cola goi 85g,336000,123,Ke C5-09,454,2026-08-15
8930000005062,P-451470,Nuoc tuong Kinh Do cao cap,327000,225,Ke A3-02,597,2026-09-20
8930000005063,P-283291,Nuoc xa OMO huong vi tu nhien,84000,142,Ke C2-07,767,2026-09-03
8930000005064,P-202397,Nuoc giat Tuong An truyen thong,341000,115,Ke H2-09,46,2026-09-25
8930000005065,P-769975,Tuong ot Kinh Do goi 85g,137000,103,Ke E1-04,352,2026-07-09
8930000005066,P-804318,Nuoc xa Lifebuoy dam da,415000,228,Ke I2-07,127,2026-09-25
8930000005067,P-385577,Nuoc ngot Clear loc 4 hop,239000,200,Ke C1-08,209,2026-09-01
8930000005068,P-212157,Nuoc giat Nescafe can 2L,456000,122,Ke F3-02,287,2026-08-23
8930000005069,P-125071,Kem danh rang OMO chai 1L,448000,161,Ke H2-02,667,2026-09-21
8930000005070,P-803571,Dau goi G7 goi 85g,170000,95,Ke G4-04,484,2026-07-14
8930000005071,P-934042,Sua tuoi Vinamilk goi 85g,447000,272,Ke J3-04,561,2026-09-09
8930000005072,P-710948,Banh quy Hao Hao loc 4 hop,283000,192,Ke H5-02,414,2026-08-17
8930000005073,P-817727,Sua tam Vinamilk goi 85g,274000,29,Ke K3-02,520,2026-07-08
8930000005074,P-726003,Khan giay TH True Milk tiet kiem,489000,71,Ke E3-07,825,2026-09-10
8930000005075,P-265613,Nuoc tuong G7 tiet kiem,90000,226,Ke B4-04,268,2026-07-07
8930000005076,P-466375,Dau goi TH True Milk tiet kiem,282000,239,Ke D4-04,80,2026-08-31
8930000005077,P-634723,Gia vi Nam Ngu truyen thong,50000,269,Ke B2-08,932,2026-09-16
8930000005078,P-547494,Dau an Oishi truyen thong,106000,271,Ke A3-06,6,2026-07-12
8930000005079,P-802559,Hat nem Vinamilk tiet kiem,462000,273,Ke D3-02,670,2026-09-23
8930000005080,P-122977,Dau goi Knorr can 2L,214000,135,Ke J2-08,202,2026-07-24
8930000005081,P-952993,Sua tam Nescafe tiet kiem,52000,109,Ke D4-03,909,2026-07-06
8930000005082,P-923648,Nuoc mam Colgate can 2L,417000,290,Ke B5-02,372,2026-08-20
8930000005083,P-352194,Tuong ot Closeup hop 200g,97000,191,Ke I5-04,34,2026-09-11
8930000005084,P-308296,Mi goi Nam Ngu chai 1L,252000,37,Ke G1-04,250,2026-07-31
8930000005085,P-206851,Ca phe Kinh Do truyen thong,245000,271,Ke H4-01,158,2026-07-30
8930000005086,P-245121,Nuoc xa Knorr hop 200g,10000,246,Ke C4-05,543,2026-07-30
8930000005087,P-289159,Mi goi Vinamilk chai 500ml,358000,20,Ke D5-02,427,2026-08-03
8930000005088,P-624788,Nuoc tuong Kinh Do khong duong,274000,266,Ke K2-08,624,2026-07-14
8930000005089,P-121053,Hat nem Lay's cao cap,279000,173,Ke K5-04,964,2026-09-26
8930000005090,P-379190,Nuoc tuong Maggi khong duong,497000,99,Ke H5-02,280,2026-08-10
8930000005091,P-544611,Gia vi Aquafina it duong,306000,167,Ke D4-09,746,2026-09-14
8930000005092,P-684357,Hat nem Sunsilk khong duong,24000,229,Ke C3-09,424,2026-09-21
8930000005093,P-877747,Mi goi Lavie chai 1L,412000,86,Ke D1-07,510,2026-07-25
8930000005094,P-587648,Sua tuoi Kinh Do cao cap,297000,148,Ke G4-01,86,2026-08-29
8930000005095,P-857888,Mi goi Sunlight khong duong,290000,5,Ke E3-08,107,2026-09-13
8930000005096,P-255528,Banh quy Nescafe it duong,390000,219,Ke C3-09,457,2026-08-25
8930000005097,P-714334,Nuoc lau san Lavie chai 1L,98000,114,Ke H5-09,435,2026-07-06
8930000005098,P-641593,Mi goi Red Bull it duong,414000,71,Ke H4-07,25,2026-07-05
8930000005099,P-200617,Sua tam Sunsilk it duong,315000,174,Ke K1-04,417,2026-07-24
8930000005100,P-162823,Gia vi Sunlight hop 200g,28000,223,Ke F4-05,76,2026-07-06
8930000005101,P-969067,Sua tam Oishi goi 85g,131000,117,Ke G4-04,691,2026-09-02
8930000005102,P-575435,Nuoc xa Clear chai 500ml,216000,48,Ke I3-06,226,2026-08-21
8930000005103,P-518084,Nuoc xa Sting can 2L,368000,258,Ke I3-03,704,2026-07-17
8930000005104,P-955653,Nuoc suoi Lavie goi 85g,122000,216,Ke B5-09,933,2026-07-06
8930000005105,P-336504,Tuong ot Sting loc 4 hop,162000,282,Ke J2-04,776,2026-07-16
8930000005106,P-510780,Dau goi TH True Milk loc 4 hop,69000,142,Ke E3-01,186,2026-08-20
8930000005107,P-885290,Dau goi Red Bull cao cap,34000,84,Ke B4-09,177,2026-07-16
8930000005108,P-252200,Snack OMO hop 200g,287000,284,Ke B4-02,740,2026-10-03
8930000005109,P-893454,Hat nem Sting truyen thong,213000,111,Ke C5-05,2,2026-09-05
8930000005110,P-651978,Nuoc lau san Comfort truyen thong,492000,20,Ke E2-08,261,2026-09-22
8930000005111,P-976258,Nuoc mam Pepsi hop 200g,459000,286,Ke A5-07,326,2026-08-24
8930000005112,P-729577,Nuoc ngot Vinamilk goi 85g,214000,57,Ke J5-08,939,2026-10-03
8930000005113,P-678805,Nuoc xa Sunlight truyen thong,385000,262,Ke D5-04,694,2026-09-23
8930000005114,P-624369,Hat nem Omachi hop 200g,158000,21,Ke C4-06,602,2026-08-27
8930000005115,P-176421,Nuoc mam Aquafina huong vi tu nhien,36000,211,Ke F4-06,373,2026-08-24
8930000005116,P-238579,Nuoc xa Knorr goi 85g,196000,113,Ke K2-09,72,2026-10-02
8930000005117,P-476479,Nuoc xa Closeup truyen thong,389000,6,Ke F4-01,892,2026-08-21
8930000005118,P-689704,Snack Red Bull it duong,270000,150,Ke B1-07,6,2026-09-30
8930000005119,P-595401,Sua tam Barona chai 1L,426000,64,Ke G1-06,198,2026-09-23
8930000005120,P-400748,Nuoc giat Coca Cola chai 1L,13000,89,Ke E3-06,385,2026-07-19
8930000005121,P-145561,Nuoc giat Lifebuoy hop 200g,49000,266,Ke B3-04,235,2026-07-07
8930000005122,P-895248,Dau goi Sunlight hop 200g,234000,173,Ke H3-06,269,2026-08-14
8930000005123,P-559381,Sua tuoi Coca Cola goi 85g,100000,142,Ke C4-01,381,2026-09-09
8930000005124,P-248766,Hat nem Sunlight goi 85g,282000,85,Ke K3-07,602,2026-08-13
8930000005125,P-732512,Dau goi Clear huong vi tu nhien,282000,64,Ke I4-06,529,2026-07-24
8930000005126,P-497700,Banh quy Knorr dam da,151000,15,Ke D4-04,960,2026-08-25
8930000005127,P-613731,Nuoc lau san Sting loc 4 hop,173000,58,Ke C4-02,929,2026-07-23
8930000005128,P-564531,Hat nem Sunlight can 2L,316000,33,Ke C2-04,900,2026-10-01
8930000005129,P-542417,Khan giay Colgate truyen thong,152000,155,Ke D1-03,86,2026-09-08
8930000005130,P-399628,Nuoc suoi Sunlight truyen thong,168000,174,Ke H5-01,941,2026-09-28
8930000005131,P-718337,Nuoc xa Chin-su chai 500ml,208000,203,Ke I4-03,961,2026-09-02
8930000005132,P-352528,Banh quy Coca Cola cao cap,110000,219,Ke F4-09,998,2026-09-08
8930000005133,P-773962,Nuoc giat Lifebuoy dam da,334000,194,Ke B1-05,101,2026-09-03
8930000005134,P-534130,Dau goi Red Bull can 2L,250000,199,Ke H5-06,823,2026-07-21
8930000005135,P-224205,Tuong ot Clear khong duong,371000,72,Ke E5-07,490,2026-09-06
8930000005136,P-780081,Nuoc giat Kinh Do hop 200g,218000,246,Ke F3-08,596,2026-09-18
8930000005137,P-901467,Dau an Vinamilk hop 200g,159000,176,Ke E1-03,551,2026-07-05
8930000005138,P-102593,Khan giay Maggi truyen thong,145000,157,Ke D5-09,141,2026-08-16
8930000005139,P-936866,Gia vi Sting chai 1L,295000,147,Ke B2-07,396,2026-08-02
8930000005140,P-734155,Nuoc suoi Sunsilk goi 85g,269000,223,Ke I5-07,616,2026-10-02
8930000005141,P-302500,Nuoc lau san Sunsilk can 2L,268000,222,Ke D5-02,977,2026-08-26
8930000005142,P-437211,Nuoc ngot Nescafe truyen thong,125000,170,Ke J1-05,624,2026-09-27
8930000005143,P-231939,Ca phe OMO loc 4 hop,136000,243,Ke E2-08,54,2026-08-07
8930000005144,P-516278,Dau an Aquafina loc 4 hop,142000,180,Ke C4-09,421,2026-09-25
8930000005145,P-642081,Banh quy Lay's chai 500ml,132000,240,Ke K2-09,486,2026-08-29
8930000005146,P-385470,Banh quy Sting chai 500ml,49000,130,Ke J1-05,390,2026-10-03
8930000005147,P-249375,Hat nem Sting goi 85g,89000,291,Ke A2-06,423,2026-07-29
8930000005148,P-180913,Khan giay Lay's truyen thong,61000,14,Ke I3-09,506,2026-08-03
8930000005149,P-910616,Nuoc giat Vinamilk truyen thong,243000,188,Ke A1-04,589,2026-07-12
8930000005150,P-497030,Khan giay Nam Ngu tiet kiem,310000,93,Ke F4-08,857,2026-07-17
8930000005151,P-368900,Nuoc xa Lifebuoy tiet kiem,158000,206,Ke D1-08,796,2026-08-03
8930000005152,P-945328,Mi goi G7 chai 1L,95000,213,Ke G4-09,421,2026-09-25
8930000005153,P-846490,Dau goi Maggi it duong,410000,120,Ke I4-04,810,2026-07-27
8930000005154,P-146784,Nuoc ngot Simply huong vi tu nhien,483000,106,Ke C4-03,310,2026-07-08
8930000005155,P-722571,Khan giay G7 chai 1L,158000,18,Ke J3-07,406,2026-08-18
8930000005156,P-667915,Nuoc suoi Oishi can 2L,234000,20,Ke F2-07,304,2026-08-30
8930000005157,P-187949,Hat nem Comfort loc 4 hop,497000,293,Ke K3-05,105,2026-09-17
8930000005158,P-392731,Nuoc ngot Colgate can 2L,197000,92,Ke A5-01,868,2026-09-24
8930000005159,P-320759,Nuoc mam Sunlight goi 85g,318000,132,Ke E5-03,545,2026-10-02
8930000005160,P-659399,Sua tuoi OMO cao cap,304000,88,Ke A3-04,879,2026-08-15
8930000005161,P-499749,Snack Vinamilk loc 4 hop,327000,186,Ke G5-07,633,2026-08-11
8930000005162,P-988970,Khan giay TH True Milk huong vi tu nhien,477000,45,Ke J2-04,192,2026-09-22
8930000005163,P-403915,Snack Omachi tiet kiem,156000,12,Ke E1-06,652,2026-08-06
8930000005164,P-740725,Snack G7 truyen thong,139000,79,Ke H4-09,427,2026-09-22
8930000005165,P-787926,Nuoc mam Red Bull can 2L,419000,297,Ke D2-04,244,2026-08-22
8930000005166,P-598302,Sua tam Comfort hop 200g,162000,84,Ke A1-09,274,2026-09-01
8930000005167,P-266457,Snack Sting chai 1L,496000,198,Ke B4-03,905,2026-07-22
8930000005168,P-359822,Kem danh rang TH True Milk truyen thong,215000,149,Ke B1-04,79,2026-07-27
8930000005169,P-929090,Ca phe Kinh Do cao cap,336000,254,Ke D2-07,377,2026-09-16
8930000005170,P-983788,Tuong ot Tuong An cao cap,222000,194,Ke F3-07,765,2026-09-25
8930000005171,P-799143,Dau an Comfort cao cap,412000,36,Ke D5-05,755,2026-08-12
8930000005172,P-367729,Nuoc giat Closeup khong duong,226000,138,Ke E1-02,893,2026-07-18
8930000005173,P-494609,Nuoc lau san Lay's khong duong,364000,266,Ke J1-05,695,2026-09-07
8930000005174,P-725637,Snack Nam Ngu chai 500ml,451000,139,Ke C3-07,128,2026-07-27
8930000005175,P-785611,Sua tam OMO truyen thong,334000,6,Ke H5-02,855,2026-09-02
8930000005176,P-827691,Nuoc lau san Knorr truyen thong,235000,175,Ke B2-05,793,2026-09-28
8930000005177,P-680290,Nuoc giat Closeup loc 4 hop,319000,50,Ke I3-01,383,2026-07-06
8930000005178,P-120480,Nuoc tuong Maggi khong duong,345000,138,Ke A3-06,787,2026-08-30
8930000005179,P-995304,Sua tam Lifebuoy chai 500ml,42000,72,Ke A4-01,677,2026-07-15
8930000005180,P-623850,Sua tam Hao Hao dam da,322000,183,Ke J4-04,654,2026-08-08
8930000005181,P-476417,Dau an Lavie it duong,407000,5,Ke D1-06,547,2026-08-30
8930000005182,P-807166,Dau goi Knorr it duong,497000,133,Ke E2-09,16,2026-07-07
8930000005183,P-644559,Snack Tuong An cao cap,11000,36,Ke J2-04,110,2026-07-22
8930000005184,P-635617,Kem danh rang Barona huong vi tu nhien,492000,246,Ke I4-04,15,2026-08-21
8930000005185,P-538539,Tuong ot Oishi huong vi tu nhien,437000,24,Ke D3-04,968,2026-09-10
8930000005186,P-134305,Khan giay Chin-su chai 1L,75000,17,Ke F3-06,723,2026-08-20
8930000005187,P-289592,Dau goi Comfort khong duong,457000,263,Ke E5-08,380,2026-08-15
8930000005188,P-197736,Kem danh rang Clear can 2L,282000,117,Ke D5-04,616,2026-07-21
8930000005189,P-334639,Ca phe Nam Ngu dam da,18000,184,Ke B5-09,520,2026-08-19
8930000005190,P-873422,Nuoc giat Nescafe can 2L,274000,100,Ke I1-06,493,2026-09-10
8930000005191,P-907455,Nuoc lau san Simply hop 200g,231000,270,Ke D1-02,574,2026-07-18
8930000005192,P-757694,Nuoc tuong Pepsi chai 500ml,326000,272,Ke E4-01,852,2026-08-07
8930000005193,P-137778,Ca phe Lavie chai 1L,83000,168,Ke K4-08,3,2026-09-07
8930000005194,P-890870,Nuoc mam Sting dam da,483000,278,Ke K5-08,365,2026-07-29
8930000005195,P-438548,Nuoc giat Comfort chai 500ml,30000,287,Ke A2-01,497,2026-08-21
8930000005196,P-947458,Dau an TH True Milk loc 4 hop,207000,29,Ke H3-04,594,2026-10-01
8930000005197,P-106402,Dau goi Comfort loc 4 hop,473000,277,Ke E4-08,194,2026-07-17
8930000005198,P-624344,Nuoc mam TH True Milk khong duong,155000,135,Ke E1-08,241,2026-07-14
8930000005199,P-593821,Nuoc ngot Oishi can 2L,44000,282,Ke K5-01,123,2026-09-25
8930000005200,P-662761,Nuoc mam TH True Milk tiet kiem,103000,208,Ke H2-02,752,2026-08-14
8930000005201,P-769989,Khan giay OMO cao cap,132000,69,Ke G1-07,425,2026-07-11
8930000005202,P-657101,Sua tam Tuong An can 2L,36000,19,Ke H5-04,354,2026-09-10
8930000005203,P-456005,Nuoc giat Lavie chai 1L,190000,74,Ke A5-04,108,2026-07-08
8930000005204,P-476695,Tuong ot Vinamilk cao cap,5000,43,Ke G1-09,226,2026-09-11
8930000005205,P-943409,Mi goi Lavie khong duong,294000,28,Ke A4-05,71,2026-08-15
8930000005206,P-502824,Dau goi Lifebuoy truyen thong,140000,112,Ke A5-07,24,2026-08-27
8930000005207,P-718439,Dau an Nescafe cao cap,123000,54,Ke G4-03,217,2026-09-17
8930000005208,P-694849,Ca phe Coca Cola truyen thong,132000,148,Ke H1-01,389,2026-09-27
8930000005209,P-155004,Dau goi TH True Milk chai 1L,235000,126,Ke H4-09,544,2026-07-16
8930000005210,P-548906,Nuoc mam Kinh Do loc 4 hop,65000,283,Ke B1-01,470,2026-09-13
8930000005211,P-836996,Khan giay Vinamilk goi 85g,341000,136,Ke H5-09,737,2026-09-28
8930000005212,P-543555,Nuoc ngot Colgate dam da,236000,36,Ke F4-05,476,2026-07-14
8930000005213,P-630299,Sua tam Clear chai 500ml,279000,194,Ke H3-08,606,2026-10-01
8930000005214,P-546688,Hat nem OMO truyen thong,118000,209,Ke K4-06,648,2026-07-20
8930000005215,P-984642,Nuoc suoi Sunsilk can 2L,480000,47,Ke A5-04,760,2026-08-03
8930000005216,P-975373,Nuoc lau san Knorr goi 85g,369000,210,Ke F2-04,789,2026-09-28
8930000005217,P-587002,Nuoc tuong Vinamilk loc 4 hop,164000,114,Ke D3-04,25,2026-08-31
8930000005218,P-563711,Khan giay Comfort goi 85g,92000,18,Ke H1-01,24,2026-09-14
8930000005219,P-574843,Dau goi Sunsilk can 2L,181000,177,Ke E4-06,207,2026-07-05
8930000005220,P-448005,Khan giay Pepsi tiet kiem,151000,50,Ke G2-09,142,2026-08-21
8930000005221,P-526911,Mi goi Hao Hao can 2L,440000,77,Ke K2-01,197,2026-08-20
8930000005222,P-661023,Nuoc lau san Chin-su dam da,246000,94,Ke G2-04,886,2026-09-30
8930000005223,P-130094,Nuoc tuong Sunsilk huong vi tu nhien,403000,137,Ke I1-09,910,2026-07-07
8930000005224,P-474486,Nuoc lau san Lifebuoy chai 1L,453000,45,Ke B2-06,514,2026-10-01
8930000005225,P-200979,Ca phe Knorr truyen thong,453000,123,Ke A4-06,697,2026-08-05
8930000005226,P-615276,Nuoc xa Omachi dam da,54000,73,Ke H1-07,528,2026-09-20
8930000005227,P-685941,Sua tuoi Oishi goi 85g,463000,53,Ke K4-07,921,2026-08-10
8930000005228,P-570392,Hat nem Barona chai 500ml,68000,48,Ke F2-07,495,2026-09-08
8930000005229,P-262060,Nuoc giat Hao Hao dam da,9000,236,Ke A4-09,420,2026-07-28
8930000005230,P-859587,Sua tam Tuong An chai 1L,380000,162,Ke B3-08,907,2026-09-03
8930000005231,P-558933,Kem danh rang Sunlight hop 200g,433000,164,Ke G5-06,196,2026-07-14
8930000005232,P-836038,Nuoc giat Knorr khong duong,178000,93,Ke F4-08,947,2026-08-16
8930000005233,P-536802,Nuoc tuong Oishi hop 200g,330000,256,Ke H2-06,90,2026-08-15
8930000005234,P-529399,Dau goi TH True Milk it duong,374000,87,Ke K2-08,757,2026-09-30
8930000005235,P-407835,Nuoc ngot Tuong An cao cap,373000,13,Ke J3-01,695,2026-08-08
8930000005236,P-221531,Mi goi Aquafina cao cap,396000,54,Ke J5-07,745,2026-07-10
8930000005237,P-480992,Hat nem Omachi it duong,32000,162,Ke H4-03,344,2026-07-20
8930000005238,P-675462,Sua tam Kinh Do truyen thong,49000,190,Ke K5-06,703,2026-07-08
8930000005239,P-971699,Hat nem Simply tiet kiem,401000,263,Ke E1-07,128,2026-07-08
8930000005240,P-725084,Gia vi Closeup tiet kiem,11000,227,Ke C5-09,89,2026-08-23
8930000005241,P-875959,Sua tam Coca Cola huong vi tu nhien,341000,103,Ke A5-09,59,2026-08-20
8930000005242,P-207282,Mi goi Colgate goi 85g,113000,139,Ke D3-04,417,2026-09-02
8930000005243,P-566509,Snack Pepsi goi 85g,34000,272,Ke H4-04,291,2026-08-02
8930000005244,P-201836,Dau an Knorr truyen thong,136000,53,Ke G4-07,147,2026-09-21
8930000005245,P-159645,Nuoc tuong Red Bull truyen thong,151000,128,Ke A5-07,292,2026-08-01
8930000005246,P-905967,Ca phe Omachi hop 200g,330000,107,Ke C4-09,241,2026-08-26
8930000005247,P-837801,Nuoc lau san Red Bull huong vi tu nhien,312000,93,Ke J3-02,430,2026-07-09
8930000005248,P-322096,Nuoc mam Nescafe truyen thong,304000,25,Ke I3-06,271,2026-07-28
8930000005249,P-229221,Dau an Coca Cola khong duong,227000,249,Ke D2-02,882,2026-09-10
8930000005250,P-347781,Snack G7 dam da,69000,291,Ke H4-07,228,2026-08-30
8930000005251,P-141797,Sua tuoi Tuong An tiet kiem,56000,231,Ke E3-08,435,2026-08-21
8930000005252,P-468154,Nuoc mam Sunlight tiet kiem,69000,160,Ke G5-07,528,2026-08-22
8930000005253,P-494322,Nuoc ngot Pepsi hop 200g,94000,39,Ke H3-02,472,2026-09-20
8930000005254,P-806013,Hat nem Aquafina truyen thong,339000,78,Ke K5-05,335,2026-08-31
8930000005255,P-444625,Nuoc giat Vinamilk truyen thong,323000,172,Ke A1-06,824,2026-08-08
8930000005256,P-525556,Nuoc suoi Closeup chai 500ml,366000,274,Ke A4-07,429,2026-08-25
8930000005257,P-763829,Nuoc tuong Sting goi 85g,155000,63,Ke D5-04,121,2026-09-11
8930000005258,P-396809,Nuoc giat Pepsi huong vi tu nhien,256000,279,Ke D2-06,621,2026-08-28
8930000005259,P-525146,Nuoc tuong Chin-su cao cap,472000,70,Ke E3-03,293,2026-07-26
8930000005260,P-301603,Nuoc tuong Hao Hao chai 1L,449000,12,Ke K2-06,826,2026-09-02
8930000005261,P-718975,Ca phe Hao Hao can 2L,220000,185,Ke E4-02,826,2026-08-31
8930000005262,P-903506,Nuoc ngot Hao Hao cao cap,395000,60,Ke A1-05,689,2026-08-05
8930000005263,P-706739,Hat nem Oishi cao cap,341000,45,Ke K2-09,839,2026-07-12
8930000005264,P-341288,Hat nem OMO chai 500ml,269000,133,Ke E5-01,690,2026-09-21
8930000005265,P-372315,Dau an Sting can 2L,40000,74,Ke H4-02,936,2026-08-23
8930000005266,P-940064,Dau goi Colgate goi 85g,176000,104,Ke J1-02,697,2026-08-07
8930000005267,P-237579,Ca phe Tuong An can 2L,294000,134,Ke A5-01,672,2026-09-09
8930000005268,P-188425,Sua tuoi OMO tiet kiem,500000,280,Ke J2-03,579,2026-07-14
8930000005269,P-669605,Banh quy Sunlight chai 1L,136000,54,Ke J5-07,333,2026-07-24
8930000005270,P-257212,Ca phe TH True Milk khong duong,358000,294,Ke D4-07,257,2026-08-23
8930000005271,P-489906,Dau an Comfort chai 1L,330000,168,Ke I4-03,537,2026-10-02
8930000005272,P-733553,Nuoc mam Simply goi 85g,452000,202,Ke F4-03,423,2026-09-28
8930000005273,P-594241,Sua tuoi Nescafe huong vi tu nhien,189000,283,Ke A1-09,786,2026-07-25
8930000005274,P-492408,Nuoc lau san Vinamilk huong vi tu nhien,360000,131,Ke A1-06,950,2026-09-09
8930000005275,P-732958,Nuoc giat Nescafe khong duong,282000,208,Ke I4-03,804,2026-07-12
8930000005276,P-838761,Dau an TH True Milk tiet kiem,100000,10,Ke H1-01,879,2026-07-26
8930000005277,P-423232,Mi goi Maggi tiet kiem,220000,297,Ke C2-04,894,2026-07-05
8930000005278,P-434217,Gia vi Sting chai 1L,486000,205,Ke C1-06,275,2026-09-25
8930000005279,P-572436,Kem danh rang Sunlight truyen thong,37000,292,Ke A4-01,858,2026-07-09
8930000005280,P-946335,Dau an Sting truyen thong,71000,90,Ke J3-03,678,2026-07-24
8930000005281,P-743852,Sua tam Nam Ngu chai 500ml,278000,126,Ke E5-03,720,2026-08-15
8930000005282,P-207573,Tuong ot Nescafe hop 200g,397000,281,Ke H3-06,359,2026-07-18
8930000005283,P-705393,Mi goi TH True Milk hop 200g,75000,122,Ke D3-06,869,2026-07-28
8930000005284,P-716113,Nuoc lau san Aquafina can 2L,435000,81,Ke I2-05,409,2026-07-12
8930000005285,P-220116,Tuong ot Colgate goi 85g,420000,54,Ke G1-01,358,2026-08-23
8930000005286,P-825916,Nuoc tuong Red Bull chai 500ml,109000,14,Ke K2-07,88,2026-08-30
8930000005287,P-221620,Gia vi Lay's cao cap,391000,34,Ke K5-05,66,2026-08-10
8930000005288,P-950132,Nuoc giat Oishi chai 500ml,324000,85,Ke K1-03,475,2026-07-19
8930000005289,P-649577,Nuoc lau san Lay's cao cap,377000,54,Ke E3-05,944,2026-07-26
8930000005290,P-191208,Mi goi OMO dam da,290000,66,Ke H2-09,286,2026-08-21
8930000005291,P-913920,Nuoc lau san Knorr goi 85g,381000,252,Ke E5-05,43,2026-09-28
8930000005292,P-392099,Gia vi Sunlight khong duong,218000,99,Ke I5-07,354,2026-07-26
8930000005293,P-691380,Sua tuoi Maggi can 2L,339000,99,Ke A1-09,653,2026-07-11
8930000005294,P-327900,Sua tuoi Aquafina can 2L,413000,15,Ke B5-08,292,2026-09-07
8930000005295,P-488712,Snack Sting chai 500ml,354000,80,Ke K5-03,338,2026-08-20
8930000005296,P-971482,Kem danh rang Sunlight cao cap,218000,261,Ke A5-05,434,2026-07-19
8930000005297,P-431737,Sua tuoi Vinamilk dam da,176000,292,Ke B2-04,389,2026-09-14
8930000005298,P-946432,Nuoc suoi Lifebuoy khong duong,153000,151,Ke H1-01,138,2026-08-20
8930000005299,P-649435,Nuoc ngot Oishi truyen thong,23000,206,Ke K4-03,315,2026-07-07
8930000005300,P-121215,Nuoc suoi Sunsilk chai 1L,28000,189,Ke H4-03,857,2026-08-28
8930000005301,P-764406,Nuoc tuong Red Bull can 2L,150000,239,Ke G2-01,966,2026-07-08
8930000005302,P-629247,Nuoc tuong Nam Ngu chai 500ml,228000,72,Ke K5-01,967,2026-07-16
8930000005303,P-167064,Nuoc ngot Sunlight tiet kiem,348000,34,Ke A4-04,273,2026-07-13
8930000005304,P-897730,Nuoc giat Knorr cao cap,397000,46,Ke I1-05,910,2026-09-16
8930000005305,P-885734,Banh quy Closeup khong duong,83000,104,Ke A3-08,896,2026-08-20
8930000005306,P-578368,Nuoc giat Simply it duong,400000,226,Ke I2-09,869,2026-08-03
8930000005307,P-354200,Dau goi Aquafina can 2L,187000,187,Ke F2-06,521,2026-08-12
8930000005308,P-913848,Nuoc tuong Lavie chai 1L,451000,281,Ke F1-07,780,2026-08-15
8930000005309,P-676510,Nuoc suoi G7 can 2L,271000,90,Ke K4-05,895,2026-07-30
8930000005310,P-344907,Nuoc xa Hao Hao it duong,26000,31,Ke A2-06,360,2026-08-31
8930000005311,P-178957,Dau goi Colgate loc 4 hop,177000,132,Ke D3-08,636,2026-07-30
8930000005312,P-319553,Kem danh rang Omachi hop 200g,138000,265,Ke E3-08,6,2026-08-28
8930000005313,P-425845,Nuoc ngot Lifebuoy truyen thong,162000,195,Ke A3-07,217,2026-09-08
8930000005314,P-588983,Nuoc xa TH True Milk chai 1L,311000,176,Ke K1-02,535,2026-09-20
8930000005315,P-291663,Gia vi Coca Cola cao cap,64000,106,Ke I4-06,670,2026-07-17
8930000005316,P-365015,Kem danh rang Lavie hop 200g,146000,88,Ke C5-09,961,2026-09-20
8930000005317,P-430201,Tuong ot Simply cao cap,80000,152,Ke B5-08,867,2026-08-05
8930000005318,P-608149,Mi goi Kinh Do goi 85g,5000,60,Ke G4-08,301,2026-09-09
8930000005319,P-433955,Dau goi TH True Milk loc 4 hop,282000,6,Ke J5-06,618,2026-09-14
8930000005320,P-354533,Nuoc giat Hao Hao loc 4 hop,117000,217,Ke J3-08,258,2026-07-18
8930000005321,P-299140,Tuong ot Colgate loc 4 hop,400000,250,Ke G5-09,596,2026-09-06
8930000005322,P-592085,Nuoc lau san Pepsi dam da,203000,51,Ke I4-08,392,2026-08-25
8930000005323,P-475691,Snack G7 cao cap,31000,281,Ke E2-02,808,2026-07-16
8930000005324,P-688967,Sua tam Colgate chai 500ml,86000,39,Ke H5-01,655,2026-09-30
8930000005325,P-618392,Snack Nam Ngu cao cap,36000,73,Ke G1-06,326,2026-07-06
8930000005326,P-499385,Nuoc xa Knorr huong vi tu nhien,74000,277,Ke E3-06,550,2026-08-08
8930000005327,P-273021,Sua tam Oishi chai 500ml,194000,294,Ke B2-07,528,2026-09-22
8930000005328,P-479625,Hat nem TH True Milk can 2L,268000,128,Ke H2-02,800,2026-07-29
8930000005329,P-114835,Hat nem Aquafina hop 200g,473000,162,Ke B2-04,783,2026-08-31
8930000005330,P-138842,Snack Oishi truyen thong,91000,108,Ke C3-09,57,2026-09-10
8930000005331,P-381819,Ca phe Aquafina chai 500ml,431000,260,Ke B1-07,183,2026-07-06
8930000005332,P-591147,Nuoc giat Tuong An tiet kiem,109000,175,Ke B3-03,526,2026-08-12
8930000005333,P-321960,Tuong ot Omachi can 2L,361000,33,Ke C2-02,475,2026-09-01
8930000005334,P-392477,Banh quy Omachi goi 85g,383000,43,Ke A4-01,799,2026-07-15
8930000005335,P-227257,Nuoc xa Coca Cola it duong,428000,156,Ke E2-04,286,2026-07-08
8930000005336,P-517375,Sua tam Vinamilk khong duong,335000,197,Ke D2-06,407,2026-08-29
8930000005337,P-824042,Mi goi Lifebuoy chai 1L,329000,96,Ke J5-08,38,2026-09-12
8930000005338,P-717942,Snack Omachi dam da,187000,50,Ke E2-06,874,2026-09-21
8930000005339,P-751168,Nuoc xa Omachi cao cap,104000,200,Ke I3-01,269,2026-07-11
8930000005340,P-845702,Ca phe Nescafe chai 500ml,89000,203,Ke A2-04,341,2026-08-28
8930000005341,P-102689,Nuoc xa Omachi khong duong,134000,23,Ke F3-04,46,2026-08-13
8930000005342,P-236878,Mi goi Hao Hao it duong,316000,13,Ke A3-06,671,2026-07-28
8930000005343,P-462544,Khan giay Omachi can 2L,189000,89,Ke D3-01,518,2026-08-02
8930000005344,P-891083,Banh quy Sunsilk chai 500ml,217000,292,Ke K2-04,342,2026-08-18
8930000005345,P-436272,Kem danh rang Coca Cola it duong,263000,194,Ke J5-02,538,2026-09-14
8930000005346,P-267666,Nuoc tuong Tuong An it duong,316000,293,Ke H3-09,809,2026-08-15
8930000005347,P-877236,Gia vi Nescafe huong vi tu nhien,25000,181,Ke F4-04,845,2026-09-08
8930000005348,P-340977,Nuoc lau san Vinamilk can 2L,322000,69,Ke G4-01,591,2026-07-09
8930000005349,P-863119,Ca phe Vinamilk loc 4 hop,131000,238,Ke F1-02,465,2026-08-24
8930000005350,P-465227,Sua tuoi Lavie chai 1L,350000,205,Ke F3-09,609,2026-07-17
8930000005351,P-193670,Banh quy Colgate chai 1L,168000,278,Ke G5-08,886,2026-09-16
8930000005352,P-201400,Nuoc mam Nam Ngu khong duong,151000,98,Ke A3-04,18,2026-09-26
8930000005353,P-195841,Dau goi Simply truyen thong,35000,298,Ke B1-07,873,2026-07-23
8930000005354,P-480959,Nuoc xa Comfort dam da,381000,131,Ke G2-06,605,2026-09-23
8930000005355,P-614646,Mi goi Sunlight loc 4 hop,370000,80,Ke A2-09,407,2026-09-20
8930000005356,P-258189,Dau an Comfort khong duong,113000,85,Ke I4-02,276,2026-10-03
8930000005357,P-430463,Dau an Colgate loc 4 hop,479000,173,Ke E2-03,267,2026-07-19
8930000005358,P-280564,Dau an Chin-su loc 4 hop,125000,16,Ke C2-03,792,2026-07-06
8930000005359,P-907921,Banh quy Vinamilk huong vi tu nhien,52000,102,Ke C4-09,960,2026-07-18
8930000005360,P-303586,Nuoc mam Nescafe cao cap,347000,87,Ke E2-06,62,2026-07-13
8930000005361,P-380439,Gia vi Comfort can 2L,293000,54,Ke D3-04,777,2026-09-13
8930000005362,P-850689,Khan giay Lavie chai 1L,62000,253,Ke G2-05,915,2026-07-06
8930000005363,P-423256,Nuoc lau san Tuong An chai 1L,379000,254,Ke G3-01,921,2026-07-27
8930000005364,P-913608,Khan giay Sunlight can 2L,237000,190,Ke D4-02,926,2026-08-29
8930000005365,P-207458,Sua tuoi Nescafe it duong,3000,243,Ke A5-01,401,2026-09-02
8930000005366,P-641058,Hat nem Coca Cola huong vi tu nhien,68000,253,Ke D1-06,433,2026-08-04
8930000005367,P-696251,Nuoc mam Pepsi dam da,253000,106,Ke G2-03,298,2026-08-23
8930000005368,P-898207,Khan giay Closeup goi 85g,295000,245,Ke H4-04,556,2026-09-10
8930000005369,P-656711,Ca phe Nam Ngu goi 85g,82000,37,Ke E4-03,608,2026-09-13
8930000005370,P-106687,Nuoc mam Chin-su khong duong,487000,276,Ke D2-09,738,2026-09-23
8930000005371,P-493580,Tuong ot G7 chai 500ml,93000,88,Ke D3-01,394,2026-09-15
8930000005372,P-816289,Nuoc xa Closeup huong vi tu nhien,397000,154,Ke A1-05,306,2026-09-24
8930000005373,P-575470,Nuoc mam Knorr chai 500ml,476000,87,Ke C5-03,257,2026-08-17
8930000005374,P-708717,Dau goi Sting cao cap,16000,272,Ke K5-04,589,2026-07-05
8930000005375,P-519902,Hat nem Maggi truyen thong,332000,183,Ke A3-07,930,2026-09-13
8930000005376,P-133223,Khan giay Lifebuoy it duong,103000,240,Ke E1-06,945,2026-09-08
8930000005377,P-252387,Snack Nescafe tiet kiem,375000,124,Ke D5-08,520,2026-07-13
8930000005378,P-323589,Gia vi Aquafina tiet kiem,322000,45,Ke J1-06,248,2026-09-29
8930000005379,P-734487,Gia vi Colgate truyen thong,140000,179,Ke I4-06,584,2026-08-20
8930000005380,P-297370,Banh quy G7 truyen thong,97000,181,Ke H2-04,186,2026-07-06
8930000005381,P-908274,Tuong ot Vinamilk huong vi tu nhien,249000,7,Ke I4-02,570,2026-08-09
8930000005382,P-917710,Khan giay Comfort loc 4 hop,260000,157,Ke G4-05,477,2026-07-15
8930000005383,P-830729,Kem danh rang Chin-su truyen thong,320000,55,Ke E5-04,757,2026-08-18
8930000005384,P-489439,Dau goi Sunlight chai 500ml,24000,289,Ke K4-03,680,2026-09-16
8930000005385,P-309267,Nuoc giat Sunlight cao cap,3000,93,Ke F2-06,822,2026-07-14
8930000005386,P-871939,Nuoc suoi Maggi cao cap,55000,61,Ke K1-06,363,2026-08-12
8930000005387,P-685864,Nuoc mam Colgate loc 4 hop,39000,78,Ke G4-08,430,2026-07-13
8930000005388,P-483162,Nuoc lau san Vinamilk tiet kiem,334000,296,Ke E1-06,582,2026-08-13
8930000005389,P-289630,Ca phe Red Bull huong vi tu nhien,130000,107,Ke G3-03,861,2026-08-28
8930000005390,P-254850,Snack Sunsilk it duong,369000,84,Ke A4-06,277,2026-09-05
8930000005391,P-478496,Dau an Pepsi cao cap,37000,156,Ke D3-01,712,2026-07-10
8930000005392,P-261684,Tuong ot Red Bull dam da,179000,81,Ke E2-02,44,2026-07-18
8930000005393,P-356059,Mi goi Lavie cao cap,434000,215,Ke I2-01,633,2026-08-18
8930000005394,P-917012,Hat nem Clear dam da,385000,100,Ke C3-03,755,2026-08-13
8930000005395,P-551344,Nuoc suoi Oishi can 2L,147000,229,Ke I4-01,445,2026-08-08
8930000005396,P-343962,Dau goi Knorr loc 4 hop,86000,264,Ke G2-01,477,2026-07-11
8930000005397,P-631971,Sua tuoi Sting goi 85g,43000,25,Ke B1-02,138,2026-08-27
8930000005398,P-775960,Ca phe G7 tiet kiem,7000,195,Ke G5-05,965,2026-09-17
8930000005399,P-194423,Nuoc ngot Hao Hao truyen thong,263000,251,Ke E5-01,26,2026-08-29
8930000005400,P-922405,Nuoc suoi Oishi dam da,426000,32,Ke K1-08,173,2026-07-06
8930000005401,P-651033,Tuong ot Lifebuoy dam da,377000,155,Ke J2-01,290,2026-07-23
8930000005402,P-353542,Khan giay Nam Ngu huong vi tu nhien,368000,217,Ke E1-05,87,2026-09-17
8930000005403,P-513224,Mi goi TH True Milk can 2L,23000,145,Ke K2-02,29,2026-08-20
8930000005404,P-956156,Kem danh rang OMO huong vi tu nhien,114000,50,Ke F5-09,466,2026-07-25
8930000005405,P-312616,Snack TH True Milk chai 1L,215000,12,Ke G4-06,663,2026-09-19
8930000005406,P-321476,Nuoc suoi Hao Hao loc 4 hop,270000,121,Ke F1-06,412,2026-10-01
8930000005407,P-164633,Gia vi Aquafina dam da,139000,72,Ke H4-01,701,2026-09-14
8930000005408,P-958729,Mi goi Lavie tiet kiem,120000,281,Ke G1-02,987,2026-08-22
8930000005409,P-557007,Nuoc ngot Hao Hao dam da,467000,227,Ke C4-02,262,2026-09-07
8930000005410,P-770864,Kem danh rang Lay's it duong,137000,62,Ke A4-02,662,2026-08-11
8930000005411,P-584125,Snack Vinamilk cao cap,133000,260,Ke C3-06,220,2026-09-18
8930000005412,P-664107,Banh quy Red Bull it duong,258000,43,Ke C2-01,449,2026-09-15
8930000005413,P-700067,Snack Clear huong vi tu nhien,282000,161,Ke F2-05,948,2026-10-01
8930000005414,P-202972,Nuoc tuong G7 chai 1L,371000,22,Ke J4-03,325,2026-09-04
8930000005415,P-607259,Hat nem Pepsi huong vi tu nhien,53000,12,Ke J5-04,800,2026-09-24
8930000005416,P-844858,Gia vi Hao Hao tiet kiem,364000,142,Ke A1-09,117,2026-09-12
8930000005417,P-354377,Khan giay Sting truyen thong,59000,74,Ke K2-09,533,2026-08-07
8930000005418,P-842470,Ca phe Clear dam da,174000,136,Ke J2-06,271,2026-07-14
8930000005419,P-679958,Tuong ot Knorr truyen thong,172000,27,Ke C4-07,266,2026-07-13
8930000005420,P-543481,Nuoc mam Red Bull it duong,275000,226,Ke K5-07,860,2026-08-09
8930000005421,P-205797,Nuoc suoi Nescafe dam da,452000,47,Ke A3-02,975,2026-09-12
8930000005422,P-771652,Gia vi Colgate truyen thong,72000,244,Ke C3-04,19,2026-08-10
8930000005423,P-712451,Nuoc xa Red Bull can 2L,319000,269,Ke D4-08,469,2026-07-31
8930000005424,P-108602,Mi goi Vinamilk can 2L,4000,266,Ke C3-01,515,2026-07-17
8930000005425,P-443848,Hat nem Colgate chai 500ml,45000,117,Ke D1-06,465,2026-07-22
8930000005426,P-214928,Nuoc mam TH True Milk goi 85g,95000,132,Ke G4-02,848,2026-07-05
8930000005427,P-597126,Dau goi Colgate khong duong,11000,47,Ke H2-06,751,2026-09-19
8930000005428,P-179710,Dau an Coca Cola cao cap,434000,210,Ke A5-07,973,2026-07-20
8930000005429,P-389854,Sua tam Sunsilk dam da,47000,15,Ke I3-01,689,2026-09-03
8930000005430,P-544150,Khan giay Vinamilk truyen thong,293000,97,Ke K4-07,919,2026-08-03
8930000005431,P-661762,Tuong ot Sunsilk chai 1L,13000,275,Ke G2-04,223,2026-07-21
8930000005432,P-944565,Khan giay Colgate chai 500ml,25000,205,Ke G4-08,438,2026-10-02
8930000005433,P-382870,Snack Aquafina huong vi tu nhien,272000,18,Ke K1-06,851,2026-09-27
8930000005434,P-902616,Khan giay TH True Milk goi 85g,114000,27,Ke G5-03,369,2026-09-27
8930000005435,P-335552,Gia vi Sunsilk goi 85g,427000,23,Ke F3-07,950,2026-08-27
8930000005436,P-286266,Ca phe OMO dam da,302000,298,Ke E1-03,267,2026-09-06
8930000005437,P-259797,Sua tam Kinh Do chai 1L,27000,195,Ke A2-01,450,2026-08-13
8930000005438,P-508489,Mi goi Oishi dam da,393000,263,Ke B3-09,215,2026-08-12
8930000005439,P-139434,Nuoc xa G7 loc 4 hop,315000,12,Ke D2-02,460,2026-08-08
8930000005440,P-777737,Nuoc suoi Oishi truyen thong,50000,65,Ke H4-08,340,2026-08-17
8930000005441,P-327797,Sua tuoi Lifebuoy cao cap,407000,25,Ke E2-08,347,2026-07-13
8930000005442,P-943349,Tuong ot Clear dam da,173000,233,Ke F2-03,635,2026-08-23
8930000005443,P-720859,Banh quy Lifebuoy goi 85g,129000,291,Ke G1-04,969,2026-07-21
8930000005444,P-596249,Banh quy Nam Ngu chai 1L,256000,154,Ke I4-08,870,2026-08-18
8930000005445,P-655736,Dau goi Red Bull chai 500ml,439000,109,Ke F1-06,254,2026-08-31
8930000005446,P-282256,Nuoc xa Knorr it duong,309000,74,Ke H1-09,107,2026-09-12
8930000005447,P-162804,Banh quy Sting goi 85g,25000,18,Ke D4-09,91,2026-10-03
8930000005448,P-148823,Nuoc ngot Vinamilk it duong,327000,78,Ke A5-03,867,2026-09-03
8930000005449,P-156213,Nuoc suoi Barona dam da,419000,212,Ke A5-01,590,2026-08-05
8930000005450,P-745584,Kem danh rang Red Bull truyen thong,269000,278,Ke F1-07,408,2026-09-23
8930000005451,P-558752,Gia vi Vinamilk can 2L,453000,207,Ke E3-05,917,2026-07-19
8930000005452,P-344098,Banh quy Tuong An it duong,404000,152,Ke K4-02,444,2026-07-13
8930000005453,P-581894,Dau an Omachi truyen thong,89000,243,Ke H2-07,107,2026-10-01
8930000005454,P-908688,Snack Tuong An tiet kiem,334000,24,Ke C4-01,763,2026-09-10
8930000005455,P-288803,Nuoc lau san Colgate loc 4 hop,438000,216,Ke F3-03,924,2026-09-22
8930000005456,P-713799,Nuoc lau san Oishi chai 500ml,199000,281,Ke I4-05,894,2026-07-16
8930000005457,P-703171,Gia vi Maggi it duong,438000,103,Ke K5-08,281,2026-08-19
8930000005458,P-911801,Tuong ot Maggi hop 200g,496000,37,Ke I1-03,238,2026-07-26
8930000005459,P-552917,Ca phe Nescafe can 2L,213000,48,Ke K3-05,261,2026-09-05
8930000005460,P-383062,Hat nem Closeup cao cap,396000,230,Ke D4-01,635,2026-09-26
8930000005461,P-332335,Nuoc lau san Lavie can 2L,176000,119,Ke H5-05,453,2026-08-14
8930000005462,P-605937,Tuong ot Hao Hao goi 85g,369000,116,Ke K3-03,727,2026-07-22
8930000005463,P-548479,Sua tuoi Vinamilk khong duong,149000,89,Ke K4-09,959,2026-08-21
8930000005464,P-567773,Nuoc mam Sunlight it duong,154000,209,Ke K1-06,71,2026-09-13
8930000005465,P-236384,Nuoc ngot Sunsilk chai 1L,254000,211,Ke A5-07,45,2026-09-22
8930000005466,P-678478,Sua tuoi Coca Cola chai 1L,450000,167,Ke I5-08,514,2026-07-09
8930000005467,P-236306,Nuoc mam Lifebuoy loc 4 hop,69000,194,Ke G3-09,133,2026-07-22
8930000005468,P-412848,Tuong ot Nescafe chai 500ml,131000,26,Ke K3-05,641,2026-08-21
8930000005469,P-234159,Sua tuoi Lifebuoy it duong,454000,299,Ke I4-04,539,2026-09-08
8930000005470,P-863187,Nuoc suoi Coca Cola chai 1L,311000,16,Ke I1-05,301,2026-07-18
8930000005471,P-993021,Nuoc lau san Coca Cola huong vi tu nhien,73000,212,Ke F2-03,703,2026-07-24
8930000005472,P-926097,Hat nem Sunlight dam da,179000,108,Ke A4-01,477,2026-07-19
8930000005473,P-947228,Nuoc ngot Lay's huong vi tu nhien,410000,154,Ke I4-09,435,2026-10-01
8930000005474,P-862491,Mi goi Aquafina huong vi tu nhien,266000,120,Ke D3-06,72,2026-09-11
8930000005475,P-748564,Khan giay G7 khong duong,311000,133,Ke F3-02,520,2026-09-07
8930000005476,P-912270,Tuong ot Sunsilk can 2L,289000,271,Ke B3-08,770,2026-07-05
8930000005477,P-373812,Ca phe Omachi chai 500ml,15000,239,Ke E2-09,864,2026-09-16
8930000005478,P-130401,Banh quy Comfort it duong,307000,187,Ke K1-01,453,2026-07-30
8930000005479,P-237377,Sua tam Sting can 2L,446000,175,Ke F1-01,795,2026-08-23
8930000005480,P-386193,Tuong ot Clear chai 500ml,250000,201,Ke A2-07,879,2026-08-07
8930000005481,P-530764,Tuong ot Nam Ngu chai 1L,37000,142,Ke C3-08,287,2026-09-23
8930000005482,P-702833,Kem danh rang Sunsilk dam da,428000,227,Ke D2-06,447,2026-08-11
8930000005483,P-759104,Mi goi Colgate loc 4 hop,263000,85,Ke E2-07,308,2026-07-26
8930000005484,P-950069,Snack Kinh Do can 2L,273000,87,Ke H3-08,485,2026-09-08
8930000005485,P-221761,Banh quy Sunsilk chai 1L,37000,138,Ke G1-02,504,2026-07-10
8930000005486,P-901619,Nuoc suoi Sunsilk dam da,307000,198,Ke E1-01,62,2026-07-20
8930000005487,P-387748,Dau an Lavie chai 1L,349000,266,Ke D3-07,848,2026-09-17
8930000005488,P-983532,Nuoc giat G7 it duong,323000,290,Ke H4-08,391,2026-08-22
8930000005489,P-986846,Nuoc suoi Vinamilk khong duong,117000,157,Ke H1-05,352,2026-09-19
8930000005490,P-731650,Tuong ot Sting loc 4 hop,340000,8,Ke C5-03,428,2026-08-19
8930000005491,P-799080,Sua tam Lavie khong duong,294000,119,Ke K4-08,370,2026-08-15
8930000005492,P-151685,Nuoc mam Sting chai 500ml,392000,133,Ke F3-01,239,2026-08-25
8930000005493,P-624203,Gia vi Colgate goi 85g,390000,298,Ke D5-08,369,2026-07-16
8930000005494,P-975297,Kem danh rang Lavie it duong,207000,157,Ke K2-03,702,2026-09-27
8930000005495,P-960556,Gia vi Tuong An can 2L,20000,174,Ke E3-08,886,2026-08-14
8930000005496,P-916990,Kem danh rang G7 truyen thong,360000,107,Ke J1-02,967,2026-07-24
8930000005497,P-157030,Nuoc giat Coca Cola tiet kiem,356000,89,Ke H1-05,878,2026-09-03
8930000005498,P-449555,Nuoc lau san Nescafe chai 500ml,466000,80,Ke I4-02,871,2026-08-19
8930000005499,P-440677,Nuoc lau san Simply loc 4 hop,336000,141,Ke D1-03,842,2026-07-21
8930000005500,P-251981,Khan giay Lifebuoy cao cap,241000,127,Ke I3-05,276,2026-09-11
8930000005501,P-503457,Nuoc suoi TH True Milk khong duong,318000,137,Ke I1-05,715,2026-08-10
8930000005502,P-104548,Nuoc lau san G7 chai 1L,362000,290,Ke K5-01,552,2026-08-07
8930000005503,P-875232,Dau goi Nam Ngu loc 4 hop,483000,94,Ke H2-05,449,2026-08-05
8930000005504,P-831160,Nuoc ngot Hao Hao chai 500ml,231000,286,Ke H2-08,800,2026-07-27
8930000005505,P-672896,Mi goi Lavie chai 1L,65000,211,Ke C1-08,216,2026-08-16
8930000005506,P-546915,Nuoc xa Sunlight dam da,123000,275,Ke H2-02,298,2026-10-01
8930000005507,P-923892,Tuong ot Maggi dam da,294000,65,Ke G4-07,887,2026-09-18
8930000005508,P-899407,Sua tam Chin-su loc 4 hop,385000,208,Ke J5-09,740,2026-07-22
8930000005509,P-132498,Sua tam Red Bull chai 1L,91000,43,Ke I2-03,319,2026-08-05
8930000005510,P-140382,Gia vi Colgate cao cap,95000,69,Ke E4-07,667,2026-07-25
8930000005511,P-720148,Sua tam Sting huong vi tu nhien,354000,238,Ke B4-08,94,2026-07-14
8930000005512,P-963918,Nuoc suoi G7 cao cap,295000,188,Ke H5-03,341,2026-08-06
8930000005513,P-492483,Nuoc tuong Aquafina truyen thong,91000,103,Ke F2-09,56,2026-09-30
8930000005514,P-295085,Khan giay Nam Ngu loc 4 hop,391000,40,Ke D4-04,257,2026-08-21
8930000005515,P-716126,Nuoc suoi Omachi loc 4 hop,247000,54,Ke B3-06,530,2026-09-10
8930000005516,P-431976,Nuoc mam Kinh Do goi 85g,60000,294,Ke F1-08,94,2026-07-18
8930000005517,P-670968,Sua tuoi Sting huong vi tu nhien,225000,238,Ke H4-04,846,2026-09-19
8930000005518,P-189511,Tuong ot Hao Hao tiet kiem,437000,205,Ke E3-04,566,2026-09-08
8930000005519,P-262998,Tuong ot Coca Cola loc 4 hop,85000,183,Ke F1-04,984,2026-08-18
8930000005520,P-628313,Hat nem Simply truyen thong,473000,94,Ke B1-02,164,2026-08-21
8930000005521,P-355761,Ca phe Lifebuoy chai 1L,233000,172,Ke J1-05,593,2026-07-20
8930000005522,P-312177,Khan giay Aquafina hop 200g,393000,234,Ke H1-04,97,2026-07-06
8930000005523,P-731559,Nuoc xa Vinamilk chai 500ml,222000,277,Ke K2-06,565,2026-09-08
8930000005524,P-588557,Nuoc mam TH True Milk dam da,463000,141,Ke D3-05,379,2026-08-15
8930000005525,P-940534,Tuong ot OMO chai 1L,450000,246,Ke J5-09,702,2026-09-04
8930000005526,P-437433,Sua tam G7 chai 1L,123000,219,Ke K3-05,736,2026-08-25
8930000005527,P-112537,Gia vi G7 dam da,18000,211,Ke D2-07,880,2026-08-07
8930000005528,P-885829,Tuong ot Oishi khong duong,327000,18,Ke G1-05,143,2026-07-21
8930000005529,P-142213,Ca phe Omachi hop 200g,315000,76,Ke B1-03,272,2026-08-07
8930000005530,P-904711,Nuoc suoi Nam Ngu cao cap,392000,179,Ke A4-08,554,2026-09-12
8930000005531,P-760047,Banh quy Oishi hop 200g,380000,111,Ke I4-03,895,2026-09-18
8930000005532,P-114760,Nuoc ngot Omachi huong vi tu nhien,113000,266,Ke C5-09,196,2026-07-20
8930000005533,P-437758,Khan giay Maggi huong vi tu nhien,56000,193,Ke A3-06,962,2026-08-26
8930000005534,P-860242,Nuoc xa Pepsi dam da,225000,291,Ke A4-09,35,2026-09-03
8930000005535,P-923267,Banh quy Knorr truyen thong,498000,20,Ke A3-05,891,2026-08-11
8930000005536,P-331942,Nuoc lau san Vinamilk dam da,414000,107,Ke B3-04,939,2026-09-03
8930000005537,P-956113,Sua tam Vinamilk chai 500ml,255000,139,Ke D2-02,753,2026-09-20
8930000005538,P-893202,Nuoc ngot Barona chai 500ml,139000,299,Ke F5-03,591,2026-09-23
8930000005539,P-553125,Nuoc xa Lay's truyen thong,498000,60,Ke J4-01,616,2026-09-25
8930000005540,P-351997,Hat nem Coca Cola loc 4 hop,36000,255,Ke K4-06,977,2026-07-06
8930000005541,P-350132,Gia vi Omachi huong vi tu nhien,468000,193,Ke J3-09,649,2026-09-07
8930000005542,P-449247,Dau goi Vinamilk hop 200g,16000,43,Ke G5-01,109,2026-09-23
8930000005543,P-184891,Snack Maggi cao cap,113000,218,Ke A5-07,298,2026-09-07
8930000005544,P-899929,Khan giay Knorr chai 500ml,326000,105,Ke K3-08,212,2026-09-17
8930000005545,P-139110,Banh quy Vinamilk hop 200g,214000,22,Ke B3-04,342,2026-09-08
8930000005546,P-430776,Sua tuoi Aquafina it duong,94000,181,Ke G2-05,693,2026-07-24
8930000005547,P-111307,Nuoc tuong Clear goi 85g,334000,281,Ke A3-08,44,2026-08-31
8930000005548,P-777015,Sua tam Tuong An goi 85g,455000,174,Ke F3-02,699,2026-08-13
8930000005549,P-763646,Gia vi Clear it duong,86000,149,Ke A3-08,774,2026-07-09
8930000005550,P-599292,Ca phe Hao Hao dam da,469000,294,Ke D3-04,580,2026-09-21
8930000005551,P-614723,Sua tuoi Simply goi 85g,332000,42,Ke G4-08,451,2026-07-08
8930000005552,P-615318,Sua tuoi Lay's cao cap,187000,84,Ke B5-06,692,2026-07-31
8930000005553,P-390794,Dau goi G7 truyen thong,24000,138,Ke D5-05,147,2026-07-20
8930000005554,P-424960,Sua tuoi TH True Milk tiet kiem,266000,276,Ke J2-06,792,2026-07-26
8930000005555,P-688933,Snack Red Bull goi 85g,407000,107,Ke J5-01,196,2026-08-03
8930000005556,P-934638,Sua tuoi Nam Ngu can 2L,244000,110,Ke B2-01,377,2026-07-25
8930000005557,P-489776,Nuoc tuong Pepsi hop 200g,331000,161,Ke I3-04,708,2026-09-26
8930000005558,P-380465,Nuoc giat Tuong An goi 85g,237000,287,Ke B2-05,998,2026-10-01
8930000005559,P-927477,Gia vi Aquafina truyen thong,337000,65,Ke E1-06,58,2026-09-24
8930000005560,P-303974,Nuoc tuong Hao Hao it duong,366000,202,Ke B4-01,2,2026-09-29
8930000005561,P-579798,Nuoc suoi G7 chai 500ml,158000,60,Ke C2-05,518,2026-09-20
8930000005562,P-541467,Sua tuoi Sunlight truyen thong,301000,150,Ke K3-03,325,2026-08-23
8930000005563,P-430984,Hat nem Lifebuoy hop 200g,200000,79,Ke F3-07,80,2026-08-30
8930000005564,P-696580,Nuoc suoi Hao Hao khong duong,342000,293,Ke I4-01,64,2026-09-26
8930000005565,P-191254,Khan giay Nam Ngu cao cap,69000,67,Ke F2-05,110,2026-08-01
8930000005566,P-835236,Sua tam Hao Hao dam da,52000,162,Ke I2-03,256,2026-07-05
8930000005567,P-163556,Banh quy Lay's chai 1L,386000,180,Ke C4-02,134,2026-09-18
8930000005568,P-460987,Dau goi Comfort tiet kiem,214000,293,Ke E5-02,938,2026-07-06
8930000005569,P-244818,Banh quy Vinamilk dam da,35000,89,Ke D2-01,125,2026-08-11
8930000005570,P-774020,Nuoc giat Oishi chai 1L,175000,193,Ke K4-08,927,2026-09-02
8930000005571,P-833442,Nuoc mam Simply goi 85g,375000,103,Ke G5-05,101,2026-08-27
8930000005572,P-469412,Hat nem Knorr loc 4 hop,204000,91,Ke C5-01,767,2026-08-02
8930000005573,P-624902,Nuoc suoi Closeup hop 200g,332000,33,Ke F2-09,690,2026-07-22
8930000005574,P-647341,Sua tuoi Lavie truyen thong,317000,193,Ke A5-05,165,2026-07-28
8930000005575,P-644103,Mi goi Pepsi goi 85g,121000,208,Ke C3-08,503,2026-09-11
8930000005576,P-787351,Mi goi Vinamilk truyen thong,259000,256,Ke C4-05,976,2026-09-18
8930000005577,P-370211,Banh quy Comfort chai 500ml,301000,45,Ke F4-09,765,2026-09-23
8930000005578,P-587521,Kem danh rang Lavie chai 500ml,49000,287,Ke E5-06,735,2026-08-17
8930000005579,P-302647,Nuoc mam Lay's chai 1L,134000,131,Ke K3-03,141,2026-09-21
8930000005580,P-579770,Nuoc xa Nam Ngu khong duong,285000,161,Ke C3-09,491,2026-07-13
8930000005581,P-919488,Nuoc mam Oishi goi 85g,33000,87,Ke A2-02,658,2026-08-06
8930000005582,P-539486,Nuoc mam Coca Cola chai 500ml,399000,59,Ke K2-05,149,2026-09-29
8930000005583,P-244789,Ca phe Colgate chai 500ml,433000,256,Ke I1-04,109,2026-08-27
8930000005584,P-217830,Kem danh rang Sunsilk chai 1L,73000,195,Ke D1-04,61,2026-09-16
8930000005585,P-989203,Nuoc suoi Sunlight dam da,115000,13,Ke A1-02,215,2026-09-25
8930000005586,P-135207,Ca phe Pepsi loc 4 hop,429000,162,Ke C1-05,254,2026-08-05
8930000005587,P-637333,Nuoc xa G7 cao cap,450000,19,Ke F3-03,756,2026-09-16
8930000005588,P-783176,Nuoc xa Red Bull huong vi tu nhien,485000,69,Ke G1-05,576,2026-08-05
8930000005589,P-328808,Dau goi Lay's cao cap,245000,270,Ke H2-06,412,2026-07-10
8930000005590,P-656278,Gia vi Pepsi cao cap,402000,161,Ke B1-04,356,2026-10-02
8930000005591,P-892280,Nuoc giat Lifebuoy chai 1L,405000,153,Ke J5-07,462,2026-09-12
8930000005592,P-422448,Nuoc giat Lifebuoy chai 1L,100000,116,Ke J4-09,26,2026-09-28
8930000005593,P-973390,Nuoc giat Hao Hao dam da,318000,149,Ke H3-01,673,2026-08-19
8930000005594,P-959959,Nuoc mam Omachi huong vi tu nhien,51000,38,Ke C4-01,749,2026-08-28
8930000005595,P-583388,Dau an Omachi truyen thong,192000,296,Ke D2-03,215,2026-07-25
8930000005596,P-356702,Mi goi OMO loc 4 hop,121000,113,Ke B4-02,441,2026-08-13
8930000005597,P-583863,Khan giay Maggi cao cap,244000,162,Ke K3-07,596,2026-08-02
8930000005598,P-784793,Banh quy Red Bull dam da,60000,274,Ke J3-02,810,2026-09-19
8930000005599,P-502630,Nuoc ngot Aquafina can 2L,282000,237,Ke C2-01,935,2026-09-08
8930000005600,P-769180,Nuoc xa Hao Hao chai 500ml,334000,193,Ke I4-01,186,2026-08-13
8930000005601,P-112426,Ca phe Omachi it duong,209000,96,Ke E3-09,550,2026-08-28
8930000005602,P-155164,Dau goi Clear hop 200g,438000,110,Ke H1-05,472,2026-07-13
8930000005603,P-928381,Nuoc tuong Red Bull chai 500ml,445000,18,Ke I1-06,661,2026-07-07
8930000005604,P-885161,Nuoc giat Colgate dam da,37000,259,Ke I3-05,285,2026-09-27
8930000005605,P-286572,Banh quy Omachi truyen thong,252000,138,Ke I5-05,174,2026-08-29
8930000005606,P-705050,Ca phe Barona it duong,229000,109,Ke G4-07,979,2026-09-27
8930000005607,P-555786,Ca phe Knorr goi 85g,389000,208,Ke H1-02,551,2026-07-28
8930000005608,P-461083,Mi goi Pepsi dam da,272000,91,Ke H4-04,302,2026-08-07
8930000005609,P-496119,Nuoc giat Knorr hop 200g,216000,229,Ke I3-06,717,2026-09-17
8930000005610,P-536774,Nuoc giat Maggi it duong,357000,129,Ke K1-09,849,2026-07-29
8930000005611,P-795556,Nuoc ngot Lavie chai 1L,256000,172,Ke E1-04,810,2026-08-22
8930000005612,P-809147,Nuoc suoi Colgate tiet kiem,450000,185,Ke F4-08,652,2026-09-30
8930000005613,P-614259,Nuoc giat Lay's tiet kiem,371000,36,Ke H4-01,852,2026-08-25
8930000005614,P-697766,Kem danh rang Lavie it duong,16000,15,Ke B4-04,106,2026-08-31
8930000005615,P-766269,Nuoc ngot Omachi can 2L,91000,184,Ke J2-02,653,2026-09-10
8930000005616,P-123839,Gia vi Colgate goi 85g,185000,200,Ke H2-05,53,2026-08-18
8930000005617,P-241678,Kem danh rang Lavie tiet kiem,333000,88,Ke F1-08,480,2026-08-28
8930000005618,P-427730,Nuoc tuong Aquafina chai 1L,167000,84,Ke K4-05,934,2026-09-14
8930000005619,P-168652,Nuoc suoi Nam Ngu can 2L,160000,84,Ke I2-03,24,2026-09-10
8930000005620,P-900185,Dau an TH True Milk loc 4 hop,40000,6,Ke G3-07,42,2026-08-06
8930000005621,P-545120,Nuoc mam Coca Cola chai 500ml,83000,36,Ke K1-05,525,2026-08-05
8930000005622,P-553633,Sua tam TH True Milk hop 200g,213000,236,Ke D4-03,382,2026-09-29
8930000005623,P-999312,Banh quy Oishi it duong,85000,65,Ke J3-07,737,2026-07-16
8930000005624,P-883826,Tuong ot OMO khong duong,33000,196,Ke A4-06,42,2026-08-14
8930000005625,P-830180,Gia vi Coca Cola cao cap,61000,176,Ke I5-05,279,2026-07-10
8930000005626,P-660957,Kem danh rang Omachi it duong,206000,133,Ke J3-02,105,2026-09-30
8930000005627,P-459762,Banh quy OMO cao cap,90000,21,Ke I5-07,503,2026-08-13
8930000005628,P-753306,Banh quy Knorr huong vi tu nhien,488000,215,Ke C2-03,98,2026-08-18
8930000005629,P-782591,Nuoc ngot Lifebuoy can 2L,164000,68,Ke J4-08,604,2026-09-11
8930000005630,P-509386,Gia vi Pepsi huong vi tu nhien,175000,272,Ke G3-04,82,2026-08-30
8930000005631,P-122859,Tuong ot Tuong An khong duong,94000,21,Ke H1-05,222,2026-09-23
8930000005632,P-213355,Banh quy Barona can 2L,237000,91,Ke C2-09,477,2026-09-01
8930000005633,P-785010,Khan giay Barona hop 200g,448000,175,Ke I5-04,751,2026-08-13
8930000005634,P-223967,Nuoc xa Barona loc 4 hop,87000,281,Ke G1-02,497,2026-08-14
8930000005635,P-947568,Nuoc xa Closeup goi 85g,233000,114,Ke I5-01,120,2026-09-20
8930000005636,P-514463,Mi goi OMO it duong,19000,184,Ke C5-03,967,2026-09-07
8930000005637,P-825272,Nuoc lau san Simply chai 500ml,476000,89,Ke C2-08,505,2026-08-22
8930000005638,P-126499,Banh quy Tuong An loc 4 hop,410000,273,Ke A4-04,644,2026-09-10
8930000005639,P-812711,Nuoc suoi Tuong An goi 85g,351000,209,Ke I3-07,35,2026-08-29
8930000005640,P-144476,Nuoc ngot Barona truyen thong,89000,219,Ke B4-06,332,2026-07-15
8930000005641,P-257808,Ca phe Omachi can 2L,302000,131,Ke D5-08,57,2026-09-17
8930000005642,P-154615,Nuoc ngot Maggi loc 4 hop,346000,200,Ke B4-01,319,2026-08-04
8930000005643,P-735111,Dau goi Kinh Do huong vi tu nhien,79000,223,Ke K3-05,300,2026-09-23
8930000005644,P-138551,Gia vi Clear huong vi tu nhien,390000,140,Ke D4-08,887,2026-09-29
8930000005645,P-377877,Nuoc mam Lay's cao cap,215000,239,Ke A3-01,210,2026-08-23
8930000005646,P-614084,Sua tam Sunsilk khong duong,124000,235,Ke C3-07,683,2026-08-30
8930000005647,P-740967,Snack OMO chai 1L,7000,155,Ke I3-02,87,2026-07-21
8930000005648,P-281614,Gia vi TH True Milk chai 1L,166000,206,Ke D2-03,689,2026-08-13
8930000005649,P-976325,Nuoc xa Lay's dam da,392000,64,Ke B4-09,344,2026-09-19
8930000005650,P-655575,Nuoc mam Aquafina hop 200g,367000,92,Ke K4-03,815,2026-07-21
8930000005651,P-243079,Mi goi Coca Cola hop 200g,152000,76,Ke C2-03,946,2026-08-20
8930000005652,P-764259,Hat nem Nescafe loc 4 hop,39000,287,Ke H3-08,989,2026-08-15
8930000005653,P-472390,Mi goi Red Bull chai 1L,194000,253,Ke C2-05,883,2026-08-18
8930000005654,P-104324,Nuoc lau san Maggi goi 85g,444000,125,Ke G4-01,511,2026-07-21
8930000005655,P-238890,Nuoc tuong Nam Ngu it duong,342000,149,Ke A5-04,750,2026-09-09
8930000005656,P-954815,Nuoc xa G7 it duong,203000,62,Ke F5-03,872,2026-08-15
8930000005657,P-268720,Sua tam G7 chai 1L,198000,270,Ke A5-01,492,2026-07-20
8930000005658,P-544278,Kem danh rang Pepsi chai 500ml,125000,31,Ke A1-03,831,2026-09-15
8930000005659,P-358635,Nuoc xa Aquafina huong vi tu nhien,318000,108,Ke G1-05,481,2026-10-03
8930000005660,P-703998,Khan giay Omachi goi 85g,21000,125,Ke D4-02,271,2026-09-15
8930000005661,P-531225,Nuoc ngot Nam Ngu tiet kiem,244000,152,Ke H2-08,847,2026-07-23
8930000005662,P-225710,Hat nem Oishi khong duong,326000,78,Ke K4-09,637,2026-08-29
8930000005663,P-912510,Gia vi Lavie loc 4 hop,83000,260,Ke G2-04,746,2026-09-02
8930000005664,P-193806,Dau goi Clear hop 200g,449000,266,Ke D2-05,30,2026-07-09
8930000005665,P-409307,Nuoc xa Chin-su tiet kiem,472000,268,Ke B5-06,626,2026-07-31
8930000005666,P-841948,Nuoc ngot Colgate cao cap,216000,43,Ke K5-01,603,2026-07-31
8930000005667,P-759172,Sua tuoi Lay's goi 85g,290000,36,Ke E1-04,236,2026-08-14
8930000005668,P-455395,Nuoc mam Sting khong duong,140000,159,Ke F2-03,495,2026-08-18
8930000005669,P-371224,Khan giay Tuong An khong duong,202000,255,Ke D2-08,183,2026-09-10
8930000005670,P-835575,Dau an Hao Hao tiet kiem,164000,183,Ke D2-06,51,2026-09-21
8930000005671,P-173201,Dau goi Lay's hop 200g,99000,100,Ke J4-05,370,2026-09-21
8930000005672,P-278795,Mi goi Lifebuoy cao cap,205000,178,Ke B4-01,559,2026-08-13
8930000005673,P-221552,Nuoc mam Sunsilk loc 4 hop,429000,171,Ke B2-04,595,2026-08-10
8930000005674,P-941403,Sua tam Comfort truyen thong,5000,179,Ke H3-03,656,2026-07-22
8930000005675,P-713762,Dau goi Coca Cola truyen thong,159000,250,Ke B1-09,87,2026-09-06
8930000005676,P-934692,Dau an Closeup huong vi tu nhien,235000,84,Ke D5-02,596,2026-07-05
8930000005677,P-718226,Mi goi Nescafe loc 4 hop,207000,173,Ke F1-07,959,2026-09-06
8930000005678,P-707090,Sua tam Oishi truyen thong,343000,265,Ke F1-07,469,2026-08-11
8930000005679,P-931131,Kem danh rang Aquafina hop 200g,319000,43,Ke J4-07,599,2026-08-08
8930000005680,P-137432,Dau goi TH True Milk truyen thong,97000,75,Ke D4-05,313,2026-07-22
8930000005681,P-528497,Gia vi OMO tiet kiem,180000,58,Ke E2-08,682,2026-10-03
8930000005682,P-768706,Nuoc suoi Nam Ngu cao cap,131000,84,Ke E5-02,872,2026-08-11
8930000005683,P-508422,Dau an Pepsi it duong,64000,259,Ke H4-05,725,2026-08-30
8930000005684,P-384263,Dau an Chin-su khong duong,53000,100,Ke K3-03,990,2026-07-13
8930000005685,P-135241,Nuoc ngot OMO truyen thong,409000,250,Ke D5-02,684,2026-07-08
8930000005686,P-381444,Gia vi Vinamilk it duong,134000,232,Ke D1-08,334,2026-09-21
8930000005687,P-578344,Banh quy Closeup khong duong,305000,192,Ke I2-09,334,2026-10-02
8930000005688,P-795186,Nuoc lau san Clear it duong,123000,91,Ke H1-01,305,2026-08-24
8930000005689,P-831059,Tuong ot Clear chai 500ml,47000,116,Ke F4-04,688,2026-07-05
8930000005690,P-497887,Ca phe Simply dam da,359000,230,Ke B5-02,915,2026-08-16
8930000005691,P-999908,Hat nem Barona tiet kiem,103000,183,Ke E4-02,718,2026-08-19
8930000005692,P-243928,Nuoc suoi Sunlight it duong,127000,264,Ke C3-05,110,2026-08-02
8930000005693,P-727761,Sua tam Nescafe hop 200g,496000,77,Ke K2-01,407,2026-07-26
8930000005694,P-174369,Dau an Oishi cao cap,306000,135,Ke F5-01,177,2026-07-30
8930000005695,P-781664,Ca phe Aquafina can 2L,63000,290,Ke G5-02,774,2026-07-23
8930000005696,P-342129,Nuoc lau san Kinh Do chai 1L,383000,95,Ke F3-04,109,2026-08-26
8930000005697,P-361662,Snack Simply truyen thong,217000,178,Ke B2-04,942,2026-07-29
8930000005698,P-912853,Sua tam Hao Hao tiet kiem,117000,217,Ke H3-07,83,2026-08-09
8930000005699,P-806215,Nuoc ngot Pepsi huong vi tu nhien,166000,144,Ke D2-08,698,2026-10-01
8930000005700,P-143631,Nuoc xa Sunsilk cao cap,409000,126,Ke G4-02,130,2026-08-01
8930000005701,P-429159,Nuoc suoi Red Bull huong vi tu nhien,216000,196,Ke D1-03,110,2026-08-06
8930000005702,P-674485,Nuoc lau san Comfort tiet kiem,307000,159,Ke A4-08,143,2026-07-19
8930000005703,P-405407,Sua tam Sting khong duong,440000,31,Ke E1-09,440,2026-09-12
8930000005704,P-891030,Khan giay Nam Ngu dam da,318000,59,Ke K4-08,565,2026-07-15
8930000005705,P-347582,Nuoc giat Lavie truyen thong,356000,290,Ke G3-08,987,2026-08-31
8930000005706,P-385037,Sua tuoi Maggi tiet kiem,455000,64,Ke J2-06,352,2026-09-02
8930000005707,P-911242,Nuoc ngot Sting chai 500ml,170000,5,Ke E4-02,444,2026-09-19
8930000005708,P-693418,Ca phe Lifebuoy it duong,280000,144,Ke A2-08,128,2026-08-16
8930000005709,P-425486,Nuoc xa Lavie loc 4 hop,179000,230,Ke G5-01,595,2026-08-27
8930000005710,P-334026,Mi goi Tuong An khong duong,185000,36,Ke J3-07,201,2026-08-12
8930000005711,P-649063,Banh quy Nam Ngu goi 85g,172000,169,Ke C5-09,190,2026-09-09
8930000005712,P-269833,Nuoc ngot Nam Ngu khong duong,319000,223,Ke H5-04,915,2026-08-25
8930000005713,P-261395,Tuong ot Barona chai 500ml,277000,191,Ke J5-02,892,2026-07-18
8930000005714,P-399607,Nuoc giat Maggi tiet kiem,241000,214,Ke D5-06,524,2026-08-14
8930000005715,P-681868,Gia vi Omachi khong duong,174000,143,Ke D4-07,200,2026-08-11
8930000005716,P-172518,Dau goi Chin-su goi 85g,257000,54,Ke B4-02,988,2026-08-09
8930000005717,P-670977,Kem danh rang Sunlight it duong,497000,180,Ke J3-06,1000,2026-09-09
8930000005718,P-163918,Khan giay Tuong An chai 500ml,416000,29,Ke G5-09,630,2026-08-21
8930000005719,P-117445,Nuoc lau san Sunsilk cao cap,68000,139,Ke I4-04,800,2026-09-26
8930000005720,P-283781,Khan giay Oishi truyen thong,239000,82,Ke I3-06,711,2026-07-15
8930000005721,P-628709,Nuoc suoi Hao Hao can 2L,300000,109,Ke J3-04,87,2026-08-25
8930000005722,P-702891,Gia vi Lifebuoy dam da,137000,86,Ke B3-05,317,2026-09-29
8930000005723,P-397514,Gia vi Coca Cola can 2L,434000,204,Ke C3-03,563,2026-08-18
8930000005724,P-837852,Nuoc xa Tuong An huong vi tu nhien,161000,16,Ke F2-08,651,2026-07-07
8930000005725,P-459731,Nuoc giat Barona tiet kiem,13000,107,Ke F3-08,441,2026-08-16
8930000005726,P-248557,Hat nem TH True Milk can 2L,407000,231,Ke J5-08,328,2026-09-24
8930000005727,P-909327,Sua tuoi Oishi huong vi tu nhien,205000,186,Ke B5-05,23,2026-08-02
8930000005728,P-974329,Nuoc mam Comfort tiet kiem,497000,121,Ke E4-02,371,2026-09-28
8930000005729,P-910707,Nuoc suoi Hao Hao truyen thong,382000,37,Ke H1-09,156,2026-07-23
8930000005730,P-712553,Dau an Omachi huong vi tu nhien,303000,78,Ke F1-04,633,2026-09-30
8930000005731,P-383457,Sua tuoi Chin-su hop 200g,355000,187,Ke A1-02,311,2026-08-08
8930000005732,P-252591,Nuoc suoi Maggi cao cap,427000,233,Ke C5-01,725,2026-08-20
8930000005733,P-600641,Kem danh rang Lavie khong duong,126000,251,Ke I2-01,258,2026-07-17
8930000005734,P-665883,Nuoc xa Aquafina can 2L,362000,154,Ke F4-09,289,2026-08-28
8930000005735,P-663772,Dau an Comfort chai 1L,121000,105,Ke D2-09,557,2026-08-25
8930000005736,P-124302,Sua tam Lavie dam da,295000,26,Ke D3-09,204,2026-09-27
8930000005737,P-821024,Nuoc tuong Omachi loc 4 hop,48000,111,Ke A1-07,813,2026-09-27
8930000005738,P-193471,Dau goi Closeup tiet kiem,407000,135,Ke K3-01,206,2026-08-18
8930000005739,P-379473,Gia vi Simply loc 4 hop,477000,65,Ke H4-04,208,2026-08-28
8930000005740,P-685766,Hat nem Barona tiet kiem,365000,26,Ke H1-09,736,2026-09-14
8930000005741,P-567122,Nuoc ngot Colgate goi 85g,84000,52,Ke G1-07,681,2026-09-09
8930000005742,P-117538,Gia vi Chin-su it duong,37000,275,Ke G4-09,116,2026-07-09
8930000005743,P-682959,Mi goi Closeup tiet kiem,424000,18,Ke I1-03,947,2026-09-03
8930000005744,P-593393,Nuoc tuong Nescafe it duong,457000,209,Ke J4-01,788,2026-07-09
8930000005745,P-409783,Dau an OMO cao cap,409000,187,Ke H5-06,245,2026-08-19
8930000005746,P-744333,Sua tam Knorr loc 4 hop,340000,37,Ke B5-04,357,2026-08-27
8930000005747,P-537757,Nuoc giat Lifebuoy khong duong,270000,205,Ke D5-07,166,2026-08-25
8930000005748,P-612311,Sua tuoi Closeup khong duong,121000,262,Ke E5-03,58,2026-09-05
8930000005749,P-471507,Mi goi Red Bull cao cap,179000,43,Ke E3-01,621,2026-09-28
8930000005750,P-174461,Khan giay Colgate huong vi tu nhien,338000,102,Ke J3-08,141,2026-07-29
8930000005751,P-748127,Dau goi Lay's it duong,317000,179,Ke D5-02,25,2026-08-15
8930000005752,P-811351,Nuoc xa Simply it duong,112000,271,Ke C4-07,993,2026-08-24
8930000005753,P-262520,Tuong ot Sunsilk loc 4 hop,279000,31,Ke C3-07,400,2026-07-29
8930000005754,P-599704,Khan giay Oishi truyen thong,90000,125,Ke I3-09,353,2026-08-22
8930000005755,P-197616,Nuoc mam Vinamilk dam da,3000,62,Ke K3-05,310,2026-08-25
8930000005756,P-240814,Nuoc tuong Sunlight loc 4 hop,254000,77,Ke A4-05,58,2026-08-18
8930000005757,P-976792,Nuoc ngot OMO truyen thong,424000,286,Ke H1-04,694,2026-09-16
8930000005758,P-269078,Nuoc mam Hao Hao truyen thong,336000,236,Ke H3-01,137,2026-08-20
8930000005759,P-152906,Nuoc suoi Clear cao cap,308000,276,Ke D5-02,26,2026-09-07
8930000005760,P-189110,Nuoc mam Vinamilk truyen thong,143000,59,Ke A2-08,134,2026-07-30
8930000005761,P-697856,Mi goi TH True Milk khong duong,468000,237,Ke C5-06,837,2026-08-07
8930000005762,P-232361,Snack Aquafina dam da,82000,225,Ke D4-01,659,2026-09-26
8930000005763,P-622707,Nuoc xa Sunsilk hop 200g,221000,113,Ke D1-03,162,2026-08-20
8930000005764,P-978302,Nuoc ngot Sting chai 1L,222000,228,Ke I5-03,120,2026-09-12
8930000005765,P-266889,Nuoc xa Knorr chai 1L,85000,55,Ke D2-05,373,2026-07-22
8930000005766,P-804527,Kem danh rang Nescafe khong duong,330000,193,Ke G3-07,163,2026-09-25
8930000005767,P-386929,Gia vi Chin-su hop 200g,481000,171,Ke J1-05,895,2026-08-26
8930000005768,P-706012,Mi goi Sunsilk loc 4 hop,258000,191,Ke D4-07,866,2026-09-08
8930000005769,P-221628,Nuoc giat Sunsilk goi 85g,467000,94,Ke F4-05,788,2026-07-30
8930000005770,P-301528,Kem danh rang Nescafe chai 1L,468000,164,Ke H4-07,597,2026-08-19
8930000005771,P-222692,Snack Closeup can 2L,251000,7,Ke F1-09,416,2026-08-18
8930000005772,P-706007,Banh quy Coca Cola can 2L,309000,216,Ke E3-02,101,2026-08-17
8930000005773,P-373943,Gia vi Colgate huong vi tu nhien,163000,75,Ke F4-09,467,2026-10-03
8930000005774,P-550513,Ca phe Sunlight khong duong,220000,139,Ke G5-08,632,2026-08-19
8930000005775,P-676051,Banh quy Sunlight truyen thong,282000,29,Ke E4-07,859,2026-10-03
8930000005776,P-147939,Dau goi Simply goi 85g,363000,98,Ke I3-01,733,2026-08-27
8930000005777,P-830609,Nuoc ngot Pepsi khong duong,393000,242,Ke F1-03,28,2026-07-14
8930000005778,P-232552,Khan giay Chin-su khong duong,174000,94,Ke B2-04,574,2026-10-02
8930000005779,P-812048,Nuoc mam Oishi cao cap,372000,149,Ke E4-03,919,2026-08-01
8930000005780,P-897392,Dau goi Simply chai 500ml,492000,54,Ke E5-08,269,2026-07-20
8930000005781,P-824016,Nuoc xa Colgate dam da,164000,54,Ke C5-06,282,2026-08-17
8930000005782,P-509054,Nuoc tuong Lay's it duong,376000,284,Ke F2-04,339,2026-07-31
8930000005783,P-656329,Ca phe Oishi hop 200g,324000,39,Ke G5-06,228,2026-08-20
8930000005784,P-858711,Khan giay Lifebuoy chai 500ml,76000,73,Ke I4-06,81,2026-09-17
8930000005785,P-120798,Sua tuoi Oishi truyen thong,25000,38,Ke I1-08,683,2026-08-26
8930000005786,P-347259,Gia vi Sting it duong,395000,37,Ke B1-05,915,2026-07-18
8930000005787,P-541307,Sua tam Simply it duong,219000,18,Ke J5-02,951,2026-09-27
8930000005788,P-697347,Snack Closeup huong vi tu nhien,147000,169,Ke J4-02,633,2026-07-12
8930000005789,P-676680,Nuoc giat Maggi cao cap,495000,142,Ke A1-06,631,2026-08-02
8930000005790,P-278980,Kem danh rang Sunsilk goi 85g,109000,139,Ke K3-06,614,2026-08-30
8930000005791,P-768387,Nuoc mam Kinh Do huong vi tu nhien,369000,158,Ke C1-09,926,2026-08-27
8930000005792,P-997287,Mi goi Maggi goi 85g,98000,284,Ke K4-06,277,2026-07-23
8930000005793,P-284178,Banh quy Comfort can 2L,283000,231,Ke C3-06,35,2026-07-05
8930000005794,P-688861,Kem danh rang Knorr dam da,174000,66,Ke J1-04,468,2026-08-17
8930000005795,P-907236,Nuoc giat Sunsilk can 2L,4000,231,Ke J4-01,878,2026-07-08
8930000005796,P-942690,Dau goi Kinh Do cao cap,219000,146,Ke B2-06,835,2026-09-21
8930000005797,P-675074,Nuoc mam Comfort goi 85g,137000,289,Ke D4-06,795,2026-08-18
8930000005798,P-147726,Gia vi Comfort chai 500ml,278000,86,Ke H4-01,709,2026-08-12
8930000005799,P-313910,Gia vi Lay's khong duong,456000,74,Ke G5-02,840,2026-08-17
8930000005800,P-634150,Dau goi Oishi cao cap,346000,133,Ke J1-07,907,2026-10-01
8930000005801,P-464831,Nuoc lau san Colgate khong duong,257000,222,Ke B1-01,173,2026-09-05
8930000005802,P-461264,Kem danh rang Comfort dam da,339000,75,Ke A5-05,374,2026-07-20
8930000005803,P-437742,Dau goi Oishi dam da,174000,245,Ke D3-05,901,2026-09-09
8930000005804,P-151690,Nuoc tuong Aquafina cao cap,341000,221,Ke D2-08,367,2026-07-23
8930000005805,P-175532,Nuoc lau san Lifebuoy truyen thong,140000,48,Ke D5-08,911,2026-07-05
8930000005806,P-921414,Nuoc lau san Red Bull huong vi tu nhien,60000,292,Ke I1-02,122,2026-09-04
8930000005807,P-536196,Hat nem OMO can 2L,315000,171,Ke K2-04,206,2026-09-21
8930000005808,P-398768,Nuoc suoi Simply khong duong,144000,46,Ke K4-01,685,2026-08-05
8930000005809,P-410000,Nuoc ngot Omachi can 2L,260000,253,Ke J4-04,251,2026-07-30
8930000005810,P-504684,Nuoc xa Sunsilk hop 200g,333000,25,Ke I1-04,691,2026-09-11
8930000005811,P-374267,Nuoc mam Clear huong vi tu nhien,428000,264,Ke C2-01,312,2026-08-28
8930000005812,P-347085,Nuoc lau san Knorr cao cap,419000,127,Ke F1-08,527,2026-07-24
8930000005813,P-786563,Nuoc ngot Pepsi loc 4 hop,303000,185,Ke H1-01,820,2026-08-27
8930000005814,P-379786,Dau an Closeup chai 500ml,321000,13,Ke A2-09,301,2026-09-12
8930000005815,P-881975,Dau an Tuong An tiet kiem,52000,260,Ke A1-09,819,2026-07-12
8930000005816,P-219710,Hat nem Sunlight cao cap,405000,53,Ke D4-08,692,2026-08-29
8930000005817,P-906731,Tuong ot Tuong An huong vi tu nhien,117000,35,Ke F4-03,340,2026-07-05
8930000005818,P-413769,Mi goi Red Bull it duong,117000,130,Ke F5-02,238,2026-08-12
8930000005819,P-709805,Nuoc lau san Chin-su tiet kiem,86000,29,Ke B3-03,627,2026-07-07
8930000005820,P-266071,Nuoc xa Lay's chai 1L,286000,193,Ke E4-03,83,2026-09-22
8930000005821,P-337730,Dau goi Sting huong vi tu nhien,327000,32,Ke G2-01,526,2026-09-16
8930000005822,P-868881,Nuoc ngot Comfort khong duong,140000,10,Ke H4-07,291,2026-07-14
8930000005823,P-700383,Snack Closeup it duong,202000,83,Ke J2-02,774,2026-07-06
8930000005824,P-799330,Hat nem Maggi truyen thong,173000,27,Ke K1-02,245,2026-08-30
8930000005825,P-569237,Nuoc suoi Barona hop 200g,196000,282,Ke J3-01,604,2026-09-17
8930000005826,P-172187,Gia vi Kinh Do goi 85g,149000,265,Ke J5-05,364,2026-08-30
8930000005827,P-284692,Gia vi Tuong An truyen thong,307000,229,Ke C3-05,477,2026-09-15
8930000005828,P-279185,Banh quy Knorr can 2L,131000,161,Ke C1-08,856,2026-08-18
8930000005829,P-867051,Sua tam Simply hop 200g,134000,5,Ke E4-06,103,2026-08-28
8930000005830,P-315397,Ca phe Tuong An loc 4 hop,218000,190,Ke H3-09,69,2026-08-27
8930000005831,P-576935,Snack Chin-su chai 500ml,71000,266,Ke I5-07,305,2026-08-16
8930000005832,P-698388,Snack Sunlight huong vi tu nhien,456000,291,Ke J2-01,256,2026-09-03
8930000005833,P-772550,Mi goi Red Bull goi 85g,153000,84,Ke B2-02,229,2026-08-09
8930000005834,P-811256,Khan giay Lay's can 2L,177000,138,Ke I2-04,499,2026-08-02
8930000005835,P-828961,Nuoc xa Maggi khong duong,386000,230,Ke B3-05,855,2026-09-14
8930000005836,P-396439,Nuoc mam Tuong An dam da,87000,167,Ke A2-09,693,2026-09-07
8930000005837,P-744610,Nuoc suoi Sunsilk dam da,98000,152,Ke H2-03,235,2026-08-06
8930000005838,P-438334,Dau an TH True Milk can 2L,155000,40,Ke J4-06,221,2026-08-03
8930000005839,P-325230,Banh quy Closeup huong vi tu nhien,441000,224,Ke D2-04,610,2026-07-18
8930000005840,P-534346,Nuoc tuong Closeup cao cap,287000,255,Ke H2-04,978,2026-08-17
8930000005841,P-668969,Nuoc mam Hao Hao huong vi tu nhien,274000,179,Ke I2-08,374,2026-08-19
8930000005842,P-550179,Nuoc tuong Maggi tiet kiem,405000,96,Ke G2-03,970,2026-09-22
8930000005843,P-480941,Nuoc lau san Lay's loc 4 hop,412000,194,Ke B1-09,535,2026-08-20
8930000005844,P-414777,Nuoc lau san Oishi truyen thong,355000,269,Ke K1-09,125,2026-09-21
8930000005845,P-137285,Khan giay Lay's loc 4 hop,95000,292,Ke B4-09,240,2026-08-28
8930000005846,P-312705,Dau an Sunsilk cao cap,4000,215,Ke E2-04,673,2026-07-20
8930000005847,P-240288,Snack Lavie it duong,418000,163,Ke D2-05,577,2026-07-09
8930000005848,P-720298,Nuoc giat Lifebuoy dam da,396000,232,Ke C1-05,51,2026-07-23
8930000005849,P-757057,Tuong ot Chin-su loc 4 hop,78000,146,Ke D1-01,627,2026-07-13
8930000005850,P-454352,Mi goi Closeup truyen thong,497000,240,Ke D1-07,197,2026-09-05
8930000005851,P-796101,Dau an Knorr cao cap,119000,6,Ke K5-08,783,2026-09-12
8930000005852,P-804378,Ca phe Tuong An can 2L,260000,127,Ke J1-08,121,2026-09-16
8930000005853,P-182175,Mi goi Barona khong duong,190000,258,Ke J5-07,956,2026-07-19
8930000005854,P-421709,Mi goi TH True Milk khong duong,158000,62,Ke J5-03,482,2026-09-13
8930000005855,P-507524,Nuoc suoi Knorr cao cap,322000,189,Ke C1-08,393,2026-07-22
8930000005856,P-250219,Gia vi Colgate dam da,185000,78,Ke I2-02,92,2026-07-23
8930000005857,P-795928,Nuoc giat Red Bull goi 85g,298000,187,Ke B4-07,366,2026-09-26
8930000005858,P-935620,Nuoc ngot Maggi goi 85g,27000,31,Ke F3-05,996,2026-10-01
8930000005859,P-987599,Dau an Sting can 2L,202000,35,Ke B2-04,99,2026-08-15
8930000005860,P-173504,Dau an Lavie can 2L,191000,52,Ke A1-01,220,2026-08-15
8930000005861,P-829417,Sua tam Sunsilk goi 85g,181000,246,Ke E2-08,658,2026-09-03
8930000005862,P-128223,Nuoc tuong Tuong An tiet kiem,233000,51,Ke I3-06,514,2026-09-24
8930000005863,P-659392,Dau goi Simply huong vi tu nhien,477000,95,Ke B2-02,548,2026-09-13
8930000005864,P-749609,Tuong ot Pepsi it duong,439000,247,Ke C3-02,95,2026-09-16
8930000005865,P-189982,Khan giay Closeup goi 85g,481000,21,Ke D1-01,157,2026-08-16
8930000005866,P-380746,Dau an Simply can 2L,15000,190,Ke A4-08,689,2026-08-27
8930000005867,P-954441,Nuoc tuong Clear khong duong,349000,184,Ke C2-03,333,2026-08-28
8930000005868,P-536135,Dau goi Lavie tiet kiem,363000,147,Ke H4-04,831,2026-09-24
8930000005869,P-439113,Sua tam Lay's dam da,155000,194,Ke F5-01,211,2026-08-15
8930000005870,P-795759,Snack Simply chai 500ml,385000,149,Ke C2-08,163,2026-09-01
8930000005871,P-980303,Sua tam Pepsi can 2L,446000,201,Ke C2-07,933,2026-07-06
8930000005872,P-953715,Nuoc xa Coca Cola dam da,255000,160,Ke K4-01,284,2026-08-19
8930000005873,P-230889,Snack Chin-su tiet kiem,76000,155,Ke C1-06,611,2026-08-10
8930000005874,P-187657,Nuoc suoi Omachi chai 500ml,150000,235,Ke I1-07,278,2026-09-04
8930000005875,P-719489,Nuoc xa Kinh Do hop 200g,434000,208,Ke A2-05,870,2026-07-30
8930000005876,P-499152,Khan giay Red Bull it duong,38000,60,Ke G1-02,356,2026-08-16
8930000005877,P-208618,Snack Simply hop 200g,311000,194,Ke C1-02,790,2026-07-14
8930000005878,P-378361,Snack Tuong An tiet kiem,96000,135,Ke A1-06,23,2026-07-09
8930000005879,P-245824,Nuoc suoi Nam Ngu cao cap,241000,36,Ke I4-09,27,2026-07-28
8930000005880,P-623059,Nuoc lau san Simply chai 500ml,272000,194,Ke F5-04,437,2026-08-31
8930000005881,P-352356,Snack Tuong An cao cap,290000,234,Ke F5-08,588,2026-07-23
8930000005882,P-521805,Nuoc xa Tuong An khong duong,181000,154,Ke C5-01,748,2026-08-26
8930000005883,P-721946,Tuong ot Coca Cola goi 85g,88000,249,Ke F4-09,261,2026-07-21
8930000005884,P-508654,Nuoc xa Maggi cao cap,273000,172,Ke A4-09,882,2026-07-13
8930000005885,P-570325,Sua tam Barona tiet kiem,249000,97,Ke F2-01,777,2026-07-30
8930000005886,P-546590,Nuoc ngot Lavie goi 85g,5000,283,Ke G4-09,690,2026-07-19
8930000005887,P-106945,Nuoc suoi Aquafina dam da,58000,118,Ke K2-05,422,2026-08-03
8930000005888,P-807160,Mi goi Colgate truyen thong,331000,293,Ke J5-03,475,2026-08-21
8930000005889,P-236392,Nuoc mam Nam Ngu can 2L,463000,59,Ke A1-03,745,2026-07-16
8930000005890,P-533672,Kem danh rang Sunlight hop 200g,331000,202,Ke D3-02,820,2026-07-24
8930000005891,P-543681,Nuoc xa Aquafina can 2L,31000,192,Ke D2-01,576,2026-09-02
8930000005892,P-665484,Dau goi Kinh Do it duong,353000,15,Ke B3-05,826,2026-08-12
8930000005893,P-862422,Nuoc suoi OMO dam da,321000,251,Ke C5-05,72,2026-07-11
8930000005894,P-359778,Banh quy Nam Ngu chai 1L,255000,172,Ke I1-07,581,2026-09-05
8930000005895,P-792764,Dau an Lifebuoy truyen thong,398000,273,Ke J3-01,72,2026-09-22
8930000005896,P-388339,Nuoc giat Kinh Do it duong,455000,22,Ke D4-01,633,2026-08-06
8930000005897,P-583367,Nuoc ngot G7 loc 4 hop,213000,239,Ke J1-09,476,2026-08-04
8930000005898,P-955129,Hat nem Red Bull it duong,500000,59,Ke G5-03,458,2026-08-20
8930000005899,P-223014,Khan giay Chin-su can 2L,161000,216,Ke A1-01,16,2026-08-13
8930000005900,P-904905,Khan giay Barona cao cap,420000,231,Ke H3-01,1,2026-07-19
8930000005901,P-803953,Nuoc giat TH True Milk dam da,265000,115,Ke C3-07,390,2026-09-24
8930000005902,P-524045,Nuoc tuong Vinamilk chai 1L,51000,6,Ke I3-04,830,2026-08-06
8930000005903,P-253591,Banh quy Vinamilk can 2L,34000,15,Ke B1-03,768,2026-09-16
8930000005904,P-666820,Dau an Clear dam da,89000,207,Ke I2-01,326,2026-09-21
8930000005905,P-999398,Banh quy Hao Hao dam da,392000,284,Ke B4-04,808,2026-08-30
8930000005906,P-489244,Gia vi Hao Hao huong vi tu nhien,403000,200,Ke H4-09,922,2026-08-03
8930000005907,P-159185,Mi goi TH True Milk dam da,147000,161,Ke B1-07,234,2026-09-11
8930000005908,P-466634,Nuoc tuong Omachi truyen thong,80000,190,Ke B5-07,263,2026-09-16
8930000005909,P-170267,Gia vi Barona chai 500ml,262000,202,Ke B4-08,149,2026-09-20
8930000005910,P-859364,Mi goi Maggi can 2L,13000,84,Ke F3-05,805,2026-07-19
8930000005911,P-680557,Dau goi Lavie chai 500ml,21000,85,Ke E2-02,864,2026-07-29
8930000005912,P-725874,Dau an Barona chai 500ml,429000,139,Ke K5-01,339,2026-07-06
8930000005913,P-207786,Nuoc giat Aquafina hop 200g,431000,173,Ke A2-05,145,2026-09-01
8930000005914,P-299092,Dau an Pepsi it duong,128000,196,Ke C2-02,675,2026-08-05
8930000005915,P-665158,Snack Knorr goi 85g,229000,259,Ke B2-03,2,2026-09-14
8930000005916,P-865618,Sua tuoi Coca Cola dam da,356000,110,Ke J2-01,240,2026-09-20
8930000005917,P-297064,Nuoc lau san Pepsi can 2L,220000,241,Ke E3-09,905,2026-09-12
8930000005918,P-772580,Nuoc mam G7 truyen thong,253000,288,Ke A4-04,629,2026-09-26
8930000005919,P-424314,Banh quy Barona loc 4 hop,316000,226,Ke D1-07,427,2026-08-14
8930000005920,P-181721,Nuoc giat Sunsilk chai 1L,92000,295,Ke G1-03,970,2026-07-05
8930000005921,P-449472,Khan giay Sunlight chai 1L,487000,164,Ke J5-02,928,2026-07-14
8930000005922,P-641704,Banh quy Tuong An tiet kiem,368000,257,Ke B4-05,841,2026-07-19
8930000005923,P-472253,Snack Sunlight loc 4 hop,428000,169,Ke K5-05,750,2026-08-26
8930000005924,P-855276,Sua tam Aquafina can 2L,239000,65,Ke D4-02,352,2026-09-08
8930000005925,P-969325,Nuoc suoi Chin-su can 2L,260000,113,Ke K2-09,930,2026-08-05
8930000005926,P-449479,Tuong ot Omachi tiet kiem,400000,93,Ke H4-07,983,2026-08-23
8930000005927,P-827356,Nuoc suoi Sunsilk truyen thong,276000,153,Ke C4-05,786,2026-07-19
8930000005928,P-817999,Ca phe Pepsi truyen thong,159000,180,Ke K3-01,193,2026-09-30
8930000005929,P-459946,Sua tuoi Omachi cao cap,54000,158,Ke D4-07,334,2026-07-23
8930000005930,P-898696,Ca phe Aquafina it duong,286000,288,Ke C2-03,254,2026-08-25
8930000005931,P-460554,Snack Clear it duong,114000,183,Ke G4-09,828,2026-09-13
8930000005932,P-490722,Dau an Sunsilk tiet kiem,271000,217,Ke F4-06,310,2026-07-18
8930000005933,P-712353,Dau an Closeup huong vi tu nhien,406000,118,Ke J5-01,115,2026-09-08
8930000005934,P-329642,Hat nem OMO cao cap,241000,208,Ke B5-02,921,2026-08-18
8930000005935,P-882824,Nuoc giat Red Bull huong vi tu nhien,53000,164,Ke B1-02,364,2026-07-28
8930000005936,P-974991,Nuoc ngot Colgate chai 1L,431000,83,Ke D1-06,249,2026-07-17
8930000005937,P-174878,Nuoc suoi Chin-su goi 85g,40000,62,Ke F5-08,896,2026-08-13
8930000005938,P-936039,Snack TH True Milk hop 200g,400000,37,Ke G2-08,901,2026-07-14
8930000005939,P-760914,Kem danh rang Vinamilk chai 500ml,457000,229,Ke J2-02,892,2026-08-17
8930000005940,P-460572,Mi goi TH True Milk cao cap,483000,290,Ke B1-01,659,2026-07-21
8930000005941,P-555342,Nuoc suoi Knorr it duong,10000,23,Ke C4-08,230,2026-09-16
8930000005942,P-342397,Sua tuoi Closeup chai 1L,174000,208,Ke J3-03,457,2026-07-13
8930000005943,P-474175,Sua tam Colgate it duong,286000,9,Ke K5-03,391,2026-09-08
8930000005944,P-770905,Nuoc mam Sunlight chai 1L,417000,232,Ke G2-02,89,2026-08-25
8930000005945,P-447411,Hat nem Kinh Do truyen thong,34000,239,Ke F2-09,885,2026-08-04
8930000005946,P-284888,Mi goi Tuong An dam da,139000,100,Ke G3-03,606,2026-09-05
8930000005947,P-696296,Sua tuoi OMO chai 1L,346000,136,Ke G1-05,963,2026-09-08
8930000005948,P-886197,Nuoc lau san Clear it duong,429000,264,Ke B4-08,307,2026-07-05
8930000005949,P-308894,Dau an Lifebuoy goi 85g,374000,165,Ke E1-06,545,2026-08-28
8930000005950,P-932369,Nuoc xa Tuong An it duong,288000,154,Ke H3-03,815,2026-07-30
8930000005951,P-808699,Gia vi Red Bull tiet kiem,424000,87,Ke K3-06,836,2026-07-18
8930000005952,P-817870,Nuoc giat Barona hop 200g,287000,283,Ke C2-05,348,2026-08-20
8930000005953,P-897135,Ca phe Vinamilk truyen thong,336000,148,Ke C1-01,9,2026-09-19
8930000005954,P-477789,Ca phe Colgate hop 200g,315000,209,Ke B1-08,456,2026-07-28
8930000005955,P-186702,Snack OMO loc 4 hop,193000,111,Ke J1-06,450,2026-07-05
8930000005956,P-976500,Khan giay Nescafe chai 1L,199000,70,Ke G5-03,869,2026-09-06
8930000005957,P-379676,Hat nem Oishi chai 500ml,413000,128,Ke A1-03,670,2026-08-20
8930000005958,P-829386,Kem danh rang Nam Ngu hop 200g,174000,98,Ke K3-07,709,2026-09-07
8930000005959,P-552457,Nuoc giat Comfort can 2L,345000,116,Ke B2-06,161,2026-08-25
8930000005960,P-536045,Kem danh rang G7 truyen thong,433000,255,Ke A1-04,97,2026-09-19
8930000005961,P-688215,Mi goi Sting chai 500ml,65000,256,Ke D2-06,570,2026-09-08
8930000005962,P-751034,Sua tam Omachi loc 4 hop,429000,293,Ke K2-02,344,2026-09-22
8930000005963,P-398301,Snack Pepsi hop 200g,161000,164,Ke D5-08,907,2026-07-25
8930000005964,P-712401,Nuoc xa Kinh Do can 2L,480000,40,Ke D3-04,356,2026-07-06
8930000005965,P-165417,Nuoc lau san Closeup hop 200g,45000,33,Ke F3-09,918,2026-09-11
8930000005966,P-959907,Snack Pepsi khong duong,372000,252,Ke D5-07,804,2026-08-29
8930000005967,P-310297,Tuong ot Closeup tiet kiem,106000,68,Ke G1-03,0,2026-07-13
8930000005968,P-554582,Khan giay Lay's khong duong,480000,286,Ke G5-08,571,2026-08-27
8930000005969,P-913712,Dau an Closeup truyen thong,244000,251,Ke F1-06,227,2026-08-14
8930000005970,P-956255,Nuoc giat OMO khong duong,27000,230,Ke F1-07,384,2026-07-17
8930000005971,P-998746,Gia vi Hao Hao cao cap,480000,70,Ke I3-07,530,2026-08-22
8930000005972,P-629990,Gia vi Sunlight loc 4 hop,152000,45,Ke G3-04,210,2026-09-21
8930000005973,P-832377,Mi goi Kinh Do chai 500ml,198000,282,Ke F3-01,174,2026-08-15
8930000005974,P-551524,Dau an Hao Hao goi 85g,24000,206,Ke K1-04,768,2026-08-12
8930000005975,P-741018,Hat nem Chin-su it duong,353000,194,Ke B5-06,887,2026-09-12
8930000005976,P-898025,Dau an Lay's cao cap,48000,223,Ke F4-02,204,2026-07-07
8930000005977,P-144618,Banh quy Comfort can 2L,379000,128,Ke J5-08,80,2026-07-13
8930000005978,P-605543,Ca phe G7 loc 4 hop,351000,169,Ke E3-04,30,2026-10-03
8930000005979,P-785672,Nuoc giat Colgate loc 4 hop,403000,177,Ke K4-08,480,2026-08-27
8930000005980,P-349185,Nuoc ngot Colgate loc 4 hop,463000,220,Ke F1-09,215,2026-09-21
8930000005981,P-102805,Dau goi Simply it duong,390000,94,Ke F2-04,722,2026-08-09
8930000005982,P-721301,Tuong ot TH True Milk chai 500ml,236000,185,Ke H5-07,413,2026-09-26
8930000005983,P-300924,Nuoc giat TH True Milk khong duong,426000,177,Ke A4-07,437,2026-08-10
8930000005984,P-521233,Banh quy Barona chai 1L,297000,187,Ke A5-06,728,2026-09-15
8930000005985,P-261771,Sua tam Kinh Do huong vi tu nhien,218000,267,Ke J4-06,354,2026-09-07
8930000005986,P-819050,Dau an Coca Cola tiet kiem,133000,259,Ke E1-05,65,2026-09-10
8930000005987,P-700534,Nuoc suoi Vinamilk cao cap,388000,138,Ke D5-07,532,2026-08-28
8930000005988,P-380061,Nuoc lau san Sunlight it duong,165000,203,Ke A1-01,903,2026-09-25
8930000005989,P-953350,Nuoc tuong Closeup cao cap,82000,8,Ke I4-02,396,2026-07-15
8930000005990,P-817395,Tuong ot G7 goi 85g,65000,115,Ke K5-03,488,2026-09-23
8930000005991,P-147440,Gia vi Hao Hao goi 85g,306000,299,Ke D5-02,976,2026-07-17
8930000005992,P-692282,Nuoc tuong Red Bull hop 200g,68000,54,Ke G3-01,99,2026-07-28
8930000005993,P-725550,Mi goi Sting truyen thong,188000,238,Ke G1-02,523,2026-09-29
8930000005994,P-272634,Nuoc lau san Pepsi truyen thong,228000,168,Ke C2-07,134,2026-08-25
8930000005995,P-879746,Khan giay OMO dam da,173000,70,Ke K5-04,172,2026-07-30
8930000005996,P-631302,Nuoc ngot Barona tiet kiem,429000,211,Ke G3-02,499,2026-08-02
8930000005997,P-567574,Tuong ot Kinh Do it duong,45000,240,Ke E5-04,118,2026-09-03
8930000005998,P-391740,Snack Omachi truyen thong,500000,255,Ke K4-03,802,2026-08-20
8930000005999,P-657381,Snack Lay's it duong,490000,256,Ke G3-02,95,2026-07-29
8930000006000,P-321791,Dau an Lavie chai 1L,388000,222,Ke K3-02,392,2026-09-06
8930000006001,P-439121,Khan giay Hao Hao can 2L,89000,245,Ke B3-05,547,2026-07-07
8930000006002,P-355135,Tuong ot Pepsi khong duong,276000,52,Ke D3-02,239,2026-08-22
8930000006003,P-858490,Sua tuoi Nam Ngu it duong,148000,210,Ke A4-05,606,2026-08-11
8930000006004,P-538555,Nuoc lau san Sting chai 500ml,231000,159,Ke K3-07,716,2026-08-24
8930000006005,P-648887,Ca phe Lifebuoy loc 4 hop,278000,77,Ke B5-08,222,2026-07-17
8930000006006,P-759868,Nuoc tuong Closeup khong duong,57000,70,Ke F3-09,556,2026-08-02
8930000006007,P-256911,Nuoc xa Tuong An huong vi tu nhien,463000,184,Ke A2-02,348,2026-09-25
8930000006008,P-790077,Tuong ot Knorr tiet kiem,343000,199,Ke F1-09,721,2026-07-11
8930000006009,P-213206,Sua tam Lavie truyen thong,217000,293,Ke G2-09,502,2026-08-30
8930000006010,P-714953,Ca phe Red Bull can 2L,43000,121,Ke E1-03,347,2026-09-03
8930000006011,P-359555,Nuoc lau san Comfort truyen thong,475000,132,Ke E1-01,434,2026-08-17
8930000006012,P-881369,Nuoc giat Comfort khong duong,315000,233,Ke G4-06,431,2026-09-13
8930000006013,P-578073,Banh quy Maggi chai 1L,421000,260,Ke K1-04,913,2026-07-18
8930000006014,P-377511,Hat nem Nam Ngu chai 1L,228000,254,Ke H3-05,867,2026-09-21
8930000006015,P-988980,Banh quy Sunlight truyen thong,461000,291,Ke E2-08,923,2026-09-18
8930000006016,P-943170,Nuoc ngot G7 khong duong,363000,33,Ke A2-05,36,2026-07-16
8930000006017,P-580547,Hat nem Lavie truyen thong,389000,266,Ke C4-02,941,2026-08-02
8930000006018,P-746002,Tuong ot Closeup truyen thong,474000,74,Ke A2-02,680,2026-10-02
8930000006019,P-100909,Sua tam Coca Cola chai 1L,147000,228,Ke F1-09,954,2026-08-30
8930000006020,P-872519,Nuoc xa G7 tiet kiem,263000,260,Ke K5-08,538,2026-07-25
8930000006021,P-678719,Nuoc lau san Knorr chai 500ml,440000,261,Ke K4-06,476,2026-07-06
8930000006022,P-249145,Gia vi Red Bull dam da,53000,154,Ke J1-08,939,2026-07-18
8930000006023,P-779091,Ca phe Pepsi dam da,334000,32,Ke G5-03,819,2026-09-05
8930000006024,P-446922,Gia vi OMO chai 500ml,52000,15,Ke I2-03,780,2026-08-01
8930000006025,P-245584,Nuoc lau san Coca Cola chai 1L,269000,222,Ke I5-09,308,2026-09-15
8930000006026,P-655552,Sua tuoi Vinamilk it duong,98000,202,Ke F1-04,50,2026-08-24
8930000006027,P-279130,Dau an Tuong An dam da,52000,144,Ke C1-08,416,2026-08-17
8930000006028,P-663463,Nuoc ngot OMO it duong,113000,177,Ke C5-05,614,2026-08-17
8930000006029,P-182804,Nuoc xa Pepsi huong vi tu nhien,130000,296,Ke G1-01,552,2026-08-30
8930000006030,P-557037,Gia vi Chin-su tiet kiem,370000,249,Ke A3-06,210,2026-07-29
8930000006031,P-194458,Sua tam Nescafe can 2L,206000,40,Ke C5-08,421,2026-08-02
8930000006032,P-182860,Dau goi Omachi dam da,489000,105,Ke F3-06,413,2026-09-25
8930000006033,P-378150,Nuoc suoi Clear it duong,438000,66,Ke F2-09,641,2026-09-09
8930000006034,P-703727,Ca phe Nescafe cao cap,298000,190,Ke D1-03,891,2026-09-27
8930000006035,P-384218,Banh quy G7 tiet kiem,172000,300,Ke A3-01,995,2026-09-30
8930000006036,P-624783,Nuoc mam Tuong An dam da,349000,235,Ke A2-07,733,2026-09-01
8930000006037,P-796643,Nuoc mam Maggi it duong,411000,256,Ke D2-02,209,2026-08-26
8930000006038,P-790388,Dau an Knorr dam da,152000,230,Ke B5-08,892,2026-08-14
8930000006039,P-633188,Nuoc mam Sunlight dam da,391000,250,Ke H5-05,745,2026-09-15
8930000006040,P-724041,Khan giay Chin-su dam da,20000,58,Ke H2-08,913,2026-08-30
8930000006041,P-471371,Nuoc tuong Sunsilk khong duong,44000,179,Ke B4-06,20,2026-08-02
8930000006042,P-978146,Gia vi Pepsi it duong,44000,120,Ke C3-01,678,2026-08-29
8930000006043,P-578693,Gia vi Coca Cola dam da,321000,219,Ke K3-02,624,2026-08-14
8930000006044,P-740774,Dau goi Chin-su can 2L,50000,146,Ke F4-01,434,2026-08-24
8930000006045,P-873959,Nuoc tuong Maggi truyen thong,224000,264,Ke G2-04,452,2026-07-30
8930000006046,P-396882,Kem danh rang Lifebuoy tiet kiem,232000,241,Ke B4-02,182,2026-09-25
8930000006047,P-970708,Gia vi Oishi hop 200g,498000,104,Ke K5-02,504,2026-08-16
8930000006048,P-334176,Nuoc xa Vinamilk cao cap,444000,255,Ke K1-01,130,2026-09-12
8930000006049,P-793805,Nuoc giat Oishi chai 1L,399000,87,Ke E3-06,187,2026-08-08
8930000006050,P-777968,Nuoc lau san Sunlight loc 4 hop,488000,105,Ke A1-04,620,2026-07-26
8930000006051,P-217683,Nuoc xa G7 cao cap,389000,25,Ke G3-07,919,2026-08-21
8930000006052,P-798435,Gia vi Knorr truyen thong,308000,49,Ke K5-07,555,2026-07-13
8930000006053,P-998182,Ca phe Lay's cao cap,264000,254,Ke E5-04,715,2026-09-11
8930000006054,P-834498,Sua tuoi Nam Ngu truyen thong,300000,77,Ke C4-09,879,2026-08-13
8930000006055,P-528090,Nuoc lau san Red Bull huong vi tu nhien,334000,110,Ke H3-06,993,2026-08-02
8930000006056,P-822303,Nuoc tuong Aquafina tiet kiem,442000,151,Ke F4-07,908,2026-08-23
8930000006057,P-802448,Tuong ot Vinamilk hop 200g,76000,138,Ke G3-04,18,2026-07-31
8930000006058,P-608913,Nuoc ngot Simply khong duong,79000,93,Ke F4-06,19,2026-08-31
8930000006059,P-938095,Mi goi Omachi khong duong,218000,206,Ke E2-06,748,2026-10-03
8930000006060,P-140605,Gia vi Tuong An chai 500ml,192000,232,Ke D1-05,788,2026-07-23
8930000006061,P-414985,Dau an Closeup chai 1L,219000,95,Ke C3-08,448,2026-08-10
8930000006062,P-605048,Sua tuoi Nam Ngu goi 85g,80000,262,Ke A4-02,62,2026-09-27
8930000006063,P-734366,Dau an Tuong An chai 500ml,272000,275,Ke K4-05,115,2026-07-15
8930000006064,P-583646,Nuoc giat Colgate hop 200g,125000,204,Ke J4-04,673,2026-07-14
8930000006065,P-242239,Hat nem Sunsilk tiet kiem,316000,108,Ke D5-04,741,2026-09-08
8930000006066,P-698357,Nuoc lau san Sting chai 1L,286000,267,Ke D5-07,534,2026-07-21
8930000006067,P-743644,Nuoc lau san Omachi chai 500ml,265000,67,Ke H2-09,891,2026-08-09
8930000006068,P-517500,Nuoc tuong Hao Hao chai 1L,181000,97,Ke C2-06,38,2026-08-02
8930000006069,P-976638,Khan giay Comfort truyen thong,326000,125,Ke H5-08,238,2026-07-15
8930000006070,P-630829,Kem danh rang Omachi dam da,299000,272,Ke A4-09,261,2026-07-19
8930000006071,P-989921,Dau goi Vinamilk cao cap,103000,111,Ke E2-06,58,2026-07-26
8930000006072,P-400850,Dau goi Sting khong duong,371000,83,Ke G4-03,547,2026-09-22
8930000006073,P-425346,Banh quy Sting chai 1L,228000,238,Ke H5-07,984,2026-08-08
8930000006074,P-205641,Hat nem Lifebuoy hop 200g,249000,43,Ke I1-01,367,2026-07-12
8930000006075,P-806995,Gia vi Sting loc 4 hop,467000,225,Ke I5-04,222,2026-09-29
8930000006076,P-120337,Kem danh rang Nam Ngu truyen thong,251000,148,Ke A4-03,997,2026-09-01
8930000006077,P-773088,Dau an Coca Cola dam da,31000,125,Ke D2-05,569,2026-07-07
8930000006078,P-989079,Nuoc xa Red Bull it duong,202000,184,Ke B5-09,280,2026-07-18
8930000006079,P-374320,Nuoc ngot Lay's goi 85g,424000,214,Ke G1-04,144,2026-07-21
8930000006080,P-936997,Ca phe Vinamilk chai 1L,124000,191,Ke H2-05,478,2026-08-13
8930000006081,P-543940,Tuong ot Lay's goi 85g,181000,248,Ke C4-09,330,2026-09-29
8930000006082,P-434367,Sua tuoi Sting khong duong,286000,158,Ke D5-06,537,2026-10-02
8930000006083,P-565108,Sua tuoi Oishi hop 200g,418000,266,Ke G4-03,802,2026-07-06
8930000006084,P-159642,Nuoc suoi Colgate tiet kiem,451000,165,Ke A3-02,892,2026-08-30
8930000006085,P-961613,Khan giay Vinamilk loc 4 hop,260000,244,Ke D3-08,383,2026-08-30
8930000006086,P-819916,Hat nem Comfort loc 4 hop,490000,169,Ke D4-05,633,2026-07-23
8930000006087,P-244283,Dau goi Hao Hao truyen thong,34000,254,Ke H5-08,467,2026-09-15
8930000006088,P-984274,Dau an Chin-su khong duong,360000,224,Ke E4-02,774,2026-08-23
8930000006089,P-925220,Hat nem Simply huong vi tu nhien,8000,80,Ke H1-03,471,2026-08-18
8930000006090,P-309612,Banh quy Sunlight can 2L,434000,219,Ke J4-07,710,2026-07-23
8930000006091,P-123536,Hat nem Sunlight goi 85g,357000,24,Ke F1-05,366,2026-09-03
8930000006092,P-443238,Nuoc tuong Coca Cola cao cap,307000,10,Ke B4-09,912,2026-09-24
8930000006093,P-875679,Dau an Sunsilk huong vi tu nhien,257000,180,Ke A1-01,412,2026-07-17
8930000006094,P-750810,Khan giay Closeup dam da,489000,183,Ke F5-06,950,2026-07-23
8930000006095,P-592972,Hat nem Sunlight hop 200g,460000,85,Ke C3-05,326,2026-08-19
8930000006096,P-846030,Sua tam Lavie khong duong,111000,97,Ke C1-05,760,2026-07-27
8930000006097,P-323095,Khan giay Knorr loc 4 hop,395000,47,Ke D5-06,671,2026-09-23
8930000006098,P-688132,Nuoc giat Coca Cola hop 200g,310000,106,Ke D1-04,564,2026-09-23
8930000006099,P-856609,Snack Pepsi hop 200g,170000,26,Ke H1-06,755,2026-07-11
8930000006100,P-547470,Sua tam Lay's chai 500ml,365000,38,Ke A4-04,421,2026-09-19
8930000006101,P-980690,Mi goi OMO khong duong,268000,253,Ke E1-09,663,2026-09-19
8930000006102,P-898462,Mi goi Sting it duong,15000,197,Ke J5-04,852,2026-07-28
8930000006103,P-882032,Dau an Kinh Do loc 4 hop,163000,72,Ke I4-09,596,2026-07-18
8930000006104,P-277735,Gia vi Maggi hop 200g,206000,74,Ke I5-04,7,2026-07-13
8930000006105,P-189026,Nuoc mam Nescafe loc 4 hop,31000,189,Ke C1-09,367,2026-09-27
8930000006106,P-448787,Snack Coca Cola huong vi tu nhien,289000,102,Ke B5-02,153,2026-07-12
8930000006107,P-853258,Sua tam TH True Milk loc 4 hop,362000,284,Ke F5-07,333,2026-08-31
8930000006108,P-284084,Khan giay Barona goi 85g,37000,285,Ke E3-01,608,2026-09-03
8930000006109,P-952646,Nuoc tuong Comfort chai 1L,183000,162,Ke H1-03,926,2026-08-01
8930000006110,P-235193,Banh quy Closeup chai 500ml,132000,266,Ke H3-09,483,2026-09-29
8930000006111,P-400096,Snack Coca Cola chai 1L,81000,120,Ke A1-06,401,2026-10-03
8930000006112,P-860835,Gia vi Colgate loc 4 hop,142000,205,Ke B3-01,879,2026-09-21
8930000006113,P-816412,Dau an Comfort tiet kiem,347000,118,Ke F1-07,404,2026-07-15
8930000006114,P-423139,Kem danh rang Sunlight chai 1L,224000,33,Ke F1-06,632,2026-10-01
8930000006115,P-483366,Nuoc lau san Sunlight chai 500ml,332000,195,Ke H4-06,496,2026-07-27
8930000006116,P-216229,Gia vi Nam Ngu tiet kiem,246000,298,Ke D5-02,948,2026-07-18
8930000006117,P-935434,Ca phe Red Bull loc 4 hop,118000,241,Ke C5-01,721,2026-09-09
8930000006118,P-761338,Snack Sunlight khong duong,45000,295,Ke G1-02,27,2026-09-16
8930000006119,P-220294,Nuoc giat Pepsi tiet kiem,142000,259,Ke B3-03,257,2026-07-09
8930000006120,P-415568,Hat nem Chin-su dam da,54000,43,Ke K5-01,133,2026-08-09
8930000006121,P-855053,Sua tam Sunsilk cao cap,71000,125,Ke H4-04,647,2026-07-25
8930000006122,P-533911,Nuoc ngot OMO it duong,488000,132,Ke A5-09,249,2026-09-21
8930000006123,P-953740,Nuoc suoi Aquafina khong duong,130000,256,Ke I1-04,316,2026-08-15
8930000006124,P-862285,Tuong ot OMO it duong,380000,97,Ke I4-05,648,2026-09-14
8930000006125,P-111230,Kem danh rang Pepsi chai 500ml,209000,287,Ke G4-09,34,2026-07-11
8930000006126,P-483010,Snack Barona goi 85g,23000,21,Ke A3-09,589,2026-07-11
8930000006127,P-277292,Kem danh rang Barona truyen thong,388000,115,Ke I1-06,480,2026-08-17
8930000006128,P-597960,Banh quy Barona dam da,439000,165,Ke E2-09,704,2026-08-22
8930000006129,P-534061,Nuoc giat Nescafe dam da,289000,30,Ke H4-05,634,2026-09-20
8930000006130,P-615959,Ca phe Maggi goi 85g,269000,63,Ke F1-05,277,2026-08-10
8930000006131,P-376183,Sua tam Kinh Do hop 200g,339000,179,Ke E1-08,95,2026-09-29
8930000006132,P-801062,Sua tuoi Sunlight chai 1L,473000,191,Ke G2-07,400,2026-08-10
8930000006133,P-185916,Nuoc tuong Nescafe chai 500ml,151000,165,Ke K3-04,795,2026-07-14
8930000006134,P-529016,Dau goi Simply can 2L,479000,259,Ke G4-06,618,2026-07-16
8930000006135,P-755395,Kem danh rang Lay's hop 200g,26000,91,Ke K2-05,288,2026-09-17
8930000006136,P-330074,Hat nem Maggi tiet kiem,290000,57,Ke G2-03,390,2026-08-10
8930000006137,P-852204,Nuoc suoi G7 loc 4 hop,317000,60,Ke I4-02,319,2026-08-15
8930000006138,P-156284,Nuoc mam Nescafe goi 85g,122000,211,Ke D3-09,963,2026-09-26
8930000006139,P-893547,Kem danh rang Sunsilk it duong,105000,49,Ke K3-02,645,2026-09-08
8930000006140,P-733790,Mi goi Closeup it duong,179000,225,Ke B1-08,918,2026-10-03
8930000006141,P-243260,Nuoc mam Red Bull goi 85g,151000,248,Ke D3-05,467,2026-07-22
8930000006142,P-368690,Tuong ot Sting khong duong,386000,94,Ke D5-02,494,2026-08-16
8930000006143,P-455007,Mi goi Lay's truyen thong,500000,213,Ke I2-03,354,2026-07-29
8930000006144,P-103717,Nuoc tuong Lavie cao cap,487000,272,Ke E2-02,220,2026-07-14
8930000006145,P-793939,Snack Lifebuoy cao cap,351000,258,Ke E1-09,458,2026-08-25
8930000006146,P-619373,Nuoc giat Tuong An huong vi tu nhien,446000,236,Ke D5-08,155,2026-07-22
8930000006147,P-698749,Sua tam Hao Hao truyen thong,252000,182,Ke G3-08,496,2026-07-20
8930000006148,P-848831,Gia vi OMO huong vi tu nhien,200000,68,Ke I2-05,268,2026-09-14
8930000006149,P-243167,Snack Hao Hao dam da,262000,24,Ke J3-05,341,2026-08-24
8930000006150,P-200331,Mi goi Oishi cao cap,67000,153,Ke B3-03,526,2026-08-09
8930000006151,P-215027,Hat nem Knorr goi 85g,131000,8,Ke B4-02,686,2026-08-07
8930000006152,P-559450,Banh quy Maggi cao cap,344000,199,Ke E5-02,311,2026-08-25
8930000006153,P-534037,Snack Nam Ngu it duong,255000,183,Ke C1-02,838,2026-08-18
8930000006154,P-239136,Dau goi Lay's dam da,144000,227,Ke K1-07,701,2026-08-26
8930000006155,P-486999,Mi goi Aquafina can 2L,119000,101,Ke H4-09,276,2026-10-03
8930000006156,P-614858,Khan giay Kinh Do it duong,139000,41,Ke K4-09,70,2026-10-02
8930000006157,P-331625,Khan giay Vinamilk can 2L,59000,298,Ke F4-02,672,2026-08-26
8930000006158,P-256826,Kem danh rang Hao Hao loc 4 hop,301000,188,Ke B3-06,334,2026-07-27
8930000006159,P-838797,Tuong ot Nescafe can 2L,442000,113,Ke G5-01,978,2026-08-05
8930000006160,P-951452,Nuoc mam Lay's chai 1L,221000,44,Ke I1-09,263,2026-09-03
8930000006161,P-284430,Nuoc lau san G7 dam da,198000,281,Ke E5-03,878,2026-08-05
8930000006162,P-268546,Nuoc mam Nam Ngu cao cap,456000,16,Ke J5-01,466,2026-10-01
8930000006163,P-303129,Ca phe Clear chai 1L,144000,133,Ke F1-04,22,2026-07-11
8930000006164,P-103468,Sua tuoi Coca Cola cao cap,4000,138,Ke F1-01,523,2026-09-23
8930000006165,P-896788,Nuoc lau san Red Bull it duong,111000,32,Ke A2-08,653,2026-08-16
8930000006166,P-796772,Hat nem Lifebuoy khong duong,416000,238,Ke C2-04,800,2026-08-01
8930000006167,P-133955,Hat nem Comfort chai 1L,316000,170,Ke A3-04,149,2026-07-12
8930000006168,P-476096,Dau goi Maggi huong vi tu nhien,172000,29,Ke E4-04,365,2026-09-07
8930000006169,P-794799,Snack Comfort khong duong,87000,219,Ke K3-05,603,2026-09-07
8930000006170,P-508004,Banh quy OMO tiet kiem,179000,112,Ke J4-04,787,2026-08-25
8930000006171,P-104309,Kem danh rang Hao Hao it duong,349000,182,Ke J5-07,303,2026-09-15
8930000006172,P-862398,Sua tam TH True Milk cao cap,197000,36,Ke A5-09,637,2026-07-05
8930000006173,P-409478,Nuoc giat Chin-su can 2L,133000,10,Ke F1-05,670,2026-07-06
8930000006174,P-703139,Hat nem Hao Hao chai 1L,151000,51,Ke B5-02,718,2026-09-08
8930000006175,P-731977,Sua tam Aquafina chai 1L,161000,30,Ke K2-06,946,2026-08-28
8930000006176,P-677079,Nuoc mam Pepsi huong vi tu nhien,24000,216,Ke C5-03,171,2026-09-09
8930000006177,P-190403,Nuoc lau san Tuong An it duong,187000,241,Ke J5-04,550,2026-07-13
8930000006178,P-210766,Khan giay Lavie hop 200g,156000,193,Ke I5-03,159,2026-08-23
8930000006179,P-498855,Mi goi Colgate can 2L,145000,253,Ke F2-05,637,2026-08-08
8930000006180,P-182627,Nuoc giat Aquafina chai 1L,190000,166,Ke B2-09,866,2026-07-30
8930000006181,P-449636,Khan giay Closeup chai 500ml,226000,108,Ke I2-07,502,2026-08-12
8930000006182,P-180951,Sua tam Aquafina tiet kiem,235000,34,Ke D1-01,80,2026-09-12
8930000006183,P-910065,Dau an Colgate dam da,128000,119,Ke K5-08,364,2026-09-07
8930000006184,P-189870,Nuoc suoi Chin-su dam da,157000,152,Ke I2-06,295,2026-07-09
8930000006185,P-922543,Snack Sunsilk tiet kiem,235000,152,Ke J5-09,729,2026-07-15
8930000006186,P-345386,Hat nem Lay's chai 1L,456000,271,Ke D5-03,370,2026-09-14
8930000006187,P-331512,Kem danh rang Sunlight loc 4 hop,113000,23,Ke J2-06,705,2026-09-02
8930000006188,P-205409,Snack Chin-su dam da,183000,37,Ke H2-05,808,2026-08-16
8930000006189,P-887352,Sua tam Sunlight huong vi tu nhien,484000,226,Ke I5-03,995,2026-09-01
8930000006190,P-828716,Nuoc xa Hao Hao chai 500ml,246000,169,Ke G1-01,558,2026-09-28
8930000006191,P-458411,Mi goi TH True Milk tiet kiem,112000,15,Ke C2-02,732,2026-09-16
8930000006192,P-202827,Tuong ot Oishi chai 500ml,495000,191,Ke B2-02,880,2026-08-11
8930000006193,P-455505,Khan giay G7 it duong,72000,102,Ke C5-06,933,2026-08-31
8930000006194,P-620248,Nuoc ngot Tuong An khong duong,481000,89,Ke G2-03,422,2026-09-17
8930000006195,P-612855,Nuoc ngot Knorr loc 4 hop,166000,108,Ke H1-06,661,2026-09-29
8930000006196,P-937625,Nuoc suoi Lavie dam da,430000,206,Ke H5-08,505,2026-07-25
8930000006197,P-702022,Nuoc lau san OMO huong vi tu nhien,395000,45,Ke K1-06,779,2026-07-18
8930000006198,P-673095,Nuoc ngot Nam Ngu khong duong,219000,279,Ke E2-04,928,2026-09-11
8930000006199,P-724103,Dau goi Nam Ngu chai 500ml,184000,142,Ke G5-01,212,2026-09-09
8930000006200,P-694916,Dau goi Comfort truyen thong,291000,101,Ke B1-06,455,2026-09-23
8930000006201,P-170953,Gia vi Sting it duong,93000,107,Ke I1-06,300,2026-08-21
8930000006202,P-809731,Snack Omachi can 2L,498000,291,Ke H4-03,645,2026-08-16
8930000006203,P-394739,Sua tuoi Maggi khong duong,452000,115,Ke F4-05,22,2026-07-09
8930000006204,P-662093,Gia vi Simply huong vi tu nhien,321000,278,Ke G5-02,614,2026-08-17
8930000006205,P-185955,Sua tuoi Red Bull truyen thong,290000,228,Ke H5-07,583,2026-07-22
8930000006206,P-102303,Khan giay Oishi it duong,344000,273,Ke B5-02,908,2026-07-15
8930000006207,P-214266,Gia vi Knorr goi 85g,499000,240,Ke E4-02,177,2026-09-03
8930000006208,P-491738,Mi goi Lay's truyen thong,342000,9,Ke A2-05,93,2026-08-18
8930000006209,P-280941,Snack Hao Hao can 2L,437000,172,Ke I4-04,920,2026-08-07
8930000006210,P-258787,Tuong ot Lavie it duong,106000,89,Ke H1-03,516,2026-07-20
8930000006211,P-506415,Khan giay Coca Cola chai 1L,495000,227,Ke I4-09,377,2026-07-26
8930000006212,P-215795,Nuoc suoi Nam Ngu dam da,48000,202,Ke C1-01,729,2026-07-10
8930000006213,P-165308,Dau goi Aquafina tiet kiem,46000,161,Ke J3-08,211,2026-07-17
8930000006214,P-618317,Dau goi Clear chai 500ml,353000,153,Ke D1-01,348,2026-08-19
8930000006215,P-608947,Nuoc giat Red Bull dam da,342000,28,Ke D1-03,472,2026-08-22
8930000006216,P-332542,Gia vi Pepsi huong vi tu nhien,288000,284,Ke J3-09,392,2026-07-17
8930000006217,P-578933,Nuoc giat Lay's it duong,172000,271,Ke E2-05,923,2026-09-13
8930000006218,P-975804,Tuong ot Hao Hao loc 4 hop,293000,146,Ke F2-02,172,2026-08-20
8930000006219,P-146168,Nuoc tuong Pepsi huong vi tu nhien,220000,76,Ke K1-09,110,2026-07-25
8930000006220,P-128276,Banh quy Closeup loc 4 hop,27000,299,Ke J5-02,324,2026-09-18
8930000006221,P-166287,Ca phe Clear dam da,152000,6,Ke F1-09,357,2026-10-02
8930000006222,P-649249,Mi goi Lifebuoy it duong,348000,141,Ke H3-03,993,2026-07-19
8930000006223,P-256189,Dau goi Barona it duong,404000,217,Ke E1-03,175,2026-08-12
8930000006224,P-457264,Ca phe Sting khong duong,166000,141,Ke D5-03,292,2026-08-21
8930000006225,P-860397,Tuong ot Lay's truyen thong,206000,11,Ke E2-05,26,2026-07-27
8930000006226,P-992400,Mi goi Sting loc 4 hop,365000,146,Ke C3-04,951,2026-07-22
8930000006227,P-467335,Dau goi G7 cao cap,175000,100,Ke H4-09,876,2026-09-11
8930000006228,P-435112,Sua tuoi Oishi dam da,283000,286,Ke B2-03,314,2026-08-15
8930000006229,P-792818,Dau goi Hao Hao loc 4 hop,455000,86,Ke I1-08,1,2026-09-13
8930000006230,P-900177,Sua tuoi Lay's tiet kiem,434000,244,Ke J1-07,690,2026-09-02
8930000006231,P-419588,Kem danh rang Sunlight dam da,428000,167,Ke J1-02,480,2026-08-21
8930000006232,P-265860,Tuong ot Simply dam da,228000,33,Ke C3-04,244,2026-08-01
8930000006233,P-234568,Khan giay Red Bull huong vi tu nhien,275000,204,Ke A3-04,478,2026-08-03
8930000006234,P-806033,Kem danh rang Nescafe can 2L,95000,193,Ke D4-02,504,2026-09-16
8930000006235,P-928278,Banh quy Closeup dam da,168000,122,Ke D2-01,7,2026-09-08
8930000006236,P-771967,Nuoc mam Lavie chai 1L,297000,217,Ke E4-05,938,2026-09-25
8930000006237,P-170559,Tuong ot Barona it duong,38000,56,Ke F1-07,515,2026-09-04
8930000006238,P-130477,Khan giay Knorr goi 85g,387000,159,Ke C2-07,671,2026-08-09
8930000006239,P-421517,Tuong ot Kinh Do chai 500ml,157000,113,Ke A5-01,211,2026-07-13
8930000006240,P-691573,Ca phe Lifebuoy hop 200g,63000,131,Ke B3-07,655,2026-08-21
8930000006241,P-487896,Tuong ot Sunlight truyen thong,197000,226,Ke H1-04,410,2026-08-25
8930000006242,P-902328,Sua tam Maggi truyen thong,103000,173,Ke B3-06,172,2026-09-10
8930000006243,P-638169,Nuoc lau san Sunsilk cao cap,72000,113,Ke C3-04,850,2026-08-25
8930000006244,P-146448,Nuoc lau san Closeup chai 500ml,374000,100,Ke J4-04,729,2026-09-01
8930000006245,P-412974,Khan giay Sunlight chai 1L,184000,229,Ke H3-09,245,2026-07-13
8930000006246,P-483405,Hat nem Aquafina khong duong,64000,259,Ke A4-05,6,2026-08-09
8930000006247,P-753516,Ca phe Kinh Do khong duong,103000,44,Ke F3-01,159,2026-08-25
8930000006248,P-604605,Nuoc suoi Sting goi 85g,107000,9,Ke H3-01,109,2026-08-13
8930000006249,P-143860,Tuong ot Omachi can 2L,327000,15,Ke D3-02,258,2026-09-20
8930000006250,P-910090,Sua tuoi Closeup chai 500ml,67000,199,Ke J4-04,840,2026-08-12
8930000006251,P-611650,Ca phe Chin-su can 2L,480000,83,Ke B2-07,969,2026-08-31
8930000006252,P-459743,Snack Knorr it duong,201000,254,Ke G5-08,625,2026-08-09
8930000006253,P-438270,Nuoc xa Closeup loc 4 hop,202000,250,Ke K2-07,610,2026-07-30
8930000006254,P-918011,Sua tam Lifebuoy it duong,5000,50,Ke D2-04,135,2026-08-02
8930000006255,P-145649,Khan giay Sunsilk goi 85g,380000,286,Ke C1-08,1,2026-09-12
8930000006256,P-819380,Sua tam Closeup can 2L,64000,295,Ke G1-05,877,2026-07-18
8930000006257,P-597549,Ca phe Lay's dam da,441000,281,Ke F1-05,752,2026-08-06
8930000006258,P-188834,Kem danh rang Pepsi dam da,215000,26,Ke D5-05,597,2026-08-23
8930000006259,P-952657,Dau an Coca Cola huong vi tu nhien,422000,219,Ke I2-03,993,2026-07-31
8930000006260,P-257880,Nuoc giat Oishi chai 500ml,366000,211,Ke B3-02,771,2026-10-02
8930000006261,P-739098,Gia vi Barona chai 1L,198000,40,Ke K3-03,635,2026-09-09
8930000006262,P-975271,Nuoc mam Clear chai 500ml,491000,236,Ke I5-01,932,2026-07-25
8930000006263,P-947607,Nuoc lau san Lavie tiet kiem,456000,27,Ke G5-01,195,2026-09-26
8930000006264,P-776604,Hat nem Knorr truyen thong,386000,252,Ke B1-03,50,2026-09-16
8930000006265,P-959691,Nuoc xa Nam Ngu huong vi tu nhien,428000,76,Ke D5-06,653,2026-07-22
8930000006266,P-237118,Snack Lifebuoy dam da,358000,76,Ke J2-01,475,2026-09-14
8930000006267,P-629057,Dau an Nam Ngu huong vi tu nhien,407000,109,Ke D3-09,153,2026-09-05
8930000006268,P-688730,Hat nem Oishi goi 85g,319000,188,Ke B1-02,980,2026-09-03
8930000006269,P-884170,Khan giay Oishi can 2L,393000,245,Ke D5-08,616,2026-09-13
8930000006270,P-648496,Nuoc giat Nescafe can 2L,202000,229,Ke I2-04,400,2026-10-03
8930000006271,P-256782,Nuoc tuong Lifebuoy loc 4 hop,96000,71,Ke J4-07,336,2026-09-20
8930000006272,P-938769,Ca phe Tuong An cao cap,136000,265,Ke G3-08,277,2026-09-08
8930000006273,P-688956,Sua tuoi Maggi chai 1L,82000,16,Ke G5-02,316,2026-07-09
8930000006274,P-144109,Nuoc tuong Colgate loc 4 hop,417000,294,Ke J1-09,719,2026-08-08
8930000006275,P-743378,Dau an TH True Milk khong duong,434000,268,Ke B1-04,10,2026-10-03
8930000006276,P-766158,Nuoc lau san Tuong An it duong,475000,116,Ke J1-05,919,2026-09-23
8930000006277,P-456717,Gia vi Lifebuoy goi 85g,62000,43,Ke K4-07,255,2026-09-09
8930000006278,P-335113,Sua tuoi Colgate chai 500ml,3000,237,Ke E5-06,54,2026-08-28
8930000006279,P-360322,Ca phe Simply khong duong,228000,54,Ke J2-09,908,2026-07-12
8930000006280,P-835381,Sua tuoi Omachi truyen thong,269000,148,Ke K3-02,815,2026-08-12
8930000006281,P-461145,Mi goi Closeup chai 1L,306000,114,Ke K4-03,279,2026-09-26
8930000006282,P-849666,Nuoc lau san Clear goi 85g,395000,174,Ke B4-04,135,2026-09-03
8930000006283,P-823468,Nuoc lau san Hao Hao it duong,253000,12,Ke F4-05,78,2026-09-29
8930000006284,P-196781,Hat nem Red Bull chai 1L,477000,86,Ke C4-06,615,2026-08-30
8930000006285,P-653081,Nuoc ngot Lifebuoy chai 500ml,68000,189,Ke I2-09,358,2026-09-23
8930000006286,P-401603,Sua tam Simply chai 500ml,255000,269,Ke B1-07,289,2026-08-29
8930000006287,P-373276,Sua tam Pepsi goi 85g,143000,250,Ke B2-03,701,2026-07-16
8930000006288,P-550770,Banh quy OMO dam da,400000,35,Ke C5-02,962,2026-08-21
8930000006289,P-947082,Nuoc lau san Sunsilk cao cap,444000,179,Ke K1-02,564,2026-08-17
8930000006290,P-710156,Nuoc lau san Kinh Do dam da,426000,32,Ke B3-07,46,2026-09-17
8930000006291,P-565471,Tuong ot Sunsilk truyen thong,192000,132,Ke F5-07,521,2026-09-13
8930000006292,P-730025,Nuoc lau san Oishi huong vi tu nhien,52000,143,Ke A5-02,869,2026-09-16
8930000006293,P-310743,Hat nem Lavie chai 1L,119000,46,Ke G4-07,404,2026-09-27
8930000006294,P-802382,Dau an Sting dam da,206000,292,Ke J2-08,541,2026-07-14
8930000006295,P-238741,Nuoc tuong Nescafe loc 4 hop,448000,244,Ke I4-02,558,2026-09-24
8930000006296,P-117233,Khan giay Nam Ngu goi 85g,120000,162,Ke H4-01,356,2026-09-22
8930000006297,P-724377,Sua tuoi Colgate tiet kiem,382000,135,Ke H2-01,642,2026-07-24
8930000006298,P-934328,Sua tuoi Chin-su goi 85g,87000,53,Ke D1-02,713,2026-08-26
8930000006299,P-644173,Nuoc lau san Chin-su loc 4 hop,325000,52,Ke E2-01,280,2026-08-27
8930000006300,P-216968,Ca phe Coca Cola hop 200g,240000,277,Ke K5-05,150,2026-08-23
8930000006301,P-558089,Gia vi Pepsi it duong,156000,13,Ke A1-08,429,2026-07-28
8930000006302,P-979827,Khan giay Simply it duong,144000,189,Ke A1-05,106,2026-07-16
8930000006303,P-969642,Kem danh rang Kinh Do cao cap,47000,106,Ke K1-04,26,2026-08-08
8930000006304,P-640299,Dau goi Sunlight chai 1L,39000,249,Ke A4-02,397,2026-07-08
8930000006305,P-507286,Dau goi Nescafe truyen thong,140000,216,Ke E5-03,815,2026-07-13
8930000006306,P-811521,Sua tuoi Barona hop 200g,270000,255,Ke C5-05,786,2026-07-29
8930000006307,P-256812,Mi goi G7 dam da,276000,204,Ke J4-03,231,2026-08-29
8930000006308,P-714054,Nuoc suoi Maggi loc 4 hop,31000,172,Ke F4-03,871,2026-08-25
8930000006309,P-793029,Nuoc xa Sunsilk can 2L,90000,47,Ke D5-07,873,2026-09-08
8930000006310,P-183667,Dau goi Omachi huong vi tu nhien,365000,43,Ke G1-05,598,2026-07-09
8930000006311,P-108887,Ca phe Hao Hao can 2L,379000,85,Ke D1-01,64,2026-08-08
8930000006312,P-669408,Banh quy Lifebuoy tiet kiem,202000,221,Ke I4-04,837,2026-08-08
8930000006313,P-718213,Dau an Hao Hao truyen thong,282000,190,Ke I5-04,862,2026-08-20
8930000006314,P-152512,Nuoc lau san Tuong An truyen thong,371000,31,Ke E4-01,797,2026-08-18
8930000006315,P-943890,Nuoc giat Kinh Do tiet kiem,84000,218,Ke F4-06,393,2026-07-07
8930000006316,P-592198,Nuoc suoi Hao Hao cao cap,222000,166,Ke G4-07,468,2026-09-21
8930000006317,P-381581,Snack Sting tiet kiem,408000,62,Ke B1-03,39,2026-08-01
8930000006318,P-250840,Sua tuoi Hao Hao goi 85g,355000,14,Ke F5-04,783,2026-08-17
8930000006319,P-130359,Gia vi Pepsi can 2L,326000,100,Ke G2-06,738,2026-08-21
8930000006320,P-170841,Dau an Aquafina can 2L,218000,45,Ke F1-04,192,2026-08-20
8930000006321,P-558320,Khan giay OMO cao cap,265000,137,Ke I1-09,427,2026-09-25
8930000006322,P-498591,Nuoc lau san Pepsi cao cap,392000,269,Ke D1-05,209,2026-08-29
8930000006323,P-105433,Dau an Chin-su hop 200g,311000,258,Ke I3-04,133,2026-09-18
8930000006324,P-818807,Sua tuoi Kinh Do truyen thong,126000,117,Ke J5-04,9,2026-07-23
8930000006325,P-522988,Sua tuoi Tuong An huong vi tu nhien,27000,131,Ke H4-06,567,2026-08-25
8930000006326,P-635348,Gia vi Closeup huong vi tu nhien,57000,160,Ke A3-07,340,2026-10-03
8930000006327,P-652329,Dau an Comfort chai 500ml,233000,285,Ke H1-01,625,2026-08-23
8930000006328,P-925206,Khan giay TH True Milk khong duong,352000,241,Ke J5-01,277,2026-08-14
8930000006329,P-523037,Tuong ot Coca Cola hop 200g,442000,39,Ke J5-02,528,2026-09-09
8930000006330,P-302127,Nuoc lau san Pepsi loc 4 hop,274000,281,Ke D4-03,418,2026-07-20
8930000006331,P-424703,Sua tam Kinh Do chai 1L,361000,104,Ke G4-08,906,2026-09-25
8930000006332,P-548965,Nuoc giat Barona truyen thong,237000,167,Ke C5-07,733,2026-07-08
8930000006333,P-134303,Gia vi Lifebuoy loc 4 hop,480000,97,Ke G5-02,366,2026-08-30
8930000006334,P-219420,Nuoc tuong Colgate hop 200g,239000,281,Ke I1-05,98,2026-07-07
8930000006335,P-644500,Dau an Tuong An chai 500ml,429000,88,Ke H4-01,370,2026-09-29
8930000006336,P-946803,Nuoc tuong OMO can 2L,175000,178,Ke A3-07,166,2026-08-31
8930000006337,P-959972,Ca phe Comfort goi 85g,44000,283,Ke I5-07,452,2026-07-29
8930000006338,P-589554,Gia vi Lifebuoy chai 500ml,445000,17,Ke B2-02,942,2026-07-22
8930000006339,P-647718,Tuong ot G7 can 2L,34000,229,Ke E1-05,896,2026-09-12
8930000006340,P-172933,Sua tuoi Hao Hao it duong,144000,280,Ke E2-09,908,2026-09-11
8930000006341,P-329183,Nuoc tuong Closeup tiet kiem,478000,43,Ke E1-05,399,2026-09-11
8930000006342,P-795612,Ca phe Red Bull goi 85g,226000,105,Ke F4-03,220,2026-08-12
8930000006343,P-826420,Nuoc mam Red Bull it duong,122000,29,Ke I5-01,247,2026-08-25
8930000006344,P-907789,Snack Sunsilk loc 4 hop,161000,208,Ke K5-05,822,2026-09-02
8930000006345,P-107790,Nuoc mam Comfort dam da,385000,26,Ke J3-05,981,2026-07-19
8930000006346,P-517469,Dau goi Nescafe chai 1L,55000,254,Ke H2-01,800,2026-08-04
8930000006347,P-402630,Gia vi Barona huong vi tu nhien,296000,43,Ke J5-09,865,2026-08-29
8930000006348,P-196126,Dau goi Sting chai 1L,37000,243,Ke A5-06,120,2026-09-22
8930000006349,P-429963,Banh quy Nam Ngu truyen thong,433000,184,Ke G2-06,494,2026-07-07
8930000006350,P-359870,Dau goi Omachi dam da,32000,22,Ke C5-01,354,2026-08-06
8930000006351,P-283027,Gia vi Lifebuoy chai 500ml,194000,16,Ke A1-05,304,2026-08-29
8930000006352,P-195513,Mi goi Aquafina chai 1L,438000,200,Ke K2-01,967,2026-08-17
8930000006353,P-476701,Nuoc giat Maggi khong duong,257000,195,Ke G2-03,22,2026-09-13
8930000006354,P-377501,Nuoc ngot Sting chai 500ml,279000,295,Ke C5-04,577,2026-07-06
8930000006355,P-185131,Sua tuoi Lavie it duong,238000,19,Ke B2-08,725,2026-08-14
8930000006356,P-375769,Sua tuoi Closeup can 2L,97000,7,Ke K2-03,912,2026-08-29
8930000006357,P-570622,Nuoc lau san Lay's it duong,428000,77,Ke D4-08,938,2026-08-18
8930000006358,P-284431,Sua tam Red Bull can 2L,316000,143,Ke G4-09,332,2026-09-07
8930000006359,P-172965,Nuoc mam Tuong An dam da,498000,155,Ke I3-03,428,2026-07-12
8930000006360,P-533377,Nuoc tuong Lay's goi 85g,500000,286,Ke A4-08,367,2026-08-04
8930000006361,P-297132,Ca phe Pepsi tiet kiem,179000,276,Ke F4-09,380,2026-08-14
8930000006362,P-460745,Ca phe Aquafina dam da,400000,96,Ke E2-08,581,2026-09-03
8930000006363,P-858414,Nuoc suoi Coca Cola goi 85g,351000,70,Ke K5-09,975,2026-08-18
8930000006364,P-507723,Mi goi Coca Cola chai 500ml,76000,98,Ke K5-08,998,2026-09-07
8930000006365,P-145934,Snack Hao Hao dam da,284000,244,Ke H5-07,246,2026-08-31
8930000006366,P-652530,Mi goi Tuong An loc 4 hop,289000,249,Ke K4-08,307,2026-08-08
8930000006367,P-527940,Sua tam Sunsilk it duong,302000,233,Ke K1-01,197,2026-09-25
8930000006368,P-212214,Nuoc lau san Nescafe can 2L,439000,96,Ke H4-07,991,2026-09-26
8930000006369,P-492292,Sua tam Closeup goi 85g,261000,272,Ke K4-08,683,2026-08-28
8930000006370,P-682789,Nuoc mam Vinamilk chai 500ml,354000,20,Ke K3-08,547,2026-08-27
8930000006371,P-498535,Dau goi Chin-su khong duong,424000,40,Ke G2-05,790,2026-08-12
8930000006372,P-902930,Snack Kinh Do goi 85g,372000,212,Ke F1-06,238,2026-09-23
8930000006373,P-217301,Dau an Kinh Do loc 4 hop,459000,41,Ke K2-09,128,2026-07-15
8930000006374,P-156415,Khan giay G7 cao cap,433000,252,Ke J1-09,766,2026-08-09
8930000006375,P-384303,Nuoc lau san Pepsi chai 500ml,406000,60,Ke K3-07,858,2026-08-12
8930000006376,P-725850,Banh quy OMO tiet kiem,55000,258,Ke A3-04,628,2026-08-11
8930000006377,P-389617,Nuoc giat TH True Milk dam da,462000,176,Ke F2-03,396,2026-08-25
8930000006378,P-531589,Mi goi Clear khong duong,137000,202,Ke F3-03,704,2026-07-11
8930000006379,P-171951,Khan giay Aquafina truyen thong,251000,292,Ke H2-06,117,2026-08-16
8930000006380,P-339499,Nuoc tuong Simply khong duong,5000,97,Ke C4-02,84,2026-09-06
8930000006381,P-276379,Mi goi G7 huong vi tu nhien,33000,78,Ke B3-09,52,2026-09-29
8930000006382,P-246748,Nuoc tuong Tuong An can 2L,354000,166,Ke F3-08,700,2026-08-02
8930000006383,P-460120,Hat nem Knorr cao cap,333000,115,Ke C5-03,234,2026-07-18
8930000006384,P-408721,Mi goi Nam Ngu khong duong,342000,38,Ke I2-07,399,2026-07-21
8930000006385,P-853504,Nuoc suoi Lay's goi 85g,130000,188,Ke J5-01,536,2026-08-30
8930000006386,P-165142,Dau goi Lay's goi 85g,419000,259,Ke D2-08,913,2026-08-24
8930000006387,P-478458,Nuoc lau san Tuong An tiet kiem,174000,223,Ke C4-02,922,2026-07-13
8930000006388,P-803724,Tuong ot Sting huong vi tu nhien,323000,78,Ke E3-07,869,2026-07-17
8930000006389,P-406166,Nuoc lau san Tuong An chai 500ml,291000,282,Ke J1-01,388,2026-08-13
8930000006390,P-601207,Sua tuoi Oishi loc 4 hop,242000,273,Ke D1-07,150,2026-08-10
8930000006391,P-886159,Ca phe Coca Cola truyen thong,172000,262,Ke I5-09,511,2026-09-11
8930000006392,P-772464,Nuoc suoi Tuong An tiet kiem,156000,204,Ke D1-03,745,2026-07-28
8930000006393,P-980651,Nuoc suoi OMO khong duong,354000,26,Ke J2-08,313,2026-07-21
8930000006394,P-439984,Hat nem Closeup hop 200g,426000,27,Ke J5-02,701,2026-09-23
8930000006395,P-338533,Dau an Omachi huong vi tu nhien,96000,42,Ke F1-03,660,2026-07-08
8930000006396,P-886325,Nuoc lau san Aquafina dam da,110000,201,Ke I3-01,332,2026-08-27
8930000006397,P-774734,Nuoc ngot Lifebuoy chai 1L,345000,174,Ke C2-08,8,2026-10-03
8930000006398,P-117975,Nuoc tuong Sunlight can 2L,258000,248,Ke F1-01,768,2026-09-28
8930000006399,P-778700,Tuong ot Chin-su khong duong,496000,225,Ke A4-04,293,2026-08-05
8930000006400,P-151413,Nuoc lau san Clear loc 4 hop,125000,87,Ke G4-05,901,2026-07-27
8930000006401,P-984293,Ca phe Pepsi loc 4 hop,328000,117,Ke B1-04,143,2026-09-06
8930000006402,P-246570,Hat nem Nescafe cao cap,416000,186,Ke E2-08,732,2026-08-09
8930000006403,P-813793,Nuoc xa Simply huong vi tu nhien,385000,187,Ke I3-09,178,2026-09-24
8930000006404,P-966028,Khan giay Pepsi truyen thong,145000,179,Ke J5-07,558,2026-09-14
8930000006405,P-401022,Dau an Tuong An it duong,50000,74,Ke K1-03,364,2026-08-18
8930000006406,P-946112,Nuoc lau san G7 hop 200g,269000,105,Ke J2-04,21,2026-08-03
8930000006407,P-631413,Nuoc tuong Hao Hao loc 4 hop,59000,70,Ke F4-01,678,2026-08-12
8930000006408,P-377405,Nuoc giat Maggi huong vi tu nhien,237000,260,Ke J2-05,259,2026-08-21
8930000006409,P-790993,Ca phe Clear can 2L,169000,229,Ke B1-04,859,2026-09-19
8930000006410,P-142608,Kem danh rang OMO tiet kiem,358000,217,Ke I4-04,119,2026-07-09
8930000006411,P-841521,Banh quy Omachi loc 4 hop,83000,203,Ke E3-07,907,2026-09-04
8930000006412,P-745474,Gia vi Tuong An chai 1L,273000,151,Ke F5-04,725,2026-09-21
8930000006413,P-636141,Sua tuoi OMO hop 200g,10000,103,Ke F5-06,515,2026-08-04
8930000006414,P-465219,Dau an Coca Cola it duong,351000,100,Ke H3-01,858,2026-09-10
8930000006415,P-938171,Nuoc xa Colgate dam da,313000,84,Ke G3-03,113,2026-10-03
8930000006416,P-809621,Nuoc mam Simply goi 85g,402000,229,Ke C5-09,31,2026-08-02
8930000006417,P-684194,Hat nem Pepsi chai 1L,481000,162,Ke J4-01,387,2026-07-12
8930000006418,P-600149,Khan giay Comfort chai 500ml,299000,6,Ke K1-07,678,2026-07-15
8930000006419,P-220936,Nuoc suoi Simply truyen thong,341000,127,Ke F4-03,193,2026-07-21
8930000006420,P-259540,Snack OMO huong vi tu nhien,91000,42,Ke B1-09,482,2026-10-03
8930000006421,P-419739,Banh quy Vinamilk huong vi tu nhien,278000,76,Ke C2-01,367,2026-09-03
8930000006422,P-441968,Dau an Clear khong duong,24000,282,Ke J2-06,392,2026-09-27
8930000006423,P-735053,Nuoc lau san Oishi goi 85g,18000,154,Ke G4-02,869,2026-08-07
8930000006424,P-567432,Nuoc ngot Comfort huong vi tu nhien,445000,52,Ke E4-09,185,2026-08-31
8930000006425,P-623238,Nuoc giat Comfort chai 500ml,462000,294,Ke J1-02,926,2026-08-02
8930000006426,P-543588,Tuong ot Oishi huong vi tu nhien,407000,205,Ke G3-01,753,2026-08-13
8930000006427,P-359295,Nuoc lau san G7 cao cap,375000,262,Ke F4-07,797,2026-09-29
8930000006428,P-804313,Nuoc mam Sting it duong,65000,222,Ke A2-06,54,2026-09-14
8930000006429,P-576089,Ca phe Maggi chai 500ml,10000,206,Ke D2-08,803,2026-09-26
8930000006430,P-976566,Kem danh rang Omachi loc 4 hop,471000,50,Ke K4-05,796,2026-07-14
8930000006431,P-990856,Snack Pepsi loc 4 hop,198000,279,Ke G4-08,406,2026-07-14
8930000006432,P-505674,Nuoc suoi Pepsi hop 200g,441000,66,Ke E2-09,312,2026-10-02
8930000006433,P-197666,Sua tuoi Vinamilk huong vi tu nhien,431000,61,Ke D4-05,195,2026-08-07
8930000006434,P-403445,Nuoc lau san Tuong An can 2L,377000,54,Ke A4-04,519,2026-09-11
8930000006435,P-724932,Tuong ot Chin-su khong duong,169000,282,Ke D2-08,437,2026-09-12
8930000006436,P-239449,Dau an Sunlight it duong,371000,125,Ke E3-01,118,2026-08-21
8930000006437,P-946934,Nuoc suoi Hao Hao can 2L,255000,212,Ke F4-09,431,2026-08-09
8930000006438,P-200195,Mi goi TH True Milk truyen thong,336000,30,Ke A1-06,612,2026-09-22
8930000006439,P-990742,Nuoc ngot G7 chai 1L,86000,142,Ke H5-04,638,2026-09-06
8930000006440,P-555292,Tuong ot Knorr goi 85g,343000,300,Ke B3-01,131,2026-08-14
8930000006441,P-877722,Gia vi Colgate cao cap,202000,120,Ke B3-06,648,2026-08-20
8930000006442,P-735710,Nuoc lau san TH True Milk cao cap,12000,262,Ke H3-08,790,2026-08-21
8930000006443,P-413884,Nuoc giat Lavie dam da,487000,113,Ke B5-04,753,2026-07-25
8930000006444,P-344312,Dau an Nam Ngu can 2L,30000,280,Ke E3-05,397,2026-07-27
8930000006445,P-372933,Snack Vinamilk dam da,344000,106,Ke K5-02,250,2026-07-31
8930000006446,P-579911,Kem danh rang Lifebuoy cao cap,155000,60,Ke I3-03,630,2026-09-05
8930000006447,P-287847,Nuoc mam Coca Cola truyen thong,146000,170,Ke H1-02,481,2026-08-07
8930000006448,P-536822,Hat nem Simply can 2L,341000,24,Ke B1-07,370,2026-09-09
8930000006449,P-248989,Dau goi TH True Milk chai 500ml,153000,294,Ke H1-03,484,2026-07-22
8930000006450,P-498290,Hat nem Kinh Do cao cap,22000,278,Ke C4-03,662,2026-07-13
8930000006451,P-162036,Nuoc xa Sting chai 500ml,217000,5,Ke G1-05,118,2026-07-31
8930000006452,P-479404,Sua tam Lay's chai 1L,8000,189,Ke G4-02,86,2026-07-24
8930000006453,P-748458,Nuoc mam Nescafe hop 200g,69000,49,Ke A4-06,514,2026-08-09
8930000006454,P-963245,Ca phe Simply chai 500ml,290000,126,Ke A5-08,329,2026-09-05
8930000006455,P-920347,Tuong ot Lifebuoy chai 1L,104000,62,Ke E5-03,513,2026-07-15
8930000006456,P-366776,Gia vi Pepsi hop 200g,51000,269,Ke K4-02,675,2026-08-04
8930000006457,P-377880,Snack Colgate chai 1L,282000,226,Ke D3-06,675,2026-08-29
8930000006458,P-559023,Gia vi Coca Cola loc 4 hop,344000,91,Ke C1-07,828,2026-07-23
8930000006459,P-387286,Gia vi Closeup khong duong,176000,180,Ke I2-01,11,2026-09-08
8930000006460,P-382495,Kem danh rang Nescafe huong vi tu nhien,342000,287,Ke H3-07,641,2026-09-02
8930000006461,P-747847,Nuoc suoi Clear loc 4 hop,318000,54,Ke A5-09,356,2026-09-04
8930000006462,P-503402,Ca phe Nescafe goi 85g,125000,48,Ke J2-08,742,2026-09-13
8930000006463,P-995296,Nuoc giat Sunlight tiet kiem,467000,231,Ke I2-05,48,2026-08-01
8930000006464,P-362035,Gia vi Comfort cao cap,323000,101,Ke C5-02,961,2026-07-24
8930000006465,P-839142,Mi goi Coca Cola cao cap,245000,49,Ke H4-02,122,2026-10-03
8930000006466,P-393366,Hat nem Knorr huong vi tu nhien,92000,32,Ke H2-07,67,2026-08-01
8930000006467,P-212255,Ca phe Lavie can 2L,390000,138,Ke B4-02,514,2026-08-30
8930000006468,P-107543,Nuoc lau san Vinamilk huong vi tu nhien,408000,36,Ke A1-02,233,2026-09-03
8930000006469,P-164664,Banh quy Comfort cao cap,329000,91,Ke B3-09,602,2026-10-01
8930000006470,P-382329,Nuoc suoi Barona huong vi tu nhien,43000,52,Ke D5-03,111,2026-08-19
8930000006471,P-157105,Nuoc tuong Sunlight truyen thong,453000,44,Ke J2-08,786,2026-08-02
8930000006472,P-156911,Dau an Tuong An loc 4 hop,130000,234,Ke G3-06,386,2026-09-24
8930000006473,P-124906,Nuoc lau san Clear truyen thong,454000,163,Ke G5-02,382,2026-07-07
8930000006474,P-935461,Nuoc tuong Clear it duong,108000,208,Ke F5-08,316,2026-08-02
8930000006475,P-802667,Banh quy Barona cao cap,495000,58,Ke E5-08,759,2026-07-07
8930000006476,P-519453,Nuoc ngot Lay's khong duong,360000,12,Ke I2-04,965,2026-07-29
8930000006477,P-403387,Dau an Comfort truyen thong,195000,182,Ke G1-08,547,2026-07-14
8930000006478,P-157219,Gia vi Coca Cola goi 85g,457000,41,Ke C4-07,421,2026-07-08
8930000006479,P-837945,Khan giay Oishi dam da,200000,298,Ke J2-08,890,2026-08-07
8930000006480,P-491255,Sua tuoi Closeup goi 85g,418000,222,Ke G3-08,942,2026-08-27
8930000006481,P-669488,Nuoc tuong Clear chai 1L,193000,235,Ke H3-08,502,2026-08-09
8930000006482,P-290556,Nuoc xa Nam Ngu truyen thong,343000,264,Ke A1-08,325,2026-09-29
8930000006483,P-405925,Sua tam G7 khong duong,101000,132,Ke H2-04,579,2026-09-03
8930000006484,P-165602,Nuoc suoi Sting tiet kiem,147000,52,Ke K2-07,510,2026-07-24
8930000006485,P-757924,Nuoc lau san Coca Cola chai 500ml,232000,31,Ke H2-09,926,2026-08-17
8930000006486,P-878656,Nuoc suoi Comfort chai 1L,4000,189,Ke C1-08,898,2026-09-07
8930000006487,P-478120,Dau an Kinh Do it duong,114000,6,Ke K3-09,817,2026-08-08
8930000006488,P-910389,Nuoc tuong Oishi khong duong,412000,265,Ke I1-03,731,2026-07-09
8930000006489,P-904812,Nuoc mam Oishi cao cap,421000,182,Ke F4-07,633,2026-09-06
8930000006490,P-305837,Banh quy G7 goi 85g,278000,115,Ke H1-08,612,2026-07-21
8930000006491,P-290926,Mi goi Comfort truyen thong,347000,10,Ke G2-04,701,2026-07-11
8930000006492,P-219562,Mi goi Aquafina truyen thong,147000,120,Ke E3-02,576,2026-08-02
8930000006493,P-359486,Ca phe Maggi can 2L,4000,284,Ke E5-07,499,2026-09-18
8930000006494,P-643042,Nuoc ngot Lifebuoy can 2L,389000,86,Ke E5-09,646,2026-08-24
8930000006495,P-559469,Gia vi Coca Cola it duong,134000,108,Ke G3-01,993,2026-07-17
8930000006496,P-929937,Nuoc suoi Hao Hao chai 1L,480000,77,Ke K4-08,182,2026-08-30
8930000006497,P-760356,Sua tuoi G7 hop 200g,197000,88,Ke I4-01,85,2026-09-02
8930000006498,P-690982,Dau an Sunlight dam da,193000,208,Ke G4-01,64,2026-07-09
8930000006499,P-886804,Khan giay Kinh Do goi 85g,241000,65,Ke H1-01,274,2026-08-22
8930000006500,P-762903,Khan giay Oishi tiet kiem,309000,86,Ke A4-02,931,2026-07-29
8930000006501,P-694798,Khan giay Nescafe cao cap,14000,81,Ke C1-04,107,2026-07-24
8930000006502,P-217984,Gia vi Colgate chai 1L,19000,165,Ke A2-05,394,2026-09-20
8930000006503,P-666366,Mi goi Red Bull it duong,154000,51,Ke H3-02,285,2026-08-12
8930000006504,P-756190,Kem danh rang Aquafina loc 4 hop,170000,48,Ke C2-04,956,2026-08-21
8930000006505,P-315477,Kem danh rang Oishi dam da,215000,159,Ke J1-06,671,2026-08-12
8930000006506,P-717265,Dau goi Nam Ngu huong vi tu nhien,356000,105,Ke G2-04,524,2026-08-12
8930000006507,P-606390,Ca phe G7 chai 1L,173000,14,Ke A4-05,268,2026-09-07
8930000006508,P-841635,Snack Chin-su tiet kiem,165000,5,Ke B5-02,423,2026-08-18
8930000006509,P-850800,Hat nem Coca Cola loc 4 hop,239000,15,Ke G4-07,864,2026-07-15
8930000006510,P-791444,Nuoc xa Red Bull goi 85g,323000,55,Ke D3-02,316,2026-08-21
8930000006511,P-815819,Dau an Tuong An loc 4 hop,283000,226,Ke E5-02,701,2026-08-24
8930000006512,P-470040,Tuong ot Aquafina huong vi tu nhien,295000,13,Ke K3-04,986,2026-08-20
8930000006513,P-245622,Mi goi Comfort goi 85g,144000,25,Ke G2-03,615,2026-09-01
8930000006514,P-243826,Dau goi Aquafina dam da,402000,109,Ke C4-02,50,2026-09-29
8930000006515,P-474894,Ca phe Lay's cao cap,301000,58,Ke C4-05,770,2026-09-03
8930000006516,P-616554,Nuoc lau san Tuong An tiet kiem,244000,18,Ke J5-02,589,2026-09-13
8930000006517,P-949049,Sua tuoi Aquafina huong vi tu nhien,479000,53,Ke G2-04,580,2026-07-09
8930000006518,P-734534,Dau an Closeup it duong,421000,205,Ke C3-04,137,2026-07-25
8930000006519,P-695370,Sua tam Aquafina can 2L,385000,66,Ke B5-03,725,2026-08-27
8930000006520,P-265156,Gia vi Clear dam da,74000,266,Ke D1-01,437,2026-09-11
8930000006521,P-811027,Hat nem Sunsilk goi 85g,60000,267,Ke D5-03,274,2026-08-18
8930000006522,P-960109,Nuoc ngot Pepsi can 2L,295000,50,Ke H4-07,125,2026-07-08
8930000006523,P-330914,Gia vi Pepsi huong vi tu nhien,254000,48,Ke B4-03,627,2026-09-14
8930000006524,P-359579,Hat nem Simply truyen thong,170000,294,Ke B2-04,370,2026-09-07
8930000006525,P-246757,Mi goi Maggi chai 500ml,129000,185,Ke G2-09,878,2026-08-06
8930000006526,P-597457,Dau an Lifebuoy loc 4 hop,184000,16,Ke E1-05,106,2026-08-30
8930000006527,P-345011,Nuoc giat Closeup can 2L,49000,224,Ke I2-09,682,2026-07-17
8930000006528,P-744328,Nuoc tuong Chin-su dam da,277000,70,Ke E3-07,560,2026-09-13
8930000006529,P-705748,Nuoc ngot Coca Cola it duong,195000,71,Ke J4-01,217,2026-07-29
8930000006530,P-223552,Sua tam Sunlight cao cap,148000,229,Ke D2-03,222,2026-09-16
8930000006531,P-573933,Dau an Tuong An khong duong,441000,226,Ke D4-09,742,2026-09-06
8930000006532,P-305721,Dau goi G7 truyen thong,43000,86,Ke F3-02,300,2026-08-21
8930000006533,P-635962,Dau an Barona goi 85g,401000,253,Ke I3-08,355,2026-07-17
8930000006534,P-704875,Sua tuoi Tuong An loc 4 hop,241000,149,Ke B4-07,319,2026-09-06
8930000006535,P-451801,Nuoc suoi Tuong An dam da,4000,181,Ke H5-05,683,2026-09-29
8930000006536,P-797860,Dau goi Lifebuoy chai 500ml,96000,184,Ke D2-04,647,2026-09-17
8930000006537,P-213000,Nuoc suoi Knorr loc 4 hop,342000,280,Ke D3-06,121,2026-07-22
8930000006538,P-108827,Gia vi Aquafina chai 500ml,473000,7,Ke I5-08,494,2026-08-24
8930000006539,P-827191,Nuoc suoi Red Bull khong duong,370000,283,Ke B3-08,28,2026-08-10
8930000006540,P-199850,Sua tam Chin-su chai 500ml,408000,5,Ke B4-03,191,2026-09-30
8930000006541,P-820221,Ca phe Nam Ngu cao cap,429000,234,Ke H1-05,627,2026-08-28
8930000006542,P-815706,Nuoc tuong Barona can 2L,87000,149,Ke I3-03,439,2026-09-19
8930000006543,P-861127,Kem danh rang Chin-su goi 85g,449000,126,Ke A3-07,562,2026-09-16
8930000006544,P-676713,Banh quy Sunlight goi 85g,440000,29,Ke I2-01,741,2026-08-04
8930000006545,P-896386,Nuoc lau san Sunlight huong vi tu nhien,307000,261,Ke I2-03,36,2026-07-21
8930000006546,P-771712,Dau an Aquafina khong duong,323000,63,Ke A5-05,785,2026-09-15
8930000006547,P-291132,Tuong ot Colgate chai 500ml,350000,137,Ke H5-02,216,2026-09-27
8930000006548,P-782759,Nuoc mam Red Bull tiet kiem,300000,71,Ke J5-01,171,2026-08-24
8930000006549,P-558339,Mi goi Vinamilk huong vi tu nhien,410000,90,Ke C4-09,946,2026-09-16
8930000006550,P-785315,Kem danh rang Comfort can 2L,295000,297,Ke I5-04,340,2026-07-17
8930000006551,P-180813,Nuoc suoi Barona it duong,89000,225,Ke A2-03,860,2026-09-12
8930000006552,P-605666,Ca phe TH True Milk goi 85g,5000,244,Ke H1-01,238,2026-08-03
8930000006553,P-699716,Nuoc tuong Hao Hao can 2L,57000,182,Ke A4-09,335,2026-09-15
8930000006554,P-477880,Ca phe Coca Cola huong vi tu nhien,262000,266,Ke I5-06,841,2026-07-22
8930000006555,P-241822,Nuoc mam Closeup huong vi tu nhien,280000,172,Ke B3-02,799,2026-09-10
8930000006556,P-779259,Dau an Colgate goi 85g,216000,201,Ke A1-08,989,2026-07-07
8930000006557,P-214611,Ca phe Oishi loc 4 hop,473000,61,Ke B4-02,382,2026-07-21
8930000006558,P-572387,Banh quy Simply chai 1L,154000,261,Ke H2-08,128,2026-07-06
8930000006559,P-743453,Kem danh rang Lay's cao cap,413000,15,Ke B2-06,616,2026-07-22
8930000006560,P-829987,Sua tam G7 loc 4 hop,269000,109,Ke E2-03,577,2026-07-08
8930000006561,P-229545,Nuoc giat Nescafe cao cap,221000,256,Ke B3-05,962,2026-07-11
8930000006562,P-933510,Nuoc mam OMO truyen thong,423000,295,Ke F5-06,822,2026-08-02
8930000006563,P-726410,Mi goi OMO hop 200g,157000,229,Ke K4-01,45,2026-08-05
8930000006564,P-906010,Mi goi Lay's tiet kiem,45000,29,Ke D3-04,224,2026-08-13
8930000006565,P-571778,Hat nem Maggi chai 500ml,322000,81,Ke B4-03,206,2026-08-30
8930000006566,P-757658,Sua tuoi Lavie tiet kiem,326000,49,Ke F3-09,985,2026-07-26
8930000006567,P-335421,Sua tam Pepsi it duong,421000,61,Ke K3-04,554,2026-08-05
8930000006568,P-756895,Banh quy Coca Cola dam da,35000,180,Ke E2-02,115,2026-07-06
8930000006569,P-240454,Nuoc lau san Sunsilk goi 85g,320000,178,Ke J3-02,638,2026-09-15
8930000006570,P-427617,Dau goi Lavie cao cap,300000,176,Ke B4-04,238,2026-08-14
8930000006571,P-422823,Dau goi Pepsi loc 4 hop,283000,66,Ke E2-02,223,2026-08-07
8930000006572,P-503489,Nuoc suoi Vinamilk tiet kiem,384000,5,Ke B5-09,59,2026-09-19
8930000006573,P-112210,Nuoc ngot Vinamilk chai 1L,129000,289,Ke C2-05,857,2026-08-30
8930000006574,P-561124,Hat nem Chin-su chai 1L,180000,140,Ke J3-02,682,2026-07-30
8930000006575,P-262325,Khan giay Colgate cao cap,259000,66,Ke K5-08,512,2026-07-12
8930000006576,P-204053,Snack Sunlight chai 500ml,36000,235,Ke J1-06,291,2026-09-03
8930000006577,P-789461,Dau goi Oishi goi 85g,465000,25,Ke K2-05,375,2026-07-18
8930000006578,P-522548,Nuoc suoi Nescafe hop 200g,107000,19,Ke E5-05,50,2026-07-28
8930000006579,P-744986,Banh quy Lay's dam da,20000,7,Ke G5-06,410,2026-07-17
8930000006580,P-158655,Nuoc tuong Kinh Do hop 200g,277000,115,Ke D2-02,407,2026-08-04
8930000006581,P-429502,Gia vi Sunsilk khong duong,202000,202,Ke E1-04,724,2026-09-27
8930000006582,P-584498,Nuoc giat Aquafina huong vi tu nhien,175000,293,Ke J5-01,671,2026-08-09
8930000006583,P-134697,Nuoc suoi Vinamilk goi 85g,62000,35,Ke G4-02,58,2026-07-22
8930000006584,P-258067,Nuoc ngot Sting hop 200g,195000,194,Ke B1-06,619,2026-09-13
8930000006585,P-841071,Sua tuoi Nescafe chai 1L,171000,115,Ke H3-05,362,2026-07-07
8930000006586,P-675512,Kem danh rang Lifebuoy goi 85g,103000,101,Ke B5-06,888,2026-08-09
8930000006587,P-251275,Dau goi Clear truyen thong,173000,136,Ke J2-05,940,2026-08-05
8930000006588,P-871051,Nuoc lau san Hao Hao tiet kiem,78000,215,Ke I5-09,749,2026-09-18
8930000006589,P-880841,Sua tuoi Red Bull cao cap,475000,290,Ke G2-03,60,2026-09-23
8930000006590,P-686810,Khan giay Sting huong vi tu nhien,324000,116,Ke A4-09,123,2026-08-05
8930000006591,P-680189,Sua tam Omachi it duong,496000,93,Ke F3-09,557,2026-09-19
8930000006592,P-919394,Mi goi Colgate truyen thong,369000,64,Ke C4-08,428,2026-09-21
8930000006593,P-717661,Kem danh rang Sunlight dam da,282000,20,Ke H5-05,318,2026-09-17
8930000006594,P-915182,Nuoc suoi Coca Cola can 2L,225000,14,Ke A3-03,823,2026-08-20
8930000006595,P-133104,Khan giay Sting chai 1L,164000,259,Ke B2-06,262,2026-08-26
8930000006596,P-418667,Kem danh rang Nescafe loc 4 hop,411000,230,Ke J3-02,609,2026-08-14
8930000006597,P-635280,Mi goi Tuong An hop 200g,440000,14,Ke B3-01,709,2026-07-20
8930000006598,P-931016,Sua tuoi Lavie loc 4 hop,479000,158,Ke E5-07,174,2026-07-12
8930000006599,P-593002,Kem danh rang Omachi dam da,218000,183,Ke D5-08,836,2026-09-06
8930000006600,P-138817,Gia vi Maggi tiet kiem,468000,29,Ke H4-07,760,2026-08-13
8930000006601,P-737086,Nuoc xa Aquafina truyen thong,80000,136,Ke K3-03,14,2026-09-03
8930000006602,P-310477,Nuoc ngot Comfort tiet kiem,167000,251,Ke J5-08,9,2026-08-13
8930000006603,P-769536,Kem danh rang OMO goi 85g,36000,57,Ke C3-06,775,2026-09-26
8930000006604,P-710981,Nuoc xa Sting goi 85g,122000,228,Ke D3-01,691,2026-07-16
8930000006605,P-108886,Sua tam Clear goi 85g,27000,57,Ke J2-03,470,2026-09-18
8930000006606,P-519218,Sua tam Pepsi khong duong,108000,122,Ke F2-07,1,2026-09-23
8930000006607,P-935922,Nuoc giat Colgate can 2L,91000,218,Ke F3-09,68,2026-09-07
8930000006608,P-782054,Dau an OMO chai 1L,53000,102,Ke F3-03,844,2026-08-07
8930000006609,P-741003,Sua tuoi Kinh Do cao cap,500000,287,Ke C2-04,661,2026-09-17
8930000006610,P-608257,Banh quy TH True Milk khong duong,169000,119,Ke A3-07,482,2026-08-25
8930000006611,P-433507,Sua tuoi Sunsilk can 2L,51000,283,Ke F2-04,115,2026-09-24
8930000006612,P-751051,Snack Coca Cola loc 4 hop,359000,264,Ke D3-07,181,2026-07-24
8930000006613,P-617033,Nuoc giat Lavie it duong,354000,59,Ke I3-09,956,2026-09-03
8930000006614,P-586819,Hat nem Coca Cola loc 4 hop,291000,82,Ke B3-03,840,2026-07-05
8930000006615,P-431773,Gia vi Pepsi loc 4 hop,189000,271,Ke H1-07,393,2026-09-09
8930000006616,P-269868,Khan giay Nam Ngu truyen thong,27000,111,Ke C2-02,444,2026-07-25
8930000006617,P-875753,Nuoc lau san TH True Milk can 2L,4000,53,Ke I2-02,851,2026-07-06
8930000006618,P-774567,Snack Lavie can 2L,137000,49,Ke C3-02,182,2026-09-20
8930000006619,P-664058,Nuoc tuong Nescafe it duong,495000,104,Ke E1-02,480,2026-07-22
8930000006620,P-962043,Mi goi Oishi loc 4 hop,139000,180,Ke K3-08,916,2026-08-09
8930000006621,P-957915,Dau goi Barona hop 200g,389000,197,Ke C3-04,420,2026-08-07
8930000006622,P-848344,Nuoc ngot Hao Hao can 2L,65000,74,Ke A2-05,998,2026-08-18
8930000006623,P-962074,Nuoc xa Lifebuoy loc 4 hop,65000,232,Ke F4-06,883,2026-07-16
8930000006624,P-427252,Nuoc mam Nam Ngu huong vi tu nhien,27000,71,Ke C3-03,132,2026-09-04
8930000006625,P-647403,Nuoc giat Kinh Do chai 1L,200000,164,Ke D2-04,753,2026-07-07
8930000006626,P-196411,Kem danh rang Barona dam da,418000,236,Ke K2-02,67,2026-09-25
8930000006627,P-977345,Snack Omachi hop 200g,85000,231,Ke A5-04,742,2026-09-26
8930000006628,P-545790,Sua tam OMO can 2L,222000,136,Ke C1-02,745,2026-09-22
8930000006629,P-687360,Nuoc xa Barona tiet kiem,430000,130,Ke B1-02,41,2026-07-17
8930000006630,P-249005,Nuoc ngot Vinamilk cao cap,395000,139,Ke G1-01,840,2026-08-22
8930000006631,P-310445,Nuoc mam Colgate huong vi tu nhien,162000,179,Ke G4-09,830,2026-08-13
8930000006632,P-954551,Kem danh rang Kinh Do huong vi tu nhien,105000,285,Ke J3-04,483,2026-07-08
8930000006633,P-446305,Nuoc mam Omachi can 2L,398000,276,Ke D5-03,755,2026-07-19
8930000006634,P-491627,Sua tuoi Chin-su chai 500ml,407000,114,Ke C3-05,541,2026-07-26
8930000006635,P-666456,Nuoc tuong Sunlight huong vi tu nhien,254000,214,Ke J4-06,473,2026-08-04
8930000006636,P-728636,Dau goi Lavie loc 4 hop,112000,297,Ke F5-03,567,2026-07-23
8930000006637,P-605339,Nuoc ngot Tuong An chai 1L,123000,42,Ke C3-06,700,2026-09-03
8930000006638,P-439173,Nuoc suoi Sting loc 4 hop,300000,38,Ke B4-01,744,2026-07-30
8930000006639,P-585100,Nuoc suoi Closeup tiet kiem,241000,283,Ke K1-09,161,2026-09-15
8930000006640,P-763928,Nuoc mam Nam Ngu cao cap,368000,141,Ke K3-05,285,2026-08-06
8930000006641,P-851759,Ca phe Nescafe loc 4 hop,271000,186,Ke K4-05,308,2026-08-22
8930000006642,P-713886,Mi goi Lifebuoy loc 4 hop,93000,65,Ke K3-08,143,2026-07-16
8930000006643,P-827497,Gia vi Kinh Do loc 4 hop,70000,199,Ke A4-02,224,2026-09-08
8930000006644,P-956639,Gia vi Kinh Do loc 4 hop,122000,278,Ke C4-07,804,2026-08-28
8930000006645,P-623866,Dau goi Hao Hao tiet kiem,70000,113,Ke J3-06,270,2026-08-18
8930000006646,P-891062,Dau an Maggi chai 500ml,373000,297,Ke B2-08,176,2026-10-02
8930000006647,P-683635,Sua tam OMO can 2L,228000,116,Ke A5-08,575,2026-09-30
8930000006648,P-516059,Hat nem Sunlight hop 200g,316000,114,Ke E4-09,404,2026-09-13
8930000006649,P-793856,Banh quy Lifebuoy can 2L,178000,113,Ke J1-02,779,2026-07-11
8930000006650,P-971728,Gia vi Nam Ngu goi 85g,480000,85,Ke I5-02,522,2026-09-07
8930000006651,P-429780,Snack Vinamilk can 2L,123000,261,Ke E5-06,347,2026-10-02
8930000006652,P-415783,Kem danh rang TH True Milk chai 1L,263000,65,Ke F1-02,271,2026-08-11
8930000006653,P-539599,Dau an Sting goi 85g,173000,207,Ke K4-03,73,2026-08-04
8930000006654,P-792616,Dau goi Barona khong duong,348000,241,Ke C3-04,837,2026-07-31
8930000006655,P-156837,Nuoc ngot Maggi loc 4 hop,140000,190,Ke G3-02,726,2026-08-30
8930000006656,P-573546,Gia vi Lay's can 2L,178000,109,Ke K1-02,303,2026-08-31
8930000006657,P-493172,Dau goi Clear it duong,127000,283,Ke E3-06,290,2026-08-22
8930000006658,P-805000,Sua tuoi Kinh Do khong duong,338000,77,Ke C1-09,662,2026-07-31
8930000006659,P-300386,Ca phe Nescafe dam da,107000,45,Ke C1-06,897,2026-07-18
8930000006660,P-229890,Hat nem TH True Milk goi 85g,296000,271,Ke J2-01,579,2026-07-06
8930000006661,P-293862,Dau an Colgate khong duong,80000,25,Ke C3-02,828,2026-08-01
8930000006662,P-312146,Sua tam Pepsi tiet kiem,306000,229,Ke A4-09,206,2026-07-06
8930000006663,P-204823,Nuoc tuong Chin-su goi 85g,87000,198,Ke G4-05,61,2026-07-08
8930000006664,P-297579,Sua tuoi Closeup huong vi tu nhien,309000,251,Ke H2-06,707,2026-08-27
8930000006665,P-672808,Gia vi Closeup chai 1L,97000,192,Ke K5-06,605,2026-10-01
8930000006666,P-220944,Nuoc ngot Omachi dam da,114000,191,Ke F2-01,121,2026-09-13
8930000006667,P-189814,Snack Simply loc 4 hop,353000,106,Ke G3-07,439,2026-07-21
8930000006668,P-323530,Hat nem Sting huong vi tu nhien,221000,248,Ke K3-07,305,2026-08-27
8930000006669,P-764441,Sua tuoi Nam Ngu cao cap,47000,142,Ke I2-03,122,2026-09-24
8930000006670,P-916964,Khan giay Clear loc 4 hop,468000,174,Ke H2-01,911,2026-08-20
8930000006671,P-559447,Kem danh rang Lavie it duong,86000,56,Ke G5-06,900,2026-08-19
8930000006672,P-217308,Snack Vinamilk khong duong,201000,150,Ke F1-06,990,2026-07-29
8930000006673,P-544920,Tuong ot Clear chai 1L,30000,241,Ke C2-09,514,2026-08-28
8930000006674,P-509451,Gia vi Oishi it duong,494000,81,Ke I5-07,897,2026-08-15
8930000006675,P-620438,Nuoc lau san Oishi goi 85g,10000,55,Ke A4-06,963,2026-09-10
8930000006676,P-581141,Nuoc lau san Aquafina loc 4 hop,491000,164,Ke D1-06,178,2026-07-11
8930000006677,P-735770,Tuong ot Clear chai 1L,55000,135,Ke B4-04,668,2026-08-08
8930000006678,P-116547,Sua tuoi Sting cao cap,85000,259,Ke E2-01,46,2026-07-11
8930000006679,P-465648,Kem danh rang TH True Milk khong duong,335000,155,Ke A4-04,616,2026-08-08
8930000006680,P-720644,Nuoc xa Clear goi 85g,265000,47,Ke A3-09,378,2026-07-21
8930000006681,P-402808,Nuoc ngot Aquafina tiet kiem,308000,17,Ke F3-03,903,2026-08-27
8930000006682,P-225362,Nuoc tuong Sunsilk can 2L,270000,149,Ke K1-05,107,2026-08-25
8930000006683,P-575458,Nuoc xa Hao Hao loc 4 hop,6000,267,Ke I4-08,834,2026-07-22
8930000006684,P-653948,Kem danh rang Sunlight tiet kiem,42000,170,Ke G5-03,137,2026-07-20
8930000006685,P-731792,Nuoc ngot Barona cao cap,105000,238,Ke K5-01,643,2026-09-25
8930000006686,P-551096,Dau goi Nescafe goi 85g,147000,12,Ke E4-07,706,2026-09-03
8930000006687,P-457455,Hat nem Vinamilk tiet kiem,322000,163,Ke H5-02,312,2026-09-20
8930000006688,P-357724,Snack Colgate tiet kiem,298000,100,Ke I3-03,478,2026-08-16
8930000006689,P-560398,Nuoc xa Comfort can 2L,145000,57,Ke G3-04,797,2026-08-08
8930000006690,P-414164,Nuoc suoi Barona chai 1L,379000,197,Ke H5-06,847,2026-08-11
8930000006691,P-489033,Tuong ot Closeup can 2L,54000,198,Ke E2-07,69,2026-07-12
8930000006692,P-438302,Nuoc ngot Hao Hao chai 1L,415000,270,Ke F5-06,899,2026-09-16
8930000006693,P-443187,Ca phe Kinh Do can 2L,63000,225,Ke I4-05,502,2026-07-25
8930000006694,P-106029,Nuoc mam Lavie chai 1L,329000,131,Ke E2-03,332,2026-09-22
8930000006695,P-253541,Sua tuoi Hao Hao dam da,16000,89,Ke K5-09,207,2026-07-07
8930000006696,P-356717,Nuoc ngot OMO loc 4 hop,295000,39,Ke E1-01,86,2026-09-22
8930000006697,P-160426,Dau an TH True Milk tiet kiem,44000,237,Ke E4-05,717,2026-07-24
8930000006698,P-511122,Mi goi Lavie cao cap,246000,296,Ke G1-05,907,2026-09-17
8930000006699,P-916953,Tuong ot Sunsilk goi 85g,31000,100,Ke B2-05,329,2026-07-07
8930000006700,P-130354,Nuoc tuong Omachi loc 4 hop,441000,249,Ke A5-01,767,2026-08-01
8930000006701,P-365971,Banh quy Oishi khong duong,239000,269,Ke K3-08,275,2026-09-09
8930000006702,P-646699,Sua tam Lifebuoy loc 4 hop,86000,173,Ke E2-05,695,2026-08-05
8930000006703,P-208633,Banh quy Chin-su chai 1L,322000,60,Ke K3-05,408,2026-08-13
8930000006704,P-420984,Sua tam Lay's cao cap,70000,5,Ke H2-08,152,2026-09-17
8930000006705,P-567951,Hat nem Lifebuoy dam da,371000,272,Ke K4-01,520,2026-08-12
8930000006706,P-991401,Hat nem Nam Ngu loc 4 hop,389000,146,Ke F2-08,968,2026-08-18
8930000006707,P-521063,Banh quy Nescafe khong duong,294000,15,Ke D5-06,398,2026-07-06
8930000006708,P-454861,Khan giay G7 huong vi tu nhien,492000,75,Ke I3-05,1,2026-09-14
8930000006709,P-884475,Nuoc giat G7 it duong,217000,72,Ke K4-09,992,2026-08-29
8930000006710,P-127965,Khan giay Maggi loc 4 hop,58000,155,Ke H5-01,270,2026-08-28
8930000006711,P-878427,Nuoc giat Lavie dam da,180000,125,Ke H5-03,410,2026-07-14
8930000006712,P-627290,Sua tuoi Comfort tiet kiem,223000,15,Ke I2-04,699,2026-07-29
8930000006713,P-492052,Dau an Vinamilk cao cap,11000,12,Ke K2-08,549,2026-10-02
8930000006714,P-782535,Sua tam Colgate can 2L,377000,287,Ke C3-07,321,2026-07-15
8930000006715,P-924566,Snack Nam Ngu huong vi tu nhien,315000,80,Ke C2-03,123,2026-09-17
8930000006716,P-113280,Nuoc lau san Nescafe dam da,207000,15,Ke D3-09,838,2026-09-06
8930000006717,P-688602,Nuoc mam Lifebuoy khong duong,119000,90,Ke H2-04,312,2026-08-31
8930000006718,P-421384,Dau an Tuong An dam da,463000,205,Ke A5-04,569,2026-07-28
8930000006719,P-883171,Mi goi Tuong An tiet kiem,281000,143,Ke I2-03,219,2026-07-08
8930000006720,P-800005,Tuong ot Omachi khong duong,260000,159,Ke G4-02,616,2026-07-21
8930000006721,P-905635,Gia vi Sting dam da,26000,265,Ke B5-07,201,2026-09-15
8930000006722,P-713099,Nuoc ngot Simply cao cap,119000,233,Ke F2-02,797,2026-08-31
8930000006723,P-751303,Kem danh rang Closeup chai 500ml,425000,159,Ke E4-03,158,2026-08-03
8930000006724,P-872918,Sua tuoi Lifebuoy huong vi tu nhien,450000,140,Ke I5-08,821,2026-08-31
8930000006725,P-669097,Nuoc suoi Chin-su khong duong,339000,180,Ke J4-04,32,2026-09-06
8930000006726,P-414546,Nuoc xa Tuong An goi 85g,443000,191,Ke K1-09,217,2026-08-08
8930000006727,P-486831,Nuoc suoi Sunlight it duong,77000,30,Ke A4-01,850,2026-07-13
8930000006728,P-791798,Nuoc tuong Simply huong vi tu nhien,330000,237,Ke H2-07,764,2026-07-10
8930000006729,P-237235,Dau goi Red Bull tiet kiem,189000,264,Ke F5-09,452,2026-08-02
8930000006730,P-570988,Mi goi Clear truyen thong,469000,167,Ke H2-04,238,2026-08-22
8930000006731,P-723870,Hat nem G7 it duong,258000,24,Ke C2-09,740,2026-07-20
8930000006732,P-211496,Ca phe OMO cao cap,31000,172,Ke G5-05,695,2026-08-06
8930000006733,P-553873,Dau goi Sunsilk dam da,490000,91,Ke H5-02,157,2026-07-09
8930000006734,P-189856,Banh quy Sting hop 200g,326000,210,Ke C3-09,36,2026-07-22
8930000006735,P-204837,Khan giay Aquafina khong duong,84000,139,Ke K2-08,335,2026-08-10
8930000006736,P-243139,Nuoc ngot Sunlight can 2L,369000,130,Ke H2-01,80,2026-08-04
8930000006737,P-157738,Sua tuoi Kinh Do dam da,231000,169,Ke K3-06,710,2026-08-14
8930000006738,P-399990,Nuoc giat Sting loc 4 hop,248000,131,Ke F1-01,911,2026-08-11
8930000006739,P-255852,Nuoc giat Lifebuoy loc 4 hop,446000,157,Ke E5-09,577,2026-09-28
8930000006740,P-448588,Nuoc xa Hao Hao truyen thong,207000,254,Ke K4-09,917,2026-07-30
8930000006741,P-990598,Banh quy Simply huong vi tu nhien,417000,89,Ke E5-03,224,2026-07-09
8930000006742,P-324597,Sua tuoi Barona huong vi tu nhien,289000,114,Ke D3-02,919,2026-07-27
8930000006743,P-130353,Nuoc xa OMO dam da,402000,168,Ke F1-04,631,2026-07-15
8930000006744,P-873935,Tuong ot TH True Milk tiet kiem,433000,122,Ke I1-04,769,2026-08-17
8930000006745,P-426775,Nuoc suoi Nam Ngu dam da,426000,132,Ke H2-02,154,2026-07-22
8930000006746,P-221035,Kem danh rang OMO truyen thong,17000,143,Ke I5-09,110,2026-07-17
8930000006747,P-648122,Nuoc tuong Red Bull truyen thong,189000,294,Ke J4-04,141,2026-07-07
8930000006748,P-784578,Nuoc mam Colgate hop 200g,71000,251,Ke I1-03,928,2026-07-29
8930000006749,P-134283,Hat nem Maggi tiet kiem,361000,299,Ke I4-04,895,2026-07-22
8930000006750,P-246316,Nuoc ngot Colgate huong vi tu nhien,217000,96,Ke A3-07,850,2026-08-06
8930000006751,P-499889,Nuoc tuong Pepsi it duong,467000,25,Ke D5-02,872,2026-08-15
8930000006752,P-710610,Gia vi Kinh Do hop 200g,389000,136,Ke I4-08,40,2026-08-05
8930000006753,P-311727,Dau goi Lifebuoy hop 200g,488000,280,Ke G3-05,845,2026-08-29
8930000006754,P-259338,Gia vi Kinh Do dam da,282000,184,Ke B1-02,351,2026-08-31
8930000006755,P-514521,Nuoc mam Sting tiet kiem,500000,94,Ke F3-08,234,2026-10-02
8930000006756,P-748133,Nuoc ngot G7 truyen thong,26000,274,Ke H2-06,515,2026-08-26
8930000006757,P-563873,Nuoc mam Sunlight it duong,11000,72,Ke C4-03,496,2026-07-07
8930000006758,P-800224,Kem danh rang Chin-su dam da,354000,181,Ke C4-03,247,2026-09-25
8930000006759,P-777366,Nuoc ngot Lifebuoy loc 4 hop,116000,152,Ke B4-07,981,2026-09-04
8930000006760,P-297303,Nuoc tuong Chin-su chai 1L,239000,229,Ke F5-08,135,2026-08-05
8930000006761,P-497108,Nuoc giat Sting dam da,337000,297,Ke I3-07,27,2026-08-19
8930000006762,P-115799,Tuong ot Lifebuoy loc 4 hop,490000,206,Ke F4-05,918,2026-09-26
8930000006763,P-705991,Khan giay Coca Cola tiet kiem,278000,123,Ke E5-07,800,2026-07-15
8930000006764,P-943019,Khan giay G7 can 2L,51000,223,Ke E4-03,628,2026-09-17
8930000006765,P-202988,Gia vi Kinh Do tiet kiem,257000,250,Ke D4-01,333,2026-09-03
8930000006766,P-237962,Khan giay Vinamilk goi 85g,468000,37,Ke B1-01,32,2026-08-03
8930000006767,P-752801,Nuoc xa Nescafe it duong,452000,64,Ke I2-07,208,2026-08-03
8930000006768,P-975671,Nuoc suoi Kinh Do hop 200g,279000,253,Ke K1-04,933,2026-09-10
8930000006769,P-360297,Nuoc mam Lavie huong vi tu nhien,378000,268,Ke B5-04,236,2026-07-16
8930000006770,P-580412,Dau an Chin-su can 2L,450000,137,Ke K3-06,271,2026-07-11
8930000006771,P-230521,Kem danh rang Clear loc 4 hop,396000,149,Ke H2-08,531,2026-08-01
8930000006772,P-895128,Khan giay Comfort khong duong,151000,149,Ke H4-02,466,2026-08-25
8930000006773,P-401602,Sua tuoi Pepsi chai 1L,288000,203,Ke H5-05,128,2026-10-03
8930000006774,P-121369,Dau goi Hao Hao it duong,244000,224,Ke J5-03,195,2026-08-07
8930000006775,P-261050,Dau goi Kinh Do goi 85g,70000,167,Ke J2-01,557,2026-08-01
8930000006776,P-513037,Nuoc lau san Sunlight tiet kiem,255000,293,Ke A5-02,181,2026-07-31
8930000006777,P-778159,Mi goi Chin-su dam da,485000,87,Ke G2-06,817,2026-07-24
8930000006778,P-332286,Nuoc ngot Aquafina chai 1L,247000,43,Ke A2-07,175,2026-09-12
8930000006779,P-773540,Snack Sunsilk truyen thong,55000,107,Ke D3-07,133,2026-07-31
8930000006780,P-142210,Ca phe Knorr it duong,252000,98,Ke I2-09,260,2026-09-30
8930000006781,P-580292,Nuoc ngot Sunlight khong duong,184000,72,Ke A1-05,251,2026-09-10
8930000006782,P-382795,Banh quy Oishi dam da,279000,85,Ke I1-03,298,2026-08-03
8930000006783,P-556732,Khan giay Coca Cola cao cap,217000,225,Ke K4-09,211,2026-09-30
8930000006784,P-990844,Tuong ot Hao Hao can 2L,89000,141,Ke A5-04,896,2026-08-04
8930000006785,P-882401,Kem danh rang Kinh Do it duong,252000,217,Ke K5-05,543,2026-09-19
8930000006786,P-389930,Ca phe Clear cao cap,55000,199,Ke H5-02,569,2026-08-27
8930000006787,P-486490,Snack Kinh Do hop 200g,81000,6,Ke I3-07,358,2026-09-02
8930000006788,P-506281,Nuoc lau san Lavie dam da,467000,296,Ke E1-06,958,2026-08-13
8930000006789,P-946826,Nuoc tuong Knorr tiet kiem,352000,182,Ke K5-04,710,2026-09-01
8930000006790,P-342948,Banh quy Barona dam da,27000,241,Ke F2-09,463,2026-07-05
8930000006791,P-350280,Khan giay Lay's can 2L,87000,76,Ke F4-06,48,2026-09-17
8930000006792,P-771697,Nuoc mam Lavie hop 200g,130000,65,Ke K2-03,981,2026-08-04
8930000006793,P-803281,Nuoc mam Aquafina loc 4 hop,453000,151,Ke K5-06,951,2026-08-24
8930000006794,P-218118,Sua tuoi Simply cao cap,9000,236,Ke J3-09,135,2026-08-22
8930000006795,P-953610,Nuoc suoi OMO chai 1L,243000,230,Ke C2-07,452,2026-07-10
8930000006796,P-906519,Nuoc xa G7 it duong,291000,10,Ke H3-02,416,2026-09-08
8930000006797,P-209493,Nuoc tuong Vinamilk chai 1L,221000,97,Ke G4-05,13,2026-07-18
8930000006798,P-171252,Gia vi Comfort huong vi tu nhien,238000,111,Ke H2-03,632,2026-09-19
8930000006799,P-133796,Nuoc xa Coca Cola loc 4 hop,275000,12,Ke D4-02,292,2026-07-14
8930000006800,P-908903,Kem danh rang Knorr loc 4 hop,15000,98,Ke J1-06,391,2026-08-22
8930000006801,P-599401,Sua tuoi Closeup chai 500ml,385000,272,Ke E5-05,72,2026-07-14
8930000006802,P-742544,Nuoc suoi Oishi khong duong,416000,69,Ke I2-06,730,2026-08-13
8930000006803,P-476712,Banh quy Lifebuoy khong duong,72000,124,Ke F1-02,679,2026-08-02
8930000006804,P-784167,Ca phe Maggi goi 85g,327000,212,Ke D4-04,947,2026-07-26
8930000006805,P-526833,Banh quy Aquafina goi 85g,132000,205,Ke A4-01,676,2026-08-31
8930000006806,P-170674,Hat nem Lavie cao cap,360000,58,Ke H3-04,82,2026-08-08
8930000006807,P-374896,Nuoc mam Pepsi dam da,453000,22,Ke I3-06,406,2026-09-08
8930000006808,P-404561,Mi goi Sunsilk loc 4 hop,231000,208,Ke B2-07,343,2026-09-27
8930000006809,P-863587,Nuoc lau san Nescafe truyen thong,314000,254,Ke F3-09,833,2026-08-24
8930000006810,P-528728,Tuong ot Maggi can 2L,305000,249,Ke I5-02,436,2026-08-11
8930000006811,P-933980,Nuoc lau san Colgate huong vi tu nhien,322000,212,Ke F1-02,588,2026-07-25
8930000006812,P-904858,Nuoc lau san Nescafe can 2L,149000,160,Ke H2-03,85,2026-08-04
8930000006813,P-403042,Nuoc giat G7 tiet kiem,168000,155,Ke F4-05,916,2026-08-03
8930000006814,P-894139,Nuoc giat Vinamilk chai 1L,23000,271,Ke K3-06,565,2026-07-31
8930000006815,P-666362,Tuong ot Knorr goi 85g,408000,196,Ke G3-04,951,2026-09-12
8930000006816,P-987025,Nuoc giat Lifebuoy chai 500ml,160000,47,Ke B3-07,372,2026-09-14
8930000006817,P-923002,Nuoc xa Sting huong vi tu nhien,470000,48,Ke K3-07,165,2026-08-15
8930000006818,P-126691,Dau goi Maggi tiet kiem,322000,294,Ke I1-09,58,2026-08-17
8930000006819,P-145421,Dau an Sting tiet kiem,303000,81,Ke A1-09,333,2026-09-01
8930000006820,P-878967,Dau goi Simply dam da,219000,147,Ke G1-07,998,2026-07-08
8930000006821,P-396635,Dau goi Colgate loc 4 hop,291000,107,Ke C2-08,342,2026-08-22
8930000006822,P-168941,Nuoc tuong Nam Ngu goi 85g,269000,108,Ke D2-02,269,2026-07-21
8930000006823,P-539898,Hat nem Colgate khong duong,186000,151,Ke I3-03,513,2026-07-15
8930000006824,P-153872,Nuoc mam Clear huong vi tu nhien,484000,206,Ke G4-06,212,2026-08-31
8930000006825,P-746915,Nuoc xa Lay's can 2L,472000,49,Ke A5-01,21,2026-09-14
8930000006826,P-751924,Nuoc tuong Barona dam da,3000,25,Ke A2-03,765,2026-08-11
8930000006827,P-829928,Dau goi Pepsi dam da,241000,292,Ke A5-09,844,2026-08-13
8930000006828,P-289179,Nuoc suoi Knorr truyen thong,322000,40,Ke G2-08,711,2026-08-02
8930000006829,P-129576,Sua tam Aquafina huong vi tu nhien,78000,156,Ke C3-01,776,2026-09-23
8930000006830,P-663356,Dau an Omachi hop 200g,62000,190,Ke D3-04,467,2026-08-23
8930000006831,P-522979,Gia vi Maggi khong duong,249000,42,Ke J4-07,763,2026-08-14
8930000006832,P-175124,Nuoc ngot Coca Cola khong duong,150000,74,Ke J2-04,543,2026-09-30
8930000006833,P-152796,Nuoc ngot Comfort cao cap,27000,247,Ke K1-02,449,2026-08-05
8930000006834,P-732789,Ca phe Knorr chai 1L,13000,281,Ke D3-09,932,2026-08-16
8930000006835,P-705526,Nuoc suoi Oishi dam da,252000,170,Ke A4-09,777,2026-09-08
8930000006836,P-516379,Nuoc ngot Barona khong duong,494000,109,Ke D1-06,874,2026-07-08
8930000006837,P-841296,Hat nem Tuong An hop 200g,258000,198,Ke C1-08,293,2026-09-24
8930000006838,P-827659,Sua tuoi Comfort tiet kiem,497000,118,Ke H3-02,305,2026-09-20
8930000006839,P-286340,Dau goi Tuong An goi 85g,378000,214,Ke G5-09,191,2026-09-09
8930000006840,P-999529,Khan giay Lifebuoy can 2L,348000,103,Ke K2-08,541,2026-08-14
8930000006841,P-969005,Banh quy Chin-su tiet kiem,272000,153,Ke J4-04,908,2026-08-18
8930000006842,P-890075,Kem danh rang Barona chai 500ml,338000,13,Ke B2-02,673,2026-07-19
8930000006843,P-299659,Gia vi OMO dam da,137000,183,Ke C3-04,906,2026-08-21
8930000006844,P-956429,Gia vi Aquafina it duong,486000,8,Ke B5-07,373,2026-08-30
8930000006845,P-122532,Gia vi Clear can 2L,32000,177,Ke J3-05,369,2026-07-09
8930000006846,P-294969,Gia vi Oishi dam da,136000,165,Ke C1-01,140,2026-09-29
8930000006847,P-630041,Tuong ot G7 goi 85g,344000,248,Ke A4-02,252,2026-07-14
8930000006848,P-245117,Sua tam Vinamilk loc 4 hop,485000,72,Ke B2-02,823,2026-10-03
8930000006849,P-663123,Banh quy Knorr chai 1L,280000,253,Ke J4-06,147,2026-09-23
8930000006850,P-478799,Banh quy Maggi huong vi tu nhien,272000,150,Ke I4-06,306,2026-09-11
8930000006851,P-602278,Kem danh rang Closeup chai 500ml,365000,226,Ke I4-03,187,2026-09-12
8930000006852,P-718836,Khan giay TH True Milk truyen thong,332000,169,Ke E3-02,471,2026-09-22
8930000006853,P-161483,Sua tuoi Aquafina chai 1L,257000,114,Ke J2-04,714,2026-07-13
8930000006854,P-281926,Sua tam Sunsilk hop 200g,430000,21,Ke H1-07,257,2026-07-09
8930000006855,P-844007,Nuoc lau san Colgate can 2L,75000,128,Ke F5-04,969,2026-07-24
8930000006856,P-225805,Gia vi Closeup cao cap,456000,175,Ke B4-06,650,2026-09-16
8930000006857,P-844618,Banh quy Knorr can 2L,250000,16,Ke A3-09,200,2026-07-06
8930000006858,P-690016,Sua tuoi Closeup can 2L,203000,71,Ke H2-03,370,2026-08-21
8930000006859,P-987204,Tuong ot Nescafe khong duong,238000,162,Ke D5-04,159,2026-07-06
8930000006860,P-332120,Dau goi Sunsilk tiet kiem,85000,70,Ke F1-07,892,2026-09-07
8930000006861,P-908382,Ca phe G7 it duong,236000,125,Ke K2-04,877,2026-10-03
8930000006862,P-760021,Mi goi Tuong An chai 1L,134000,222,Ke H3-01,254,2026-07-28
8930000006863,P-480211,Banh quy OMO hop 200g,170000,156,Ke B5-06,711,2026-09-12
8930000006864,P-158900,Banh quy Nam Ngu hop 200g,256000,58,Ke A1-01,282,2026-08-30
8930000006865,P-692458,Tuong ot Nam Ngu huong vi tu nhien,189000,27,Ke J5-01,837,2026-07-21
8930000006866,P-299055,Gia vi Maggi tiet kiem,126000,135,Ke A5-07,713,2026-10-01
8930000006867,P-432918,Banh quy Clear goi 85g,475000,251,Ke G5-05,682,2026-07-28
8930000006868,P-392559,Dau goi Aquafina chai 500ml,269000,160,Ke C2-06,189,2026-08-05
8930000006869,P-944264,Nuoc giat Coca Cola goi 85g,183000,244,Ke F3-07,861,2026-08-27
8930000006870,P-384424,Ca phe Omachi hop 200g,92000,258,Ke H3-01,88,2026-07-18
8930000006871,P-507517,Tuong ot Omachi tiet kiem,187000,71,Ke G4-05,624,2026-08-29
8930000006872,P-154067,Dau an Sunlight khong duong,393000,93,Ke B4-07,59,2026-07-17
8930000006873,P-555844,Kem danh rang Chin-su it duong,263000,57,Ke E5-09,460,2026-09-24
8930000006874,P-971415,Ca phe Chin-su truyen thong,14000,118,Ke K3-08,902,2026-08-01
8930000006875,P-149161,Nuoc giat Lay's it duong,64000,95,Ke E1-05,603,2026-09-02
8930000006876,P-466643,Nuoc lau san Coca Cola truyen thong,497000,114,Ke G2-04,69,2026-08-02
8930000006877,P-427704,Snack Colgate chai 500ml,107000,116,Ke H2-05,934,2026-08-03
8930000006878,P-775933,Nuoc giat Colgate chai 1L,114000,36,Ke G3-09,364,2026-07-30
8930000006879,P-192422,Dau an Sting tiet kiem,223000,187,Ke E4-02,353,2026-07-09
8930000006880,P-154714,Nuoc tuong Oishi can 2L,115000,19,Ke K2-08,771,2026-07-30
8930000006881,P-836971,Snack G7 dam da,473000,142,Ke K3-03,967,2026-07-23
8930000006882,P-486814,Nuoc lau san Sunlight truyen thong,105000,214,Ke I4-07,117,2026-07-16
8930000006883,P-157174,Sua tuoi Sting chai 500ml,15000,167,Ke G1-02,952,2026-08-20
8930000006884,P-211760,Kem danh rang Aquafina tiet kiem,52000,27,Ke H3-09,125,2026-07-24
8930000006885,P-794093,Nuoc lau san Coca Cola tiet kiem,389000,200,Ke B1-06,568,2026-07-28
8930000006886,P-483041,Khan giay Vinamilk dam da,252000,41,Ke I4-03,606,2026-08-06
8930000006887,P-836984,Sua tuoi Comfort dam da,376000,100,Ke G5-04,657,2026-09-19
8930000006888,P-196168,Kem danh rang Sunsilk chai 1L,89000,138,Ke C1-07,49,2026-08-17
8930000006889,P-502460,Mi goi Sunsilk dam da,209000,251,Ke G5-01,351,2026-08-30
8930000006890,P-542750,Hat nem Lavie tiet kiem,80000,212,Ke I2-02,619,2026-08-26
8930000006891,P-713513,Nuoc giat Kinh Do hop 200g,378000,5,Ke C2-03,508,2026-07-05
8930000006892,P-139285,Nuoc ngot TH True Milk truyen thong,245000,131,Ke C3-08,374,2026-07-16
8930000006893,P-210790,Dau an Hao Hao khong duong,125000,23,Ke D3-09,627,2026-07-23
8930000006894,P-938297,Banh quy Lavie chai 1L,367000,133,Ke D1-08,140,2026-09-23
8930000006895,P-419939,Banh quy Colgate cao cap,146000,207,Ke D1-02,537,2026-07-07
8930000006896,P-239890,Dau goi Sunsilk truyen thong,235000,13,Ke K1-09,506,2026-07-27
8930000006897,P-864234,Tuong ot Aquafina huong vi tu nhien,352000,168,Ke E3-06,634,2026-09-09
8930000006898,P-440930,Nuoc ngot Nescafe dam da,116000,53,Ke C3-05,923,2026-08-08
8930000006899,P-283573,Sua tuoi Barona hop 200g,300000,260,Ke D3-02,241,2026-08-19
8930000006900,P-938742,Sua tuoi Barona chai 500ml,145000,8,Ke H4-05,769,2026-08-03
8930000006901,P-693423,Nuoc ngot Colgate goi 85g,431000,201,Ke C5-05,196,2026-08-12
8930000006902,P-628689,Nuoc tuong Lifebuoy dam da,100000,50,Ke E3-04,771,2026-07-17
8930000006903,P-273012,Ca phe Nescafe cao cap,7000,244,Ke C1-08,782,2026-07-27
8930000006904,P-274912,Nuoc suoi Clear chai 500ml,344000,270,Ke E3-09,308,2026-09-27
8930000006905,P-814220,Nuoc mam Omachi khong duong,230000,252,Ke G1-03,98,2026-07-25
8930000006906,P-514991,Banh quy Pepsi tiet kiem,225000,253,Ke C3-03,459,2026-07-20
8930000006907,P-405482,Tuong ot Sunsilk truyen thong,376000,150,Ke E3-06,910,2026-09-18
8930000006908,P-613989,Gia vi TH True Milk chai 1L,228000,255,Ke E2-02,750,2026-10-03
8930000006909,P-483699,Nuoc tuong Nam Ngu huong vi tu nhien,215000,111,Ke E3-04,854,2026-08-02
8930000006910,P-734210,Nuoc ngot Vinamilk cao cap,346000,270,Ke E2-06,455,2026-08-20
8930000006911,P-367865,Nuoc suoi Chin-su tiet kiem,120000,240,Ke D3-04,704,2026-08-31
8930000006912,P-100193,Gia vi Sunlight can 2L,67000,164,Ke I4-09,633,2026-07-30
8930000006913,P-861319,Tuong ot Chin-su khong duong,462000,175,Ke D3-01,188,2026-09-10
8930000006914,P-992952,Nuoc giat Barona can 2L,136000,207,Ke K5-01,197,2026-09-04
8930000006915,P-441819,Nuoc lau san Tuong An can 2L,450000,61,Ke D4-01,347,2026-07-28
8930000006916,P-433674,Nuoc xa Maggi cao cap,367000,256,Ke F2-03,186,2026-09-23
8930000006917,P-819195,Nuoc mam Clear huong vi tu nhien,20000,161,Ke A2-04,677,2026-08-29
8930000006918,P-918771,Dau an Barona huong vi tu nhien,99000,120,Ke K5-08,655,2026-09-07
8930000006919,P-168458,Nuoc tuong Knorr chai 500ml,473000,112,Ke F1-01,128,2026-09-21
8930000006920,P-256085,Snack Closeup truyen thong,213000,127,Ke I2-07,386,2026-08-11
8930000006921,P-392670,Gia vi Tuong An cao cap,389000,101,Ke G3-09,384,2026-07-16
8930000006922,P-153802,Ca phe Lay's dam da,313000,300,Ke H5-06,872,2026-07-07
8930000006923,P-818119,Nuoc ngot Comfort it duong,366000,163,Ke E3-06,253,2026-07-06
8930000006924,P-366641,Nuoc mam Lay's chai 1L,257000,259,Ke D4-06,595,2026-08-25
8930000006925,P-764442,Dau an Nescafe it duong,48000,262,Ke K5-09,673,2026-08-14
8930000006926,P-382146,Nuoc ngot Coca Cola chai 1L,207000,122,Ke D3-03,811,2026-07-30
8930000006927,P-459315,Banh quy Lay's dam da,52000,178,Ke E1-07,522,2026-09-11
8930000006928,P-507466,Ca phe Lay's tiet kiem,240000,238,Ke A3-05,682,2026-07-22
8930000006929,P-813328,Nuoc ngot Kinh Do cao cap,480000,138,Ke A4-06,658,2026-08-30
8930000006930,P-897615,Nuoc xa Coca Cola chai 500ml,51000,97,Ke G4-05,999,2026-07-19
8930000006931,P-266699,Sua tuoi Sting chai 500ml,414000,120,Ke F1-04,525,2026-09-02
8930000006932,P-332360,Nuoc suoi Barona chai 500ml,214000,89,Ke J2-04,309,2026-07-10
8930000006933,P-505629,Khan giay Lavie chai 1L,436000,174,Ke B3-09,157,2026-09-14
8930000006934,P-680097,Tuong ot Sunlight huong vi tu nhien,307000,158,Ke H4-01,350,2026-07-23
8930000006935,P-996508,Sua tam Sting chai 1L,381000,191,Ke K4-02,171,2026-08-30
8930000006936,P-275868,Gia vi Barona goi 85g,352000,116,Ke D3-05,99,2026-08-25
8930000006937,P-446239,Dau goi Red Bull tiet kiem,299000,201,Ke J2-09,601,2026-09-14
8930000006938,P-747850,Kem danh rang Closeup khong duong,437000,56,Ke E5-04,947,2026-08-04
8930000006939,P-432441,Tuong ot Sunsilk chai 500ml,330000,86,Ke J1-09,956,2026-09-05
8930000006940,P-926045,Mi goi Sunsilk truyen thong,44000,205,Ke K5-07,458,2026-07-07
8930000006941,P-182034,Nuoc suoi Maggi loc 4 hop,401000,234,Ke I4-09,938,2026-08-07
8930000006942,P-139726,Tuong ot Omachi huong vi tu nhien,237000,37,Ke I1-02,413,2026-07-17
8930000006943,P-463188,Nuoc suoi Tuong An dam da,342000,285,Ke C4-08,964,2026-07-10
8930000006944,P-108060,Mi goi G7 truyen thong,393000,244,Ke K1-02,351,2026-09-04
8930000006945,P-831758,Gia vi Nescafe cao cap,239000,142,Ke A3-05,79,2026-07-22
8930000006946,P-613425,Mi goi Oishi tiet kiem,441000,158,Ke J5-06,672,2026-09-18
8930000006947,P-531071,Nuoc ngot Barona can 2L,150000,91,Ke G1-05,134,2026-09-15
8930000006948,P-776149,Nuoc giat Knorr huong vi tu nhien,154000,188,Ke B2-03,536,2026-07-08
8930000006949,P-961501,Snack Sunlight tiet kiem,259000,294,Ke K2-08,30,2026-07-24
8930000006950,P-112800,Nuoc ngot TH True Milk truyen thong,123000,181,Ke H3-04,930,2026-09-22
8930000006951,P-903373,Nuoc tuong Oishi dam da,21000,20,Ke E5-03,261,2026-08-13
8930000006952,P-588002,Banh quy Comfort tiet kiem,64000,82,Ke I3-05,683,2026-07-12
8930000006953,P-453487,Gia vi Oishi truyen thong,411000,239,Ke C4-04,102,2026-07-12
8930000006954,P-571923,Snack TH True Milk goi 85g,39000,9,Ke I4-07,452,2026-09-27
8930000006955,P-169832,Nuoc suoi Barona cao cap,399000,71,Ke J3-08,613,2026-10-01
8930000006956,P-346277,Tuong ot Lavie loc 4 hop,346000,28,Ke G3-03,763,2026-07-12
8930000006957,P-540038,Nuoc lau san Chin-su it duong,439000,189,Ke J5-05,827,2026-07-27
8930000006958,P-544393,Nuoc lau san Barona can 2L,206000,45,Ke I4-05,989,2026-07-29
8930000006959,P-827117,Ca phe Kinh Do khong duong,44000,81,Ke D3-07,35,2026-08-20
8930000006960,P-157216,Khan giay Maggi cao cap,107000,260,Ke A4-03,474,2026-09-15
8930000006961,P-397026,Hat nem Lavie khong duong,203000,143,Ke D4-02,113,2026-09-02
8930000006962,P-513697,Nuoc lau san OMO goi 85g,245000,34,Ke F4-02,916,2026-08-09
8930000006963,P-372028,Nuoc mam Comfort hop 200g,262000,148,Ke H3-05,515,2026-08-01
8930000006964,P-645895,Banh quy Clear tiet kiem,29000,296,Ke G3-07,120,2026-08-30
8930000006965,P-819400,Dau goi Oishi hop 200g,146000,268,Ke D5-06,414,2026-09-28
8930000006966,P-828449,Nuoc ngot Pepsi tiet kiem,219000,262,Ke F5-07,465,2026-08-08
8930000006967,P-251074,Nuoc lau san Lay's chai 500ml,121000,75,Ke E5-08,784,2026-08-21
8930000006968,P-953797,Tuong ot Lay's it duong,24000,121,Ke K4-02,895,2026-07-17
8930000006969,P-142675,Gia vi Oishi it duong,67000,198,Ke A2-09,947,2026-07-07
8930000006970,P-538065,Dau goi Hao Hao cao cap,193000,229,Ke K3-03,888,2026-09-09
8930000006971,P-191928,Dau goi Nescafe it duong,233000,273,Ke A2-08,81,2026-08-05
8930000006972,P-179046,Mi goi Nescafe chai 1L,167000,280,Ke I1-08,291,2026-08-13
8930000006973,P-331522,Nuoc ngot Lifebuoy khong duong,23000,133,Ke G3-05,334,2026-08-16
8930000006974,P-565412,Snack Pepsi chai 1L,116000,202,Ke D4-04,998,2026-07-05
8930000006975,P-900660,Nuoc tuong Closeup tiet kiem,61000,111,Ke J2-03,905,2026-09-11
8930000006976,P-602351,Tuong ot Sunlight huong vi tu nhien,466000,150,Ke C1-01,236,2026-08-02
8930000006977,P-766764,Khan giay Clear hop 200g,284000,100,Ke A3-09,456,2026-07-23
8930000006978,P-413369,Tuong ot Red Bull truyen thong,26000,52,Ke C2-04,343,2026-08-07
8930000006979,P-207570,Gia vi OMO truyen thong,114000,258,Ke K4-06,611,2026-10-03
8930000006980,P-418897,Mi goi Chin-su hop 200g,69000,71,Ke J2-01,69,2026-09-04
8930000006981,P-606121,Tuong ot Sting huong vi tu nhien,384000,151,Ke F4-05,730,2026-10-03
8930000006982,P-685181,Nuoc tuong Maggi chai 500ml,28000,246,Ke E5-02,947,2026-09-23
8930000006983,P-675898,Hat nem Lay's khong duong,278000,73,Ke D4-07,766,2026-08-25
8930000006984,P-244000,Khan giay Simply goi 85g,433000,80,Ke G5-04,89,2026-09-03
8930000006985,P-409499,Nuoc tuong Vinamilk truyen thong,12000,116,Ke D5-04,850,2026-09-03
8930000006986,P-945742,Sua tam Clear can 2L,385000,106,Ke G1-05,736,2026-09-26
8930000006987,P-501126,Ca phe Red Bull cao cap,214000,44,Ke J3-06,910,2026-08-11
8930000006988,P-514850,Mi goi Maggi cao cap,371000,168,Ke I1-09,113,2026-07-13
8930000006989,P-322022,Mi goi Vinamilk chai 1L,361000,152,Ke K2-03,168,2026-09-03
8930000006990,P-567935,Mi goi Clear hop 200g,254000,263,Ke J3-09,594,2026-09-07
8930000006991,P-249811,Dau an TH True Milk dam da,467000,24,Ke K5-09,704,2026-09-24
8930000006992,P-313068,Sua tuoi Red Bull khong duong,120000,80,Ke C4-05,758,2026-08-08
8930000006993,P-948014,Nuoc lau san Simply tiet kiem,20000,51,Ke J3-05,126,2026-10-03
8930000006994,P-260626,Nuoc lau san Nescafe it duong,160000,142,Ke E2-06,254,2026-08-02
8930000006995,P-743790,Ca phe Omachi loc 4 hop,309000,158,Ke B4-09,339,2026-07-25
8930000006996,P-839808,Nuoc suoi Red Bull truyen thong,258000,27,Ke C2-03,519,2026-07-10
8930000006997,P-254954,Tuong ot Kinh Do huong vi tu nhien,311000,38,Ke F4-02,611,2026-09-22
8930000006998,P-399899,Sua tuoi Knorr cao cap,125000,232,Ke J2-04,992,2026-08-25
8930000006999,P-208013,Mi goi Vinamilk cao cap,385000,83,Ke E2-06,47,2026-08-23
8930000007000,P-431845,Khan giay Closeup chai 1L,107000,59,Ke A4-03,433,2026-07-24
8930000007001,P-444519,Ca phe Knorr dam da,487000,285,Ke H4-07,853,2026-07-09
8930000007002,P-948102,Nuoc tuong Lay's chai 1L,47000,245,Ke G5-08,718,2026-09-10
8930000007003,P-414889,Gia vi Pepsi khong duong,373000,15,Ke E2-08,375,2026-07-05
8930000007004,P-326639,Nuoc tuong Colgate dam da,32000,52,Ke E1-01,739,2026-09-30
8930000007005,P-135138,Nuoc lau san Clear khong duong,179000,96,Ke D1-07,352,2026-09-21
8930000007006,P-344026,Nuoc ngot Red Bull chai 1L,288000,87,Ke F1-06,908,2026-09-14
8930000007007,P-149405,Nuoc lau san G7 huong vi tu nhien,24000,163,Ke J4-01,843,2026-08-18
8930000007008,P-614796,Nuoc suoi Pepsi hop 200g,15000,196,Ke A5-05,658,2026-07-13
8930000007009,P-687569,Gia vi Clear chai 500ml,339000,49,Ke H1-05,128,2026-09-27
8930000007010,P-795781,Ca phe Red Bull it duong,432000,16,Ke I4-09,556,2026-08-08
8930000007011,P-501066,Snack Barona khong duong,200000,119,Ke C2-09,893,2026-09-01
8930000007012,P-972064,Ca phe Hao Hao it duong,121000,103,Ke F5-01,882,2026-09-11
8930000007013,P-167193,Mi goi TH True Milk it duong,248000,249,Ke A1-03,244,2026-09-06
8930000007014,P-665579,Snack Nescafe khong duong,104000,174,Ke A4-03,479,2026-08-25
8930000007015,P-928358,Mi goi Clear tiet kiem,429000,194,Ke H1-09,961,2026-07-28
8930000007016,P-119651,Tuong ot Chin-su goi 85g,204000,23,Ke E1-07,102,2026-08-25
8930000007017,P-609845,Hat nem Lavie loc 4 hop,115000,160,Ke J1-09,586,2026-09-14
8930000007018,P-571023,Ca phe Comfort chai 500ml,343000,166,Ke H3-07,641,2026-08-27
8930000007019,P-578975,Hat nem Nam Ngu it duong,31000,144,Ke A2-01,682,2026-07-10
8930000007020,P-410035,Snack Nescafe tiet kiem,44000,261,Ke B3-09,358,2026-09-03
8930000007021,P-801200,Snack Vinamilk chai 1L,67000,82,Ke F5-01,751,2026-07-19
8930000007022,P-810687,Khan giay Tuong An hop 200g,35000,296,Ke K3-04,453,2026-09-08
8930000007023,P-117094,Hat nem Nam Ngu dam da,93000,109,Ke I4-06,344,2026-08-13
8930000007024,P-687234,Nuoc tuong Lavie cao cap,33000,85,Ke C1-09,18,2026-08-17
8930000007025,P-899550,Tuong ot Nescafe truyen thong,155000,258,Ke K5-03,460,2026-07-19
8930000007026,P-501583,Kem danh rang Kinh Do it duong,442000,99,Ke E4-06,77,2026-07-26
8930000007027,P-628705,Tuong ot Closeup chai 500ml,452000,55,Ke E4-02,644,2026-09-12
8930000007028,P-512842,Banh quy Hao Hao truyen thong,138000,25,Ke H5-09,951,2026-09-05
8930000007029,P-203024,Nuoc suoi Vinamilk huong vi tu nhien,233000,232,Ke B4-01,102,2026-09-30
8930000007030,P-790441,Nuoc tuong Clear tiet kiem,378000,117,Ke B4-04,316,2026-07-18
8930000007031,P-765046,Gia vi Pepsi it duong,92000,53,Ke F3-04,666,2026-09-03
8930000007032,P-222343,Khan giay OMO can 2L,445000,169,Ke D1-08,335,2026-09-17
8930000007033,P-196214,Nuoc tuong Coca Cola dam da,410000,99,Ke K2-05,23,2026-07-13
8930000007034,P-818605,Banh quy TH True Milk khong duong,163000,298,Ke D4-06,877,2026-07-26
8930000007035,P-178501,Mi goi Nescafe it duong,178000,24,Ke K1-03,148,2026-07-24
8930000007036,P-831295,Nuoc xa Clear loc 4 hop,9000,276,Ke J4-06,660,2026-08-02
8930000007037,P-316800,Nuoc lau san Clear loc 4 hop,448000,74,Ke D3-02,643,2026-07-24
8930000007038,P-834733,Banh quy Lifebuoy khong duong,414000,227,Ke E2-02,651,2026-08-26
8930000007039,P-676802,Gia vi Omachi goi 85g,366000,266,Ke E1-07,739,2026-09-04
8930000007040,P-364144,Nuoc suoi Maggi loc 4 hop,254000,244,Ke K5-03,496,2026-07-13
8930000007041,P-385320,Khan giay Pepsi hop 200g,405000,106,Ke J2-01,354,2026-08-17
8930000007042,P-150486,Mi goi Comfort tiet kiem,190000,243,Ke A3-06,888,2026-09-09
8930000007043,P-351198,Hat nem Vinamilk loc 4 hop,115000,133,Ke J3-09,114,2026-08-18
8930000007044,P-949376,Gia vi Nescafe goi 85g,427000,78,Ke G5-08,299,2026-08-27
8930000007045,P-284229,Hat nem Simply cao cap,255000,110,Ke B3-01,146,2026-07-18
8930000007046,P-987240,Sua tuoi Simply huong vi tu nhien,28000,284,Ke B1-04,621,2026-09-22
8930000007047,P-619696,Mi goi Hao Hao cao cap,156000,11,Ke H3-06,997,2026-07-22
8930000007048,P-707727,Nuoc giat Nescafe tiet kiem,226000,91,Ke B4-04,258,2026-07-31
8930000007049,P-617555,Ca phe Clear truyen thong,486000,152,Ke D1-06,218,2026-08-26
8930000007050,P-142004,Nuoc suoi Barona tiet kiem,327000,250,Ke F3-01,811,2026-07-30
8930000007051,P-228594,Dau an Maggi it duong,286000,79,Ke I5-09,99,2026-08-14
8930000007052,P-627276,Mi goi Simply can 2L,337000,48,Ke J3-09,548,2026-09-30
8930000007053,P-600935,Nuoc xa Simply tiet kiem,428000,78,Ke H1-05,389,2026-09-05
8930000007054,P-823846,Kem danh rang Lavie loc 4 hop,75000,278,Ke E4-09,836,2026-08-11
8930000007055,P-419394,Tuong ot Sunsilk cao cap,368000,283,Ke H2-01,214,2026-09-12
8930000007056,P-250551,Tuong ot G7 it duong,394000,84,Ke C4-01,319,2026-07-17
8930000007057,P-781121,Nuoc suoi Simply khong duong,247000,154,Ke A2-07,361,2026-08-21
8930000007058,P-738613,Nuoc tuong Lavie hop 200g,95000,139,Ke F5-01,169,2026-09-03
8930000007059,P-886224,Hat nem Hao Hao huong vi tu nhien,262000,55,Ke I3-05,738,2026-07-27
8930000007060,P-928226,Sua tuoi Comfort chai 500ml,385000,52,Ke E2-09,534,2026-07-05
8930000007061,P-557592,Nuoc mam Red Bull it duong,252000,141,Ke J1-05,672,2026-08-29
8930000007062,P-627262,Nuoc xa Kinh Do goi 85g,447000,38,Ke D2-05,777,2026-09-29
8930000007063,P-350224,Sua tam Omachi dam da,372000,150,Ke G1-04,221,2026-08-20
8930000007064,P-781453,Nuoc suoi Sting it duong,410000,131,Ke H1-03,883,2026-08-23
8930000007065,P-290425,Snack Aquafina tiet kiem,423000,205,Ke D3-09,122,2026-08-31
8930000007066,P-770556,Nuoc ngot Sunlight cao cap,183000,242,Ke H1-09,57,2026-08-07
8930000007067,P-409355,Nuoc suoi Oishi khong duong,76000,101,Ke J4-07,369,2026-09-16
8930000007068,P-728950,Nuoc tuong Colgate chai 500ml,362000,58,Ke K3-02,607,2026-10-03
8930000007069,P-862847,Nuoc lau san Sunsilk khong duong,395000,234,Ke E3-08,281,2026-08-17
8930000007070,P-574012,Sua tam Aquafina hop 200g,336000,81,Ke F1-08,439,2026-09-09
8930000007071,P-237002,Hat nem Red Bull truyen thong,411000,123,Ke G3-04,382,2026-09-04
8930000007072,P-506224,Nuoc xa Hao Hao khong duong,53000,154,Ke G2-01,511,2026-09-26
8930000007073,P-396408,Banh quy Lay's chai 500ml,274000,110,Ke A3-03,789,2026-07-26
8930000007074,P-793223,Dau goi Nam Ngu khong duong,125000,38,Ke A2-07,367,2026-07-07
8930000007075,P-188501,Snack Red Bull loc 4 hop,247000,140,Ke K3-04,405,2026-08-14
8930000007076,P-181670,Nuoc xa Simply chai 500ml,487000,78,Ke B4-01,532,2026-09-02
8930000007077,P-312952,Ca phe TH True Milk khong duong,469000,264,Ke J4-05,799,2026-10-03
8930000007078,P-134225,Khan giay Nam Ngu tiet kiem,432000,109,Ke E5-07,286,2026-08-04
8930000007079,P-296412,Khan giay Barona it duong,189000,117,Ke J3-07,167,2026-09-20
8930000007080,P-506945,Snack Knorr khong duong,363000,218,Ke C4-08,865,2026-09-23
8930000007081,P-619013,Nuoc lau san Nescafe hop 200g,426000,85,Ke G4-01,91,2026-09-07
8930000007082,P-661527,Sua tam Kinh Do hop 200g,50000,216,Ke G4-04,190,2026-09-15
8930000007083,P-913331,Nuoc ngot Lifebuoy truyen thong,332000,239,Ke K4-06,603,2026-08-29
8930000007084,P-531228,Mi goi Knorr loc 4 hop,252000,250,Ke C1-05,349,2026-09-05
8930000007085,P-220096,Hat nem Sting truyen thong,405000,203,Ke J4-02,712,2026-08-09
8930000007086,P-494468,Dau an Sting chai 1L,79000,144,Ke D5-07,674,2026-09-27
8930000007087,P-943135,Dau goi Simply huong vi tu nhien,22000,243,Ke J5-03,212,2026-07-05
8930000007088,P-265725,Tuong ot Colgate tiet kiem,424000,289,Ke J1-08,512,2026-08-02
8930000007089,P-300051,Tuong ot Closeup cao cap,189000,219,Ke D5-03,76,2026-09-20
8930000007090,P-610268,Nuoc lau san Sting goi 85g,462000,57,Ke G2-07,658,2026-07-22
8930000007091,P-677086,Nuoc lau san Red Bull can 2L,115000,173,Ke K1-01,361,2026-07-08
8930000007092,P-689964,Khan giay Sting it duong,156000,158,Ke G5-06,824,2026-10-03
8930000007093,P-428122,Banh quy Lay's loc 4 hop,232000,138,Ke H5-03,599,2026-09-04
8930000007094,P-944554,Dau goi Sunsilk cao cap,53000,203,Ke G2-01,557,2026-08-08
8930000007095,P-600318,Gia vi Maggi khong duong,294000,206,Ke I4-04,662,2026-08-10
8930000007096,P-818530,Nuoc xa Sting chai 1L,121000,197,Ke G2-06,131,2026-08-04
8930000007097,P-279708,Hat nem Coca Cola huong vi tu nhien,12000,236,Ke F3-01,262,2026-10-02
8930000007098,P-560959,Nuoc tuong Tuong An dam da,366000,105,Ke I2-09,587,2026-09-27
8930000007099,P-444525,Nuoc ngot Kinh Do can 2L,165000,81,Ke I2-01,830,2026-07-13
8930000007100,P-567262,Nuoc xa Lay's huong vi tu nhien,257000,252,Ke K5-09,743,2026-07-27
8930000007101,P-830316,Dau goi Hao Hao goi 85g,92000,196,Ke G1-07,436,2026-08-31
8930000007102,P-203050,Banh quy Maggi khong duong,285000,6,Ke C5-01,148,2026-09-12
8930000007103,P-376967,Nuoc mam Closeup loc 4 hop,153000,203,Ke G1-07,333,2026-09-22
8930000007104,P-163941,Nuoc xa Lifebuoy chai 500ml,290000,226,Ke G4-03,869,2026-08-13
8930000007105,P-810638,Kem danh rang Red Bull huong vi tu nhien,155000,116,Ke I5-04,201,2026-07-22
8930000007106,P-323508,Nuoc mam Nam Ngu cao cap,376000,272,Ke E1-02,191,2026-08-14
8930000007107,P-677390,Khan giay Kinh Do can 2L,210000,135,Ke J5-06,458,2026-08-08
8930000007108,P-395442,Ca phe Chin-su can 2L,110000,166,Ke J5-05,974,2026-09-26
8930000007109,P-606990,Nuoc giat Vinamilk truyen thong,419000,169,Ke E4-03,49,2026-07-16
8930000007110,P-400692,Dau an Pepsi loc 4 hop,437000,203,Ke F2-07,470,2026-07-19
8930000007111,P-708851,Nuoc suoi Maggi can 2L,59000,261,Ke J1-07,419,2026-07-26
8930000007112,P-536754,Banh quy Red Bull it duong,453000,63,Ke A1-02,939,2026-08-07
8930000007113,P-342128,Gia vi Red Bull can 2L,208000,201,Ke K1-01,183,2026-09-13
8930000007114,P-607719,Sua tuoi Vinamilk cao cap,473000,132,Ke G3-03,222,2026-07-30
8930000007115,P-704238,Nuoc mam Omachi it duong,178000,168,Ke C2-01,616,2026-08-25
8930000007116,P-535604,Nuoc ngot Chin-su loc 4 hop,500000,177,Ke K4-03,648,2026-07-15
8930000007117,P-180657,Nuoc ngot Omachi truyen thong,454000,16,Ke C3-05,832,2026-07-13
8930000007118,P-216683,Sua tuoi Oishi loc 4 hop,57000,45,Ke D5-07,341,2026-08-31
8930000007119,P-406461,Kem danh rang Chin-su chai 500ml,358000,165,Ke B4-07,327,2026-08-11
8930000007120,P-223088,Khan giay Nescafe it duong,218000,160,Ke J3-01,848,2026-07-19
8930000007121,P-502686,Nuoc mam Pepsi khong duong,264000,251,Ke F4-03,60,2026-07-11
8930000007122,P-614013,Tuong ot Lifebuoy dam da,149000,105,Ke A4-02,306,2026-09-03
8930000007123,P-954987,Nuoc mam G7 goi 85g,487000,192,Ke I5-05,463,2026-09-28
8930000007124,P-182216,Khan giay Closeup hop 200g,419000,15,Ke G5-09,116,2026-07-25
8930000007125,P-568288,Gia vi Omachi it duong,406000,246,Ke B1-05,310,2026-07-21
8930000007126,P-501936,Banh quy Red Bull dam da,339000,58,Ke D4-05,434,2026-07-26
8930000007127,P-826847,Khan giay TH True Milk chai 1L,366000,277,Ke I4-09,321,2026-07-27
8930000007128,P-232040,Sua tuoi Nam Ngu hop 200g,54000,77,Ke K4-08,632,2026-09-29
8930000007129,P-815054,Snack Nam Ngu cao cap,280000,260,Ke F1-09,711,2026-07-16
8930000007130,P-688637,Snack Nam Ngu truyen thong,392000,133,Ke C5-08,656,2026-09-27
8930000007131,P-808029,Hat nem Oishi truyen thong,464000,241,Ke H2-04,965,2026-07-30
8930000007132,P-701581,Sua tuoi Sunlight huong vi tu nhien,132000,51,Ke E2-03,668,2026-07-07
8930000007133,P-191305,Sua tam Clear cao cap,333000,164,Ke K3-02,803,2026-10-02
8930000007134,P-577309,Nuoc suoi Sunsilk khong duong,485000,110,Ke C1-01,915,2026-07-06
8930000007135,P-630155,Nuoc tuong Coca Cola chai 500ml,282000,197,Ke C2-04,265,2026-07-24
8930000007136,P-495521,Nuoc xa G7 dam da,318000,122,Ke E2-02,65,2026-08-28
8930000007137,P-559713,Nuoc giat Colgate loc 4 hop,206000,244,Ke F4-04,173,2026-07-06
8930000007138,P-355528,Snack Kinh Do truyen thong,324000,133,Ke B3-07,71,2026-08-06
8930000007139,P-728437,Tuong ot Sunlight dam da,93000,148,Ke D2-02,746,2026-07-21
8930000007140,P-360276,Nuoc giat Oishi khong duong,132000,247,Ke G1-08,280,2026-09-27
8930000007141,P-593869,Hat nem Lavie cao cap,367000,109,Ke A1-06,931,2026-08-15
8930000007142,P-326130,Nuoc lau san Tuong An dam da,441000,234,Ke C4-04,277,2026-09-26
8930000007143,P-143941,Dau goi Oishi can 2L,417000,173,Ke E1-04,792,2026-09-10
8930000007144,P-405323,Dau goi Nam Ngu truyen thong,366000,7,Ke K1-06,950,2026-09-26
8930000007145,P-642421,Nuoc tuong Colgate tiet kiem,299000,72,Ke C5-09,206,2026-09-28
8930000007146,P-931450,Gia vi Omachi khong duong,41000,119,Ke D4-01,259,2026-07-10
8930000007147,P-325933,Snack OMO truyen thong,24000,115,Ke K5-07,995,2026-10-01
8930000007148,P-621917,Nuoc xa Chin-su hop 200g,155000,104,Ke A4-03,515,2026-08-06
8930000007149,P-554987,Tuong ot Sunsilk loc 4 hop,174000,68,Ke C5-06,846,2026-09-19
8930000007150,P-247720,Khan giay Sting cao cap,353000,79,Ke I3-06,555,2026-08-15
8930000007151,P-167136,Nuoc xa Lay's truyen thong,126000,66,Ke G1-03,484,2026-07-30
8930000007152,P-870763,Sua tam Nam Ngu truyen thong,370000,156,Ke I4-07,796,2026-08-18
8930000007153,P-299312,Dau goi Barona truyen thong,51000,73,Ke I1-07,620,2026-08-20
8930000007154,P-954596,Snack OMO tiet kiem,83000,68,Ke B1-06,217,2026-09-23
8930000007155,P-769018,Dau goi Sunlight dam da,174000,200,Ke G4-09,701,2026-08-21
8930000007156,P-190581,Khan giay Sting tiet kiem,56000,113,Ke E1-02,968,2026-09-17
8930000007157,P-288531,Khan giay Omachi cao cap,277000,271,Ke B1-05,172,2026-09-06
8930000007158,P-560030,Nuoc tuong Colgate cao cap,169000,97,Ke E4-07,327,2026-07-07
8930000007159,P-782661,Kem danh rang Knorr chai 500ml,25000,261,Ke F3-05,553,2026-07-29
8930000007160,P-264404,Snack Lay's goi 85g,441000,27,Ke G5-01,313,2026-09-03
8930000007161,P-994141,Gia vi OMO goi 85g,246000,268,Ke I5-05,636,2026-07-14
8930000007162,P-652108,Nuoc tuong Sunlight loc 4 hop,395000,148,Ke A4-01,149,2026-08-15
8930000007163,P-523579,Gia vi Sunsilk huong vi tu nhien,295000,192,Ke J3-01,353,2026-07-09
8930000007164,P-864491,Dau an Hao Hao hop 200g,272000,298,Ke J1-03,936,2026-10-03
8930000007165,P-676710,Nuoc xa Sting can 2L,102000,31,Ke I5-02,337,2026-09-04
8930000007166,P-811346,Sua tuoi Chin-su hop 200g,115000,110,Ke D4-08,459,2026-09-26
8930000007167,P-516774,Kem danh rang Omachi hop 200g,255000,74,Ke F2-09,314,2026-09-21
8930000007168,P-498382,Dau an Barona truyen thong,232000,58,Ke D2-06,225,2026-09-02
8930000007169,P-870319,Dau an Lifebuoy chai 500ml,269000,292,Ke I3-01,311,2026-09-23
8930000007170,P-969634,Sua tam Chin-su can 2L,143000,95,Ke C1-03,687,2026-09-19
8930000007171,P-536440,Mi goi Clear tiet kiem,430000,171,Ke E3-05,662,2026-07-30
8930000007172,P-795978,Kem danh rang Vinamilk khong duong,349000,157,Ke G1-01,694,2026-07-07
8930000007173,P-242254,Mi goi Coca Cola goi 85g,50000,6,Ke H1-04,911,2026-08-03
8930000007174,P-372387,Nuoc xa Closeup hop 200g,436000,255,Ke D1-06,962,2026-09-21
8930000007175,P-674993,Ca phe Colgate tiet kiem,204000,10,Ke H2-08,176,2026-09-26
8930000007176,P-378095,Ca phe TH True Milk it duong,328000,96,Ke K3-01,290,2026-08-26
8930000007177,P-888977,Sua tuoi Hao Hao khong duong,41000,232,Ke I3-07,985,2026-07-05
8930000007178,P-943146,Tuong ot Maggi cao cap,390000,163,Ke D4-02,280,2026-08-21
8930000007179,P-921273,Kem danh rang Comfort huong vi tu nhien,46000,85,Ke J1-05,244,2026-09-23
8930000007180,P-401198,Nuoc mam G7 chai 1L,277000,222,Ke G4-08,353,2026-08-15
8930000007181,P-515922,Ca phe Coca Cola hop 200g,498000,261,Ke K2-07,247,2026-09-07
8930000007182,P-135695,Dau an TH True Milk hop 200g,147000,272,Ke B4-09,859,2026-08-19
8930000007183,P-747351,Tuong ot Kinh Do hop 200g,463000,5,Ke I4-01,68,2026-08-26
8930000007184,P-890785,Dau goi Hao Hao goi 85g,243000,34,Ke K2-08,714,2026-09-04
8930000007185,P-375722,Khan giay Omachi loc 4 hop,412000,204,Ke H5-04,91,2026-08-25
8930000007186,P-321494,Dau goi Tuong An khong duong,173000,19,Ke I5-03,243,2026-09-15
8930000007187,P-460857,Nuoc suoi Colgate it duong,322000,215,Ke J4-05,997,2026-07-10
8930000007188,P-529660,Nuoc giat Closeup can 2L,112000,81,Ke D4-03,261,2026-07-20
8930000007189,P-317220,Nuoc mam Lay's khong duong,335000,49,Ke D2-03,313,2026-10-03
8930000007190,P-177959,Dau goi Kinh Do goi 85g,209000,152,Ke G1-06,405,2026-07-20
8930000007191,P-267112,Dau an Barona can 2L,132000,194,Ke A3-07,632,2026-08-19
8930000007192,P-169348,Nuoc lau san Chin-su chai 1L,45000,224,Ke J1-04,283,2026-09-05
8930000007193,P-656011,Nuoc lau san Closeup tiet kiem,39000,84,Ke F5-01,189,2026-08-24
8930000007194,P-166175,Dau goi Chin-su dam da,309000,231,Ke E4-07,48,2026-08-26
8930000007195,P-239849,Ca phe TH True Milk loc 4 hop,78000,141,Ke B3-03,709,2026-07-09
8930000007196,P-290672,Sua tam Lavie chai 1L,82000,221,Ke B4-01,262,2026-08-13
8930000007197,P-227091,Ca phe Simply huong vi tu nhien,452000,18,Ke H2-05,474,2026-08-14
8930000007198,P-612530,Dau goi Lifebuoy huong vi tu nhien,495000,187,Ke D1-04,631,2026-07-05
8930000007199,P-610866,Nuoc xa Sunsilk goi 85g,110000,241,Ke E4-07,388,2026-07-18
8930000007200,P-632496,Hat nem Red Bull can 2L,375000,251,Ke C3-03,916,2026-09-01
8930000007201,P-237064,Nuoc mam Red Bull goi 85g,162000,41,Ke C5-08,655,2026-08-12
8930000007202,P-214176,Nuoc ngot Omachi tiet kiem,379000,263,Ke C4-02,163,2026-08-29
8930000007203,P-992512,Gia vi Lay's goi 85g,239000,234,Ke J5-05,674,2026-07-31
8930000007204,P-384685,Mi goi Oishi loc 4 hop,357000,24,Ke G5-02,181,2026-08-06
8930000007205,P-160718,Kem danh rang Coca Cola dam da,373000,10,Ke E1-09,435,2026-08-04
8930000007206,P-620526,Tuong ot Omachi chai 500ml,408000,271,Ke G5-05,533,2026-09-24
8930000007207,P-477808,Sua tuoi Coca Cola khong duong,144000,240,Ke B4-06,937,2026-08-14
8930000007208,P-380989,Khan giay Nam Ngu cao cap,440000,279,Ke G3-02,952,2026-09-10
8930000007209,P-831531,Sua tuoi Lavie loc 4 hop,59000,186,Ke C5-01,746,2026-08-03
8930000007210,P-270395,Nuoc lau san Pepsi tiet kiem,156000,242,Ke H1-02,430,2026-07-21
8930000007211,P-913423,Dau goi Omachi huong vi tu nhien,456000,82,Ke K2-04,389,2026-09-17
8930000007212,P-824056,Nuoc xa Vinamilk chai 1L,193000,129,Ke K5-02,213,2026-08-04
8930000007213,P-827213,Nuoc tuong Oishi chai 500ml,486000,203,Ke C2-06,301,2026-09-05
8930000007214,P-806537,Kem danh rang Colgate dam da,86000,14,Ke E3-09,818,2026-07-23
8930000007215,P-400441,Sua tam Simply truyen thong,285000,186,Ke J3-03,297,2026-09-27
8930000007216,P-359896,Snack Sunlight huong vi tu nhien,32000,147,Ke F1-01,750,2026-08-13
8930000007217,P-329258,Dau goi Sunsilk chai 1L,9000,196,Ke I5-01,592,2026-08-24
8930000007218,P-939767,Gia vi Chin-su cao cap,136000,113,Ke J5-02,344,2026-07-28
8930000007219,P-893928,Nuoc lau san Simply khong duong,82000,196,Ke H1-03,113,2026-09-20
8930000007220,P-378727,Sua tam Nescafe truyen thong,202000,211,Ke K1-03,837,2026-07-27
8930000007221,P-145981,Khan giay Closeup truyen thong,96000,273,Ke B3-09,620,2026-08-14
8930000007222,P-398151,Kem danh rang Maggi chai 1L,443000,53,Ke H5-02,977,2026-08-18
8930000007223,P-305973,Nuoc suoi Closeup tiet kiem,285000,101,Ke G1-02,323,2026-09-03
8930000007224,P-974625,Nuoc tuong Simply it duong,488000,198,Ke G3-05,604,2026-09-08
8930000007225,P-432270,Ca phe Sting truyen thong,147000,122,Ke A2-05,658,2026-09-15
8930000007226,P-711680,Sua tam Sting goi 85g,385000,142,Ke F4-07,749,2026-09-25
8930000007227,P-128783,Nuoc ngot Sunsilk chai 500ml,480000,184,Ke G5-02,915,2026-08-12
8930000007228,P-986209,Sua tuoi Lay's chai 1L,160000,34,Ke F4-09,505,2026-08-10
8930000007229,P-986982,Sua tam Vinamilk tiet kiem,398000,43,Ke H5-03,692,2026-07-16
8930000007230,P-755674,Dau goi Sunlight dam da,446000,150,Ke K4-04,17,2026-08-07
8930000007231,P-205071,Ca phe Barona goi 85g,371000,19,Ke C4-08,748,2026-07-06
8930000007232,P-329437,Dau an Maggi can 2L,106000,11,Ke B5-07,639,2026-07-21
8930000007233,P-485415,Ca phe Coca Cola chai 500ml,410000,83,Ke B4-05,895,2026-08-17
8930000007234,P-924451,Dau goi Lavie goi 85g,300000,284,Ke I3-04,822,2026-07-25
8930000007235,P-668532,Sua tam Nescafe loc 4 hop,426000,160,Ke D5-01,683,2026-08-14
8930000007236,P-145209,Nuoc lau san Tuong An dam da,425000,160,Ke F4-06,355,2026-08-06
8930000007237,P-703655,Tuong ot Nescafe dam da,178000,222,Ke H5-08,658,2026-09-17
8930000007238,P-982417,Nuoc lau san Kinh Do chai 500ml,479000,222,Ke B2-01,128,2026-07-15
8930000007239,P-972097,Hat nem Sunlight khong duong,403000,251,Ke G2-02,403,2026-07-15
8930000007240,P-470774,Khan giay Knorr tiet kiem,311000,260,Ke D5-08,402,2026-07-29
8930000007241,P-922615,Nuoc giat Closeup truyen thong,199000,192,Ke J4-05,879,2026-08-01
8930000007242,P-838862,Nuoc ngot Nescafe tiet kiem,433000,46,Ke K4-06,993,2026-09-04
8930000007243,P-131244,Nuoc suoi TH True Milk hop 200g,224000,60,Ke K5-08,790,2026-07-15
8930000007244,P-789305,Kem danh rang Hao Hao dam da,414000,253,Ke F4-04,841,2026-08-28
8930000007245,P-195674,Nuoc suoi TH True Milk chai 1L,28000,83,Ke B1-02,907,2026-08-15
8930000007246,P-648684,Nuoc mam Pepsi hop 200g,215000,219,Ke H2-08,807,2026-07-31
8930000007247,P-799396,Hat nem Nam Ngu khong duong,417000,96,Ke G2-08,204,2026-09-25
8930000007248,P-754643,Gia vi Pepsi tiet kiem,267000,94,Ke E2-07,595,2026-07-31
8930000007249,P-960778,Mi goi Sunsilk khong duong,457000,28,Ke A4-08,569,2026-07-07
8930000007250,P-946952,Khan giay Sting khong duong,219000,239,Ke B3-07,598,2026-09-22
8930000007251,P-734992,Ca phe Clear truyen thong,242000,12,Ke B2-09,216,2026-07-09
8930000007252,P-508783,Gia vi Clear tiet kiem,133000,187,Ke E1-07,282,2026-08-15
8930000007253,P-951327,Sua tuoi Red Bull cao cap,58000,184,Ke A1-07,655,2026-07-07
8930000007254,P-876383,Dau goi Aquafina khong duong,283000,174,Ke D1-01,266,2026-08-23
8930000007255,P-850432,Kem danh rang Red Bull truyen thong,337000,265,Ke G5-06,633,2026-09-10
8930000007256,P-288550,Dau an Omachi khong duong,446000,31,Ke A4-06,738,2026-07-09
8930000007257,P-134677,Khan giay Maggi can 2L,334000,236,Ke E1-05,278,2026-09-16
8930000007258,P-212235,Banh quy Kinh Do goi 85g,340000,6,Ke D3-03,1,2026-08-16
8930000007259,P-920539,Nuoc tuong Sting khong duong,37000,260,Ke A3-07,427,2026-07-28
8930000007260,P-857537,Nuoc xa Colgate tiet kiem,17000,290,Ke B4-07,145,2026-09-18
8930000007261,P-961493,Mi goi Pepsi can 2L,58000,80,Ke D1-05,398,2026-07-06
8930000007262,P-968581,Snack G7 it duong,454000,208,Ke F5-09,2,2026-07-09
8930000007263,P-189450,Nuoc ngot Pepsi cao cap,215000,188,Ke I1-04,432,2026-08-12
8930000007264,P-415098,Nuoc mam Chin-su tiet kiem,494000,83,Ke A5-07,884,2026-09-25
8930000007265,P-451475,Sua tuoi Omachi dam da,124000,15,Ke F1-07,850,2026-09-03
8930000007266,P-242071,Khan giay Oishi loc 4 hop,251000,286,Ke D3-09,560,2026-09-24
8930000007267,P-902575,Nuoc suoi Coca Cola huong vi tu nhien,390000,290,Ke C3-08,309,2026-10-02
8930000007268,P-513296,Nuoc giat Oishi truyen thong,441000,159,Ke D3-05,291,2026-09-19
8930000007269,P-898867,Nuoc giat Comfort chai 500ml,195000,224,Ke G1-07,190,2026-09-22
8930000007270,P-492124,Hat nem Chin-su it duong,301000,97,Ke J3-01,117,2026-07-09
8930000007271,P-945687,Gia vi Red Bull tiet kiem,199000,47,Ke A2-03,822,2026-09-20
8930000007272,P-262029,Dau goi Lavie tiet kiem,260000,7,Ke I4-03,387,2026-07-10
8930000007273,P-988662,Nuoc xa Closeup huong vi tu nhien,449000,174,Ke K1-02,634,2026-09-05
8930000007274,P-239158,Nuoc lau san Nescafe it duong,479000,36,Ke J1-05,349,2026-07-15
8930000007275,P-158104,Nuoc lau san Kinh Do chai 1L,343000,245,Ke C5-02,615,2026-09-02
8930000007276,P-499974,Sua tuoi Tuong An khong duong,402000,21,Ke B5-06,599,2026-09-26
8930000007277,P-556526,Kem danh rang Chin-su can 2L,119000,61,Ke B5-08,898,2026-08-14
8930000007278,P-483629,Kem danh rang Sunlight chai 1L,254000,100,Ke C3-02,160,2026-07-30
8930000007279,P-302177,Dau goi Barona chai 500ml,375000,17,Ke D5-05,127,2026-09-27
8930000007280,P-144357,Nuoc ngot Closeup hop 200g,184000,100,Ke C2-05,599,2026-09-11
8930000007281,P-577450,Nuoc suoi Tuong An tiet kiem,441000,139,Ke A4-07,948,2026-09-23
8930000007282,P-424500,Kem danh rang Oishi cao cap,93000,70,Ke C1-08,846,2026-08-15
8930000007283,P-385831,Nuoc suoi Comfort goi 85g,200000,38,Ke I2-09,172,2026-08-20
8930000007284,P-393964,Snack Lifebuoy hop 200g,63000,155,Ke D2-02,814,2026-09-19
8930000007285,P-625808,Nuoc xa Chin-su loc 4 hop,182000,198,Ke A3-02,524,2026-09-11
8930000007286,P-685196,Banh quy G7 cao cap,22000,287,Ke G1-08,962,2026-07-30
8930000007287,P-830132,Sua tuoi G7 can 2L,473000,61,Ke D3-04,984,2026-07-29
8930000007288,P-752483,Ca phe Sting it duong,79000,140,Ke C1-06,475,2026-09-26
8930000007289,P-561607,Hat nem Pepsi chai 500ml,294000,196,Ke J2-06,489,2026-09-30
8930000007290,P-251716,Nuoc xa Clear khong duong,407000,250,Ke K5-03,615,2026-10-03
8930000007291,P-750318,Nuoc suoi Lifebuoy chai 1L,384000,299,Ke J5-02,918,2026-09-25
8930000007292,P-651860,Nuoc giat Omachi dam da,335000,121,Ke H1-03,719,2026-08-09
8930000007293,P-840532,Mi goi Coca Cola can 2L,50000,202,Ke H2-08,54,2026-09-14
8930000007294,P-140163,Dau an Clear loc 4 hop,43000,24,Ke C4-03,99,2026-10-01
8930000007295,P-282237,Nuoc tuong Nam Ngu huong vi tu nhien,284000,110,Ke C1-02,311,2026-07-05
8930000007296,P-470281,Hat nem Colgate dam da,431000,300,Ke D5-05,863,2026-09-25
8930000007297,P-738577,Snack OMO it duong,49000,40,Ke I5-03,235,2026-09-27
8930000007298,P-962283,Nuoc xa Comfort it duong,43000,122,Ke J4-03,581,2026-07-26
8930000007299,P-142185,Nuoc lau san Red Bull khong duong,273000,235,Ke H1-04,936,2026-09-28
8930000007300,P-743052,Ca phe Omachi it duong,262000,245,Ke K4-09,918,2026-10-01
8930000007301,P-486244,Gia vi Vinamilk huong vi tu nhien,382000,252,Ke K4-07,288,2026-09-13
8930000007302,P-896290,Nuoc giat Maggi can 2L,380000,22,Ke J4-09,801,2026-08-17
8930000007303,P-994787,Dau an Aquafina it duong,434000,38,Ke D5-06,872,2026-08-25
8930000007304,P-682401,Mi goi Simply dam da,444000,240,Ke K3-05,550,2026-07-09
8930000007305,P-263032,Snack OMO truyen thong,65000,188,Ke E3-03,687,2026-09-05
8930000007306,P-463625,Tuong ot Tuong An loc 4 hop,24000,94,Ke F5-09,976,2026-08-18
8930000007307,P-453729,Snack Barona dam da,7000,274,Ke I5-03,648,2026-09-20
8930000007308,P-631981,Nuoc giat Hao Hao huong vi tu nhien,459000,272,Ke K4-05,548,2026-08-23
8930000007309,P-952547,Hat nem Kinh Do chai 500ml,311000,226,Ke E4-01,572,2026-08-07
8930000007310,P-360804,Dau an Comfort chai 500ml,131000,260,Ke H4-06,241,2026-07-30
8930000007311,P-119535,Nuoc tuong Hao Hao truyen thong,233000,227,Ke I2-06,194,2026-09-17
8930000007312,P-854540,Nuoc suoi Red Bull goi 85g,43000,62,Ke A1-07,154,2026-09-19
8930000007313,P-348273,Khan giay G7 hop 200g,448000,250,Ke E3-07,594,2026-09-08
8930000007314,P-511484,Mi goi Pepsi goi 85g,357000,50,Ke F1-07,294,2026-07-17
8930000007315,P-611994,Nuoc ngot Lifebuoy hop 200g,12000,257,Ke A3-05,349,2026-09-19
8930000007316,P-248433,Khan giay Lifebuoy chai 1L,150000,299,Ke C2-01,389,2026-07-07
8930000007317,P-949884,Sua tam Kinh Do tiet kiem,486000,12,Ke B4-05,800,2026-07-29
8930000007318,P-653408,Ca phe Chin-su chai 500ml,85000,142,Ke G4-02,613,2026-09-06
8930000007319,P-701969,Banh quy Coca Cola truyen thong,470000,156,Ke H2-01,788,2026-07-28
8930000007320,P-428709,Nuoc xa Aquafina it duong,177000,278,Ke K5-09,208,2026-09-13
8930000007321,P-703656,Nuoc suoi Nam Ngu chai 500ml,344000,189,Ke B2-04,231,2026-09-25
8930000007322,P-513982,Sua tam Clear hop 200g,193000,142,Ke D2-04,187,2026-08-29
8930000007323,P-804258,Sua tam Oishi it duong,182000,187,Ke B4-08,564,2026-07-29
8930000007324,P-281649,Tuong ot Closeup can 2L,418000,247,Ke H2-01,315,2026-09-04
8930000007325,P-458605,Gia vi Red Bull dam da,260000,267,Ke I3-03,476,2026-09-19
8930000007326,P-241081,Dau goi Clear hop 200g,220000,166,Ke G3-06,368,2026-09-06
8930000007327,P-781725,Khan giay Sunlight khong duong,269000,138,Ke A2-05,498,2026-08-09
8930000007328,P-586768,Khan giay Coca Cola loc 4 hop,382000,194,Ke E3-01,427,2026-08-14
8930000007329,P-567896,Nuoc lau san Lay's hop 200g,375000,158,Ke C3-04,165,2026-07-30
8930000007330,P-792451,Tuong ot Coca Cola hop 200g,121000,7,Ke K5-01,75,2026-09-21
8930000007331,P-937302,Nuoc tuong Red Bull khong duong,61000,102,Ke J5-04,746,2026-10-01
8930000007332,P-107161,Nuoc mam TH True Milk truyen thong,17000,186,Ke G3-08,907,2026-09-12
8930000007333,P-776320,Tuong ot Nescafe chai 1L,344000,68,Ke G1-02,558,2026-08-10
8930000007334,P-655149,Mi goi Oishi dam da,455000,129,Ke G3-01,706,2026-08-12
8930000007335,P-822106,Gia vi Lavie goi 85g,19000,189,Ke B5-05,47,2026-08-27
8930000007336,P-476009,Nuoc xa Barona can 2L,126000,186,Ke A2-02,524,2026-07-28
8930000007337,P-426053,Ca phe Oishi can 2L,428000,155,Ke B4-04,186,2026-09-12
8930000007338,P-529711,Nuoc lau san Lavie chai 500ml,211000,119,Ke D4-07,845,2026-07-11
8930000007339,P-188868,Sua tuoi Comfort khong duong,117000,176,Ke C1-08,645,2026-07-22
8930000007340,P-921967,Dau an Maggi dam da,63000,290,Ke C5-02,253,2026-09-30
8930000007341,P-189083,Snack Kinh Do huong vi tu nhien,82000,237,Ke B5-01,360,2026-07-13
8930000007342,P-402380,Nuoc lau san Kinh Do loc 4 hop,238000,299,Ke G1-06,386,2026-09-16
8930000007343,P-711248,Hat nem Maggi it duong,21000,135,Ke H5-08,413,2026-07-30
8930000007344,P-262959,Nuoc lau san Lavie truyen thong,139000,106,Ke E4-05,332,2026-07-31
8930000007345,P-132591,Dau an Lay's chai 500ml,135000,211,Ke D4-04,254,2026-09-05
8930000007346,P-148458,Sua tuoi TH True Milk it duong,376000,8,Ke E4-02,390,2026-07-10
8930000007347,P-946567,Dau goi OMO khong duong,123000,150,Ke K2-06,253,2026-07-13
8930000007348,P-641922,Banh quy Hao Hao khong duong,327000,274,Ke K1-05,12,2026-10-03
8930000007349,P-780027,Nuoc ngot Kinh Do khong duong,303000,181,Ke C1-08,679,2026-07-31
8930000007350,P-197874,Nuoc ngot Nescafe can 2L,378000,154,Ke B3-07,356,2026-08-11
8930000007351,P-451284,Sua tam Colgate it duong,233000,27,Ke H1-05,785,2026-07-07
8930000007352,P-866437,Hat nem Colgate cao cap,246000,104,Ke H3-02,261,2026-09-03
8930000007353,P-788500,Kem danh rang Simply chai 500ml,182000,139,Ke G2-03,156,2026-07-08
8930000007354,P-447329,Nuoc tuong Maggi truyen thong,156000,239,Ke G4-01,57,2026-07-17
8930000007355,P-116078,Nuoc xa Knorr tiet kiem,467000,300,Ke A5-02,661,2026-09-14
8930000007356,P-125151,Dau goi Hao Hao hop 200g,118000,196,Ke I1-06,103,2026-08-26
8930000007357,P-101533,Nuoc ngot Nescafe tiet kiem,447000,194,Ke J3-01,59,2026-08-25
8930000007358,P-334053,Nuoc lau san Lay's tiet kiem,208000,176,Ke G1-09,256,2026-08-15
8930000007359,P-304607,Gia vi Aquafina loc 4 hop,346000,144,Ke J3-07,762,2026-07-06
8930000007360,P-676289,Gia vi Comfort can 2L,493000,241,Ke F3-07,935,2026-09-25
8930000007361,P-845957,Nuoc mam Simply loc 4 hop,11000,28,Ke B3-03,183,2026-07-17
8930000007362,P-626930,Sua tuoi Maggi loc 4 hop,15000,50,Ke F1-08,440,2026-09-12
8930000007363,P-931420,Gia vi Lifebuoy tiet kiem,141000,92,Ke A1-03,763,2026-09-20
8930000007364,P-819150,Nuoc giat Omachi tiet kiem,97000,26,Ke J3-04,261,2026-09-11
8930000007365,P-586288,Nuoc mam Vinamilk goi 85g,476000,75,Ke E1-09,669,2026-08-18
8930000007366,P-748270,Nuoc giat Sting truyen thong,265000,248,Ke D3-02,685,2026-09-03
8930000007367,P-450533,Nuoc giat Omachi it duong,23000,238,Ke D3-08,101,2026-07-14
8930000007368,P-342720,Tuong ot Coca Cola truyen thong,38000,261,Ke H4-05,591,2026-08-01
8930000007369,P-230734,Nuoc lau san Barona hop 200g,187000,111,Ke K3-03,328,2026-07-27
8930000007370,P-871740,Snack Sunlight it duong,417000,168,Ke F5-06,122,2026-08-24
8930000007371,P-789880,Nuoc suoi Hao Hao loc 4 hop,130000,220,Ke A3-04,560,2026-08-01
8930000007372,P-346729,Dau an Maggi loc 4 hop,123000,6,Ke I5-05,571,2026-08-13
8930000007373,P-379946,Banh quy Pepsi loc 4 hop,335000,65,Ke E3-03,371,2026-07-07
8930000007374,P-537503,Banh quy Oishi cao cap,198000,103,Ke D4-06,716,2026-08-02
8930000007375,P-368371,Gia vi Closeup huong vi tu nhien,54000,172,Ke F1-09,558,2026-10-03
8930000007376,P-880360,Sua tam Nam Ngu hop 200g,176000,271,Ke E3-05,355,2026-10-03
8930000007377,P-591022,Snack Maggi truyen thong,341000,97,Ke J4-06,244,2026-08-03
8930000007378,P-208310,Banh quy Sunlight loc 4 hop,245000,215,Ke I1-09,362,2026-08-14
8930000007379,P-917629,Nuoc tuong Simply chai 500ml,30000,186,Ke B5-04,283,2026-08-25
8930000007380,P-693868,Sua tuoi Chin-su can 2L,188000,190,Ke E4-01,127,2026-08-29
8930000007381,P-441505,Nuoc mam Maggi hop 200g,176000,15,Ke D2-07,589,2026-09-02
8930000007382,P-557925,Dau goi Nescafe it duong,156000,23,Ke C1-02,29,2026-08-30
8930000007383,P-623481,Kem danh rang Knorr tiet kiem,295000,271,Ke A3-07,26,2026-08-14
8930000007384,P-115063,Kem danh rang Nam Ngu loc 4 hop,327000,114,Ke A5-07,420,2026-08-09
8930000007385,P-638179,Tuong ot Knorr hop 200g,66000,217,Ke G1-06,760,2026-08-23
8930000007386,P-887931,Nuoc xa Sting it duong,438000,299,Ke A3-06,344,2026-07-14
8930000007387,P-639403,Ca phe Nam Ngu chai 1L,98000,118,Ke D1-04,75,2026-07-06
8930000007388,P-433580,Dau an Closeup dam da,370000,28,Ke I1-02,698,2026-09-28
8930000007389,P-446569,Tuong ot Nescafe can 2L,244000,102,Ke I1-01,969,2026-08-07
8930000007390,P-547080,Nuoc xa OMO goi 85g,310000,269,Ke B5-07,565,2026-08-07
8930000007391,P-169403,Sua tuoi Lifebuoy chai 1L,444000,202,Ke G5-09,305,2026-09-08
8930000007392,P-413328,Tuong ot Kinh Do chai 1L,167000,21,Ke J5-04,230,2026-07-27
8930000007393,P-397005,Mi goi Closeup khong duong,254000,76,Ke E5-01,110,2026-08-30
8930000007394,P-240440,Banh quy Aquafina loc 4 hop,105000,122,Ke E4-09,615,2026-07-29
8930000007395,P-111991,Nuoc suoi Red Bull cao cap,128000,268,Ke E2-06,835,2026-09-06
8930000007396,P-677596,Nuoc xa Chin-su chai 500ml,372000,269,Ke A1-06,789,2026-09-04
8930000007397,P-143064,Kem danh rang G7 loc 4 hop,295000,216,Ke C1-01,209,2026-09-10
8930000007398,P-889327,Hat nem TH True Milk khong duong,8000,62,Ke J2-07,672,2026-07-27
8930000007399,P-703634,Dau goi TH True Milk dam da,254000,122,Ke I3-06,706,2026-08-18
8930000007400,P-392993,Kem danh rang Aquafina huong vi tu nhien,179000,53,Ke K5-02,845,2026-07-05
8930000007401,P-636435,Nuoc giat Sunlight cao cap,476000,197,Ke B3-03,395,2026-08-11
8930000007402,P-872722,Dau an Knorr loc 4 hop,119000,215,Ke H4-01,847,2026-09-01
8930000007403,P-256846,Mi goi Kinh Do huong vi tu nhien,259000,25,Ke A2-07,914,2026-08-29
8930000007404,P-484232,Khan giay Hao Hao it duong,477000,169,Ke K5-08,264,2026-07-28
8930000007405,P-405605,Gia vi Aquafina chai 1L,139000,76,Ke F2-08,346,2026-09-06
8930000007406,P-834549,Mi goi Sting can 2L,389000,40,Ke A3-04,452,2026-09-11
8930000007407,P-278190,Kem danh rang Pepsi chai 500ml,200000,119,Ke D4-04,978,2026-09-01
8930000007408,P-603268,Tuong ot Sunlight loc 4 hop,282000,288,Ke J1-01,25,2026-09-30
8930000007409,P-812296,Sua tuoi Chin-su loc 4 hop,93000,16,Ke B2-08,473,2026-08-16
8930000007410,P-427841,Sua tuoi Coca Cola chai 1L,453000,73,Ke F5-06,999,2026-08-04
8930000007411,P-918017,Nuoc tuong Red Bull loc 4 hop,155000,61,Ke B2-09,318,2026-07-31
8930000007412,P-896483,Ca phe Chin-su dam da,250000,94,Ke H3-03,79,2026-07-05
8930000007413,P-299742,Khan giay Tuong An huong vi tu nhien,340000,152,Ke H5-02,207,2026-08-09
8930000007414,P-989894,Nuoc xa Hao Hao chai 1L,38000,218,Ke I3-09,643,2026-07-23
8930000007415,P-506881,Khan giay Colgate dam da,327000,83,Ke G2-09,704,2026-09-17
8930000007416,P-251195,Nuoc giat Maggi hop 200g,160000,49,Ke E3-06,3,2026-07-20
8930000007417,P-508548,Nuoc giat Simply tiet kiem,111000,105,Ke A5-09,488,2026-09-28
8930000007418,P-112166,Hat nem Sunlight goi 85g,85000,145,Ke C5-09,368,2026-09-14
8930000007419,P-958130,Nuoc xa TH True Milk loc 4 hop,317000,233,Ke K2-05,313,2026-08-25
8930000007420,P-654816,Dau goi Maggi it duong,415000,155,Ke G3-08,263,2026-07-23
8930000007421,P-388698,Sua tam Sunlight chai 500ml,293000,67,Ke D1-02,14,2026-09-24
8930000007422,P-786735,Kem danh rang Omachi khong duong,371000,42,Ke K5-02,359,2026-07-21
8930000007423,P-817923,Kem danh rang Nescafe goi 85g,39000,88,Ke D4-09,539,2026-08-12
8930000007424,P-454161,Dau goi TH True Milk goi 85g,339000,287,Ke C2-03,242,2026-08-17
8930000007425,P-922733,Nuoc ngot Kinh Do it duong,339000,173,Ke C2-06,737,2026-08-31
8930000007426,P-982260,Gia vi Closeup tiet kiem,149000,190,Ke H1-04,81,2026-08-04
8930000007427,P-972442,Dau goi Nescafe cao cap,55000,33,Ke B2-03,284,2026-08-04
8930000007428,P-970813,Banh quy Sunlight can 2L,99000,34,Ke I1-05,80,2026-08-29
8930000007429,P-581592,Nuoc mam Simply can 2L,186000,229,Ke E3-05,850,2026-08-17
8930000007430,P-162165,Nuoc ngot Sting tiet kiem,487000,123,Ke K2-01,68,2026-08-12
8930000007431,P-925954,Snack Lifebuoy loc 4 hop,433000,264,Ke H4-06,459,2026-07-28
8930000007432,P-179013,Mi goi Comfort chai 500ml,380000,293,Ke B4-07,954,2026-08-19
8930000007433,P-738407,Snack Colgate cao cap,478000,52,Ke H2-09,396,2026-09-01
8930000007434,P-213349,Dau an Kinh Do tiet kiem,113000,227,Ke A1-08,889,2026-09-22
8930000007435,P-464552,Ca phe Red Bull khong duong,453000,93,Ke K2-05,338,2026-09-08
8930000007436,P-908239,Nuoc ngot Oishi chai 1L,364000,167,Ke B4-05,811,2026-08-27
8930000007437,P-406039,Nuoc ngot Nescafe cao cap,10000,175,Ke E1-01,531,2026-08-23
8930000007438,P-145903,Hat nem G7 truyen thong,416000,11,Ke K5-05,787,2026-09-13
8930000007439,P-812730,Sua tuoi Sunsilk can 2L,392000,208,Ke B5-01,881,2026-07-15
8930000007440,P-197649,Khan giay Sting hop 200g,280000,223,Ke F5-02,231,2026-09-21
8930000007441,P-236435,Nuoc ngot Nescafe can 2L,14000,272,Ke H5-02,341,2026-08-07
8930000007442,P-622987,Nuoc suoi Lifebuoy hop 200g,479000,66,Ke G4-02,433,2026-08-23
8930000007443,P-141683,Sua tam Red Bull huong vi tu nhien,348000,299,Ke I4-07,504,2026-07-26
8930000007444,P-727354,Nuoc tuong Lavie dam da,377000,222,Ke I2-01,206,2026-07-24
8930000007445,P-147670,Kem danh rang Omachi cao cap,267000,192,Ke H5-05,827,2026-09-26
8930000007446,P-497859,Mi goi Sunlight chai 500ml,488000,152,Ke B3-01,408,2026-07-30
8930000007447,P-544114,Gia vi Nescafe chai 500ml,48000,59,Ke I5-02,82,2026-08-16
8930000007448,P-262297,Nuoc xa Sunlight goi 85g,253000,107,Ke E5-01,572,2026-08-23
8930000007449,P-285751,Nuoc ngot Lifebuoy loc 4 hop,317000,211,Ke G4-06,469,2026-07-11
8930000007450,P-468727,Nuoc ngot Lifebuoy chai 1L,295000,167,Ke E1-03,196,2026-09-21
8930000007451,P-705822,Tuong ot Sunsilk truyen thong,150000,99,Ke K4-09,201,2026-07-17
8930000007452,P-742917,Dau goi Oishi hop 200g,179000,241,Ke B2-06,475,2026-10-01
8930000007453,P-501574,Banh quy Hao Hao chai 1L,283000,154,Ke F1-03,172,2026-08-30
8930000007454,P-738419,Banh quy Chin-su it duong,268000,232,Ke I5-04,45,2026-09-08
8930000007455,P-526949,Nuoc tuong Hao Hao loc 4 hop,377000,243,Ke G1-05,2,2026-07-22
8930000007456,P-388519,Dau goi Sunlight truyen thong,451000,99,Ke G2-03,154,2026-08-20
8930000007457,P-820141,Gia vi OMO truyen thong,185000,108,Ke H4-03,121,2026-10-03
8930000007458,P-936782,Gia vi Nescafe chai 500ml,105000,97,Ke H2-08,821,2026-09-16
8930000007459,P-915451,Banh quy Pepsi chai 1L,240000,193,Ke E5-01,372,2026-07-22
8930000007460,P-381502,Nuoc xa Nam Ngu huong vi tu nhien,126000,238,Ke F2-08,793,2026-09-01
8930000007461,P-586490,Kem danh rang OMO truyen thong,462000,36,Ke I5-04,4,2026-08-13
8930000007462,P-963994,Nuoc tuong Comfort khong duong,291000,138,Ke I1-08,945,2026-09-27
8930000007463,P-436768,Nuoc suoi Oishi truyen thong,217000,254,Ke C5-05,138,2026-08-07
8930000007464,P-970699,Khan giay Sunsilk dam da,468000,40,Ke G2-08,710,2026-07-17
8930000007465,P-238353,Nuoc lau san Sunsilk huong vi tu nhien,21000,142,Ke H2-01,170,2026-07-07
8930000007466,P-104895,Nuoc lau san Barona goi 85g,288000,91,Ke D5-08,576,2026-08-02
8930000007467,P-743520,Sua tuoi Sunsilk goi 85g,484000,230,Ke H1-02,323,2026-07-10
8930000007468,P-831076,Nuoc mam Maggi truyen thong,156000,93,Ke E3-04,89,2026-09-28
8930000007469,P-374492,Dau an Lay's hop 200g,114000,78,Ke B1-04,413,2026-08-04
8930000007470,P-626195,Nuoc suoi Comfort huong vi tu nhien,21000,99,Ke F3-03,508,2026-09-30
8930000007471,P-966529,Gia vi G7 it duong,58000,268,Ke B5-01,242,2026-08-29
8930000007472,P-764926,Tuong ot Vinamilk can 2L,56000,159,Ke I5-04,902,2026-09-28
8930000007473,P-992744,Snack Clear loc 4 hop,179000,17,Ke I2-08,652,2026-08-19
8930000007474,P-440981,Khan giay Nescafe tiet kiem,366000,208,Ke I3-09,99,2026-07-19
8930000007475,P-572298,Nuoc xa Tuong An goi 85g,285000,158,Ke G4-05,559,2026-09-14
8930000007476,P-651752,Nuoc mam Nam Ngu khong duong,407000,280,Ke G3-03,836,2026-08-22
8930000007477,P-983456,Sua tuoi Knorr chai 1L,145000,241,Ke B4-05,142,2026-08-15
8930000007478,P-780364,Kem danh rang Comfort goi 85g,281000,157,Ke A4-07,812,2026-09-23
8930000007479,P-249289,Dau an Tuong An chai 500ml,16000,47,Ke B4-01,829,2026-09-21
8930000007480,P-613261,Nuoc mam OMO cao cap,141000,63,Ke I1-02,707,2026-08-12
8930000007481,P-608205,Banh quy Sting chai 1L,94000,56,Ke A5-07,625,2026-07-12
8930000007482,P-271276,Nuoc mam Pepsi truyen thong,95000,52,Ke G5-05,480,2026-09-10
8930000007483,P-388755,Sua tuoi Chin-su huong vi tu nhien,197000,104,Ke B3-02,824,2026-09-29
8930000007484,P-159354,Gia vi Omachi loc 4 hop,134000,114,Ke C5-06,764,2026-08-26
8930000007485,P-216970,Sua tuoi Closeup chai 500ml,411000,228,Ke I4-05,151,2026-07-22
8930000007486,P-814138,Dau goi Clear dam da,365000,256,Ke C3-08,929,2026-09-16
8930000007487,P-460491,Nuoc xa Closeup it duong,37000,273,Ke I5-08,37,2026-08-09
8930000007488,P-271200,Banh quy Knorr loc 4 hop,202000,77,Ke A2-08,288,2026-08-28
8930000007489,P-203550,Kem danh rang Red Bull dam da,298000,44,Ke K4-08,204,2026-08-28
8930000007490,P-153097,Dau an Sunlight cao cap,40000,135,Ke C1-02,285,2026-09-30
8930000007491,P-331768,Nuoc giat Colgate goi 85g,398000,44,Ke D4-07,841,2026-08-25
8930000007492,P-439498,Khan giay Omachi hop 200g,8000,258,Ke A2-09,831,2026-09-05
8930000007493,P-265056,Gia vi Knorr khong duong,239000,63,Ke D3-03,304,2026-08-02
8930000007494,P-560295,Banh quy Pepsi cao cap,463000,157,Ke K5-03,131,2026-09-17
8930000007495,P-629663,Snack Lifebuoy can 2L,411000,54,Ke G3-01,812,2026-09-30
8930000007496,P-403314,Nuoc suoi Sunlight goi 85g,466000,297,Ke F2-05,120,2026-08-30
8930000007497,P-828361,Hat nem Colgate loc 4 hop,405000,191,Ke G3-07,938,2026-08-14
8930000007498,P-767678,Tuong ot Lay's can 2L,43000,261,Ke A1-03,749,2026-09-28
8930000007499,P-720407,Dau goi Nam Ngu it duong,184000,257,Ke F5-08,634,2026-08-30
8930000007500,P-640828,Khan giay Sting chai 500ml,461000,212,Ke H3-07,287,2026-08-16
8930000007501,P-696856,Sua tam Red Bull chai 1L,206000,230,Ke E5-02,225,2026-08-26
8930000007502,P-757246,Nuoc lau san Hao Hao chai 1L,472000,147,Ke A2-03,308,2026-09-15
8930000007503,P-831380,Nuoc mam Hao Hao chai 1L,362000,135,Ke F2-03,893,2026-07-09
8930000007504,P-924613,Ca phe Clear loc 4 hop,356000,73,Ke B3-07,97,2026-10-02
8930000007505,P-201377,Sua tuoi Knorr hop 200g,266000,103,Ke F5-01,856,2026-09-27
8930000007506,P-152995,Snack Comfort goi 85g,54000,292,Ke D4-06,77,2026-08-27
8930000007507,P-697530,Dau goi Oishi huong vi tu nhien,168000,48,Ke I2-08,422,2026-08-19
8930000007508,P-115208,Tuong ot Lay's can 2L,298000,21,Ke A3-08,551,2026-09-06
8930000007509,P-164758,Nuoc suoi Kinh Do huong vi tu nhien,280000,30,Ke H3-01,991,2026-07-20
8930000007510,P-662636,Snack TH True Milk cao cap,480000,113,Ke F3-06,114,2026-09-07
8930000007511,P-599753,Sua tam Tuong An huong vi tu nhien,67000,157,Ke C2-01,681,2026-07-09
8930000007512,P-176054,Nuoc tuong Lavie hop 200g,167000,6,Ke D1-03,811,2026-07-06
8930000007513,P-103402,Nuoc ngot Aquafina chai 500ml,469000,298,Ke F5-06,584,2026-09-11
8930000007514,P-803024,Nuoc suoi Kinh Do hop 200g,358000,229,Ke B4-07,346,2026-08-23
8930000007515,P-155646,Tuong ot Coca Cola tiet kiem,26000,65,Ke I1-02,661,2026-08-04
8930000007516,P-299834,Sua tuoi Nam Ngu khong duong,283000,27,Ke K2-03,710,2026-08-19
8930000007517,P-417534,Tuong ot Nescafe it duong,206000,41,Ke E3-02,481,2026-07-21
8930000007518,P-548377,Dau an Comfort dam da,338000,219,Ke F1-05,854,2026-07-26
8930000007519,P-189772,Nuoc ngot Sunlight dam da,53000,155,Ke G5-08,973,2026-09-11
8930000007520,P-158896,Dau goi Hao Hao dam da,255000,125,Ke H1-03,125,2026-08-17
8930000007521,P-790266,Tuong ot Nescafe tiet kiem,456000,136,Ke F1-04,371,2026-08-23
8930000007522,P-282710,Gia vi Lay's chai 1L,477000,241,Ke D1-04,680,2026-09-20
8930000007523,P-794663,Dau an Hao Hao it duong,414000,43,Ke C3-04,261,2026-07-05
8930000007524,P-843826,Dau goi Coca Cola truyen thong,201000,70,Ke J1-04,944,2026-07-07
8930000007525,P-633447,Dau goi Chin-su dam da,174000,121,Ke J3-05,14,2026-08-15
8930000007526,P-961599,Sua tuoi Kinh Do loc 4 hop,217000,62,Ke C1-06,735,2026-07-25
8930000007527,P-712024,Nuoc suoi Lay's goi 85g,147000,136,Ke H3-04,633,2026-09-08
8930000007528,P-243030,Sua tam Barona huong vi tu nhien,17000,250,Ke E5-02,943,2026-09-08
8930000007529,P-785592,Tuong ot Aquafina it duong,111000,130,Ke G5-05,64,2026-08-08
8930000007530,P-775958,Kem danh rang Hao Hao goi 85g,18000,6,Ke H3-07,376,2026-07-27
8930000007531,P-887443,Dau an Lavie chai 500ml,136000,266,Ke D5-07,571,2026-08-16
8930000007532,P-203198,Mi goi Omachi it duong,459000,179,Ke I4-01,944,2026-08-21
8930000007533,P-749641,Sua tuoi Red Bull tiet kiem,108000,26,Ke J1-08,886,2026-09-17
8930000007534,P-933456,Gia vi Tuong An cao cap,347000,275,Ke F4-04,396,2026-08-10
8930000007535,P-155040,Dau goi Sting it duong,53000,114,Ke J4-03,706,2026-07-29
8930000007536,P-468845,Dau goi Simply it duong,281000,300,Ke H3-05,501,2026-10-01
8930000007537,P-310416,Nuoc ngot Closeup dam da,95000,47,Ke E2-06,622,2026-09-09
8930000007538,P-658131,Khan giay Simply hop 200g,135000,87,Ke H2-09,846,2026-09-14
8930000007539,P-999596,Nuoc tuong Maggi goi 85g,64000,184,Ke G3-07,14,2026-08-27
8930000007540,P-488028,Banh quy Chin-su goi 85g,339000,242,Ke E3-08,475,2026-10-01
8930000007541,P-119857,Dau goi Tuong An goi 85g,43000,110,Ke D3-08,535,2026-09-13
8930000007542,P-612977,Khan giay Sunlight hop 200g,409000,84,Ke E3-03,237,2026-08-23
8930000007543,P-662728,Banh quy Coca Cola goi 85g,267000,164,Ke D5-04,604,2026-09-05
8930000007544,P-862712,Khan giay Coca Cola huong vi tu nhien,203000,79,Ke G2-09,720,2026-09-15
8930000007545,P-603088,Hat nem Lay's dam da,309000,75,Ke J3-08,944,2026-07-06
8930000007546,P-699743,Nuoc lau san Closeup cao cap,244000,147,Ke F3-06,429,2026-07-08
8930000007547,P-883028,Sua tuoi Sunlight it duong,342000,67,Ke K5-07,516,2026-08-15
8930000007548,P-906306,Kem danh rang Oishi khong duong,246000,164,Ke I1-03,620,2026-07-13
8930000007549,P-265657,Sua tam Knorr chai 500ml,500000,150,Ke I2-08,507,2026-09-18
8930000007550,P-506216,Gia vi Clear truyen thong,180000,46,Ke K1-05,113,2026-09-04
8930000007551,P-601554,Dau goi Knorr loc 4 hop,350000,233,Ke H2-02,122,2026-07-26
8930000007552,P-901909,Nuoc lau san Knorr loc 4 hop,25000,64,Ke E4-01,569,2026-09-11
8930000007553,P-672401,Tuong ot Kinh Do cao cap,305000,198,Ke B4-03,361,2026-07-30
8930000007554,P-211957,Nuoc tuong Omachi cao cap,342000,269,Ke E3-03,975,2026-08-08
8930000007555,P-375097,Nuoc ngot Colgate tiet kiem,262000,19,Ke E3-06,626,2026-09-22
8930000007556,P-760929,Nuoc mam Barona goi 85g,446000,294,Ke F1-03,111,2026-07-14
8930000007557,P-436219,Nuoc xa Maggi loc 4 hop,387000,162,Ke H3-07,768,2026-09-04
8930000007558,P-794868,Dau goi Lavie dam da,439000,262,Ke D4-01,310,2026-08-06
8930000007559,P-574167,Banh quy Lifebuoy khong duong,101000,237,Ke B2-06,23,2026-08-16
8930000007560,P-552855,Nuoc lau san Chin-su dam da,378000,75,Ke A2-06,526,2026-09-18
8930000007561,P-919023,Hat nem Sunsilk hop 200g,325000,232,Ke J3-02,637,2026-07-08
8930000007562,P-541557,Sua tam Colgate khong duong,362000,140,Ke F2-05,32,2026-08-18
8930000007563,P-581992,Kem danh rang G7 hop 200g,241000,93,Ke D3-02,809,2026-07-23
8930000007564,P-734394,Khan giay G7 tiet kiem,267000,165,Ke F2-03,614,2026-09-14
8930000007565,P-997546,Khan giay Sting can 2L,405000,22,Ke C3-09,290,2026-08-19
8930000007566,P-670892,Nuoc tuong OMO chai 500ml,470000,165,Ke E2-03,861,2026-09-29
8930000007567,P-788049,Snack Knorr truyen thong,260000,236,Ke C5-02,190,2026-07-19
8930000007568,P-406278,Nuoc lau san Closeup truyen thong,453000,293,Ke G4-04,254,2026-07-12
8930000007569,P-859620,Kem danh rang Closeup cao cap,123000,238,Ke A4-04,149,2026-09-07
8930000007570,P-249149,Banh quy Vinamilk cao cap,41000,230,Ke B5-06,989,2026-08-19
8930000007571,P-726258,Nuoc xa OMO chai 1L,99000,72,Ke J3-02,402,2026-08-12
8930000007572,P-427557,Dau an Kinh Do chai 500ml,356000,221,Ke K4-05,815,2026-07-24
8930000007573,P-695551,Dau goi Nam Ngu can 2L,147000,256,Ke A2-01,217,2026-08-12
8930000007574,P-431023,Dau goi Simply goi 85g,221000,32,Ke C4-09,465,2026-09-19
8930000007575,P-446620,Nuoc giat Lavie goi 85g,135000,15,Ke F2-02,544,2026-07-15
8930000007576,P-119676,Nuoc tuong Pepsi chai 500ml,282000,171,Ke C2-09,526,2026-07-14
8930000007577,P-738576,Nuoc xa Coca Cola truyen thong,66000,233,Ke C4-05,907,2026-08-11
8930000007578,P-989136,Banh quy Vinamilk it duong,452000,155,Ke B1-06,886,2026-07-24
8930000007579,P-499941,Nuoc tuong Chin-su tiet kiem,273000,235,Ke A2-06,90,2026-08-03
8930000007580,P-649262,Mi goi Oishi hop 200g,140000,294,Ke H3-06,15,2026-10-01
8930000007581,P-825835,Khan giay Red Bull huong vi tu nhien,221000,141,Ke K3-01,821,2026-07-07
8930000007582,P-676818,Nuoc xa Closeup dam da,330000,93,Ke K3-04,819,2026-08-28
8930000007583,P-699098,Sua tam Hao Hao dam da,169000,173,Ke K3-03,854,2026-08-31
8930000007584,P-606983,Sua tuoi OMO khong duong,488000,229,Ke I2-01,116,2026-08-18
8930000007585,P-271339,Nuoc tuong Kinh Do dam da,120000,20,Ke I2-06,195,2026-09-19
8930000007586,P-380028,Mi goi Sunsilk chai 1L,329000,170,Ke K1-06,823,2026-09-17
8930000007587,P-849003,Dau an Maggi tiet kiem,446000,110,Ke E3-01,851,2026-07-25
8930000007588,P-199096,Gia vi Pepsi huong vi tu nhien,354000,250,Ke B2-08,878,2026-08-15
8930000007589,P-851413,Dau goi OMO can 2L,9000,292,Ke A4-01,438,2026-09-27
8930000007590,P-836986,Snack Lifebuoy huong vi tu nhien,367000,219,Ke E1-06,97,2026-09-22
8930000007591,P-356355,Nuoc tuong Simply khong duong,285000,146,Ke A1-05,742,2026-08-29
8930000007592,P-193624,Banh quy Sting hop 200g,13000,144,Ke D5-04,328,2026-09-05
8930000007593,P-876880,Nuoc ngot Sting it duong,381000,79,Ke E4-02,359,2026-07-10
8930000007594,P-513420,Kem danh rang Chin-su khong duong,151000,46,Ke B2-05,80,2026-08-27
8930000007595,P-256294,Nuoc tuong Comfort dam da,73000,217,Ke I5-03,894,2026-08-15
8930000007596,P-345896,Kem danh rang Nescafe truyen thong,115000,172,Ke K2-08,245,2026-07-27
8930000007597,P-243941,Tuong ot Sunlight truyen thong,335000,214,Ke I5-06,417,2026-09-30
8930000007598,P-845305,Sua tam Barona hop 200g,140000,171,Ke G5-05,449,2026-09-27
8930000007599,P-620287,Khan giay Sunlight it duong,452000,46,Ke J3-08,581,2026-07-10
8930000007600,P-777308,Gia vi Pepsi chai 500ml,292000,58,Ke C2-05,891,2026-09-01
8930000007601,P-210665,Khan giay Tuong An hop 200g,114000,7,Ke H5-05,336,2026-08-06
8930000007602,P-899977,Nuoc lau san Tuong An loc 4 hop,308000,36,Ke C2-01,491,2026-08-04
8930000007603,P-862538,Nuoc ngot Maggi tiet kiem,161000,202,Ke F1-03,569,2026-08-10
8930000007604,P-667451,Sua tuoi Comfort dam da,42000,264,Ke D4-07,855,2026-07-17
8930000007605,P-352838,Mi goi TH True Milk goi 85g,40000,284,Ke J5-02,711,2026-07-13
8930000007606,P-800499,Hat nem Red Bull goi 85g,31000,62,Ke B1-05,470,2026-10-03
8930000007607,P-791998,Nuoc lau san Colgate cao cap,140000,146,Ke E3-06,877,2026-09-04
8930000007608,P-457256,Dau an Aquafina chai 1L,243000,73,Ke B1-06,77,2026-09-22
8930000007609,P-104942,Sua tuoi Oishi loc 4 hop,188000,72,Ke G3-09,655,2026-09-17
8930000007610,P-970392,Mi goi Pepsi chai 500ml,185000,50,Ke E4-03,696,2026-10-02
8930000007611,P-157443,Sua tuoi Vinamilk goi 85g,265000,282,Ke I4-07,305,2026-09-20
8930000007612,P-725510,Ca phe Simply can 2L,462000,232,Ke C2-03,519,2026-08-17
8930000007613,P-979727,Snack Pepsi tiet kiem,299000,102,Ke B3-04,363,2026-08-28
8930000007614,P-127470,Nuoc tuong Nescafe dam da,372000,27,Ke H2-03,474,2026-08-11
8930000007615,P-708158,Mi goi Oishi cao cap,314000,25,Ke D4-08,462,2026-09-02
8930000007616,P-873291,Mi goi Hao Hao huong vi tu nhien,409000,92,Ke F2-08,675,2026-08-24
8930000007617,P-469438,Gia vi Simply it duong,172000,283,Ke F1-06,683,2026-09-25
8930000007618,P-694116,Ca phe Oishi loc 4 hop,23000,15,Ke H3-07,891,2026-08-04
8930000007619,P-358607,Dau an Simply hop 200g,237000,272,Ke I1-02,537,2026-07-31
8930000007620,P-911984,Dau an Hao Hao tiet kiem,480000,29,Ke H4-01,331,2026-07-10
8930000007621,P-224078,Gia vi Barona chai 500ml,459000,167,Ke I4-01,257,2026-09-15
8930000007622,P-418319,Kem danh rang Simply truyen thong,227000,244,Ke G5-07,489,2026-09-02
8930000007623,P-358771,Dau an Comfort chai 500ml,457000,143,Ke J4-07,30,2026-08-02
8930000007624,P-640310,Sua tuoi Chin-su goi 85g,327000,245,Ke D4-03,214,2026-07-25
8930000007625,P-242321,Sua tuoi Aquafina can 2L,62000,84,Ke B4-07,184,2026-07-18
8930000007626,P-988283,Dau goi Closeup chai 1L,270000,97,Ke H2-05,173,2026-07-28
8930000007627,P-648558,Gia vi Sunlight huong vi tu nhien,337000,140,Ke C4-09,332,2026-07-08
8930000007628,P-468074,Ca phe Knorr chai 1L,424000,6,Ke K4-09,539,2026-07-22
8930000007629,P-524814,Snack Barona goi 85g,500000,127,Ke C1-02,687,2026-09-04
8930000007630,P-245129,Tuong ot Clear huong vi tu nhien,474000,147,Ke E2-02,489,2026-07-18
8930000007631,P-307007,Snack Nam Ngu loc 4 hop,493000,277,Ke F4-05,890,2026-08-20
8930000007632,P-695361,Sua tuoi Knorr loc 4 hop,215000,91,Ke E1-05,701,2026-07-12
8930000007633,P-194511,Ca phe Maggi dam da,210000,115,Ke B4-07,786,2026-08-28
8930000007634,P-201913,Nuoc ngot Red Bull huong vi tu nhien,30000,36,Ke D2-08,600,2026-10-01
8930000007635,P-448671,Nuoc suoi Comfort can 2L,139000,69,Ke B2-01,435,2026-07-09
8930000007636,P-976052,Dau goi Vinamilk chai 500ml,449000,261,Ke A5-06,428,2026-07-20
8930000007637,P-597305,Sua tuoi Sunsilk khong duong,373000,291,Ke K5-02,642,2026-08-01
8930000007638,P-936433,Banh quy G7 goi 85g,260000,10,Ke H2-05,153,2026-09-26
8930000007639,P-665610,Nuoc xa Lavie it duong,12000,292,Ke H4-03,155,2026-08-16
8930000007640,P-858889,Khan giay Pepsi tiet kiem,472000,205,Ke H2-05,634,2026-08-24
8930000007641,P-789472,Nuoc lau san Lifebuoy tiet kiem,226000,36,Ke B3-01,45,2026-07-28
8930000007642,P-244775,Kem danh rang OMO goi 85g,168000,143,Ke J1-05,706,2026-08-15
8930000007643,P-115743,Kem danh rang Kinh Do chai 1L,462000,259,Ke J2-02,146,2026-08-08
8930000007644,P-500118,Mi goi Clear hop 200g,491000,168,Ke C4-02,494,2026-09-18
8930000007645,P-898169,Nuoc lau san Pepsi can 2L,33000,225,Ke I2-08,143,2026-09-30
8930000007646,P-979995,Mi goi Sunsilk chai 1L,133000,282,Ke K3-05,473,2026-09-23
8930000007647,P-459370,Hat nem Simply khong duong,343000,171,Ke I1-07,213,2026-09-01
8930000007648,P-493537,Nuoc tuong Maggi dam da,119000,14,Ke A3-04,905,2026-08-15
8930000007649,P-365618,Dau an Aquafina cao cap,474000,205,Ke J1-06,251,2026-07-13
8930000007650,P-824141,Khan giay Sunlight cao cap,125000,8,Ke F5-02,958,2026-07-27
8930000007651,P-860053,Nuoc xa Lifebuoy chai 1L,87000,149,Ke A3-07,387,2026-09-22
8930000007652,P-144412,Sua tuoi Comfort dam da,20000,227,Ke K1-06,761,2026-07-31
8930000007653,P-502810,Mi goi OMO chai 1L,49000,275,Ke J2-03,587,2026-07-06
8930000007654,P-861265,Nuoc tuong Pepsi chai 500ml,101000,224,Ke G1-05,365,2026-10-01
8930000007655,P-674779,Mi goi Nescafe dam da,290000,250,Ke I3-01,983,2026-09-04
8930000007656,P-220768,Nuoc giat Knorr tiet kiem,368000,108,Ke G1-03,347,2026-09-25
8930000007657,P-373453,Ca phe Chin-su tiet kiem,341000,203,Ke B5-02,133,2026-08-25
8930000007658,P-462479,Mi goi Lavie truyen thong,84000,39,Ke C1-04,809,2026-09-06
8930000007659,P-214675,Nuoc tuong Sting it duong,11000,28,Ke K4-01,815,2026-09-03
8930000007660,P-657487,Nuoc mam Comfort tiet kiem,261000,232,Ke J3-08,232,2026-08-05
8930000007661,P-332881,Nuoc giat Aquafina chai 1L,489000,156,Ke K1-01,563,2026-07-20
8930000007662,P-506380,Ca phe Aquafina khong duong,19000,250,Ke C3-05,762,2026-10-03
8930000007663,P-901387,Tuong ot Red Bull chai 1L,137000,158,Ke B2-04,963,2026-10-01
8930000007664,P-283188,Gia vi G7 loc 4 hop,377000,168,Ke F2-03,842,2026-08-17
8930000007665,P-182467,Snack Knorr hop 200g,364000,135,Ke C2-09,349,2026-09-24
8930000007666,P-665892,Nuoc suoi Kinh Do it duong,388000,205,Ke D2-06,902,2026-08-24
8930000007667,P-321275,Nuoc lau san Sunsilk chai 1L,441000,60,Ke D2-04,949,2026-07-12
8930000007668,P-726962,Tuong ot Vinamilk chai 500ml,221000,55,Ke K2-02,79,2026-09-18
8930000007669,P-654718,Hat nem Red Bull khong duong,485000,110,Ke G4-01,523,2026-09-10
8930000007670,P-614379,Nuoc ngot Nam Ngu truyen thong,447000,194,Ke K2-03,78,2026-09-18
8930000007671,P-297509,Mi goi Hao Hao goi 85g,302000,20,Ke J5-04,678,2026-09-27
8930000007672,P-621919,Nuoc lau san Red Bull hop 200g,294000,114,Ke D2-01,615,2026-07-12
8930000007673,P-404681,Mi goi Nam Ngu goi 85g,415000,47,Ke K5-09,964,2026-08-10
8930000007674,P-751194,Sua tuoi Chin-su huong vi tu nhien,442000,266,Ke C5-07,672,2026-07-11
8930000007675,P-502219,Nuoc lau san Colgate dam da,282000,66,Ke E2-04,782,2026-08-24
8930000007676,P-489438,Nuoc lau san Pepsi khong duong,280000,132,Ke F5-09,8,2026-08-18
8930000007677,P-690180,Nuoc tuong G7 tiet kiem,234000,253,Ke K5-07,512,2026-09-29
8930000007678,P-446373,Nuoc giat Pepsi goi 85g,256000,296,Ke A2-05,290,2026-08-11
8930000007679,P-602184,Nuoc suoi Tuong An khong duong,478000,107,Ke K3-09,739,2026-07-14
8930000007680,P-639728,Dau goi Tuong An goi 85g,142000,19,Ke J2-08,29,2026-09-15
8930000007681,P-209812,Gia vi TH True Milk tiet kiem,251000,195,Ke E2-03,948,2026-07-14
8930000007682,P-899787,Nuoc suoi Nescafe hop 200g,285000,23,Ke B3-08,396,2026-07-26
8930000007683,P-485604,Gia vi Nescafe tiet kiem,438000,111,Ke G2-02,343,2026-07-16
8930000007684,P-928897,Dau goi Aquafina tiet kiem,263000,197,Ke G5-02,279,2026-09-27
8930000007685,P-830897,Hat nem Comfort loc 4 hop,278000,134,Ke F3-06,247,2026-08-11
8930000007686,P-848022,Nuoc giat Oishi it duong,336000,93,Ke G2-04,266,2026-08-20
8930000007687,P-556112,Nuoc giat TH True Milk goi 85g,345000,41,Ke B4-06,852,2026-07-20
8930000007688,P-603660,Dau goi Pepsi tiet kiem,47000,154,Ke E4-07,382,2026-07-29
8930000007689,P-509660,Nuoc suoi Barona hop 200g,33000,273,Ke J3-08,125,2026-09-27
8930000007690,P-863934,Nuoc xa TH True Milk chai 1L,62000,54,Ke E1-03,170,2026-07-11
8930000007691,P-589368,Tuong ot Comfort cao cap,176000,218,Ke A4-06,533,2026-08-22
8930000007692,P-361736,Kem danh rang Chin-su khong duong,457000,190,Ke A5-05,295,2026-09-06
8930000007693,P-901676,Sua tam Vinamilk tiet kiem,379000,143,Ke I5-05,546,2026-07-11
8930000007694,P-225701,Dau goi Clear tiet kiem,36000,277,Ke B4-05,330,2026-08-08
8930000007695,P-810078,Snack Sting chai 1L,270000,71,Ke G2-07,612,2026-07-06
8930000007696,P-927406,Sua tuoi Colgate huong vi tu nhien,469000,264,Ke J4-04,663,2026-09-27
8930000007697,P-613898,Hat nem Pepsi chai 500ml,497000,22,Ke H4-05,433,2026-08-08
8930000007698,P-384076,Nuoc suoi Nam Ngu it duong,155000,8,Ke J4-01,328,2026-08-21
8930000007699,P-571832,Snack OMO huong vi tu nhien,59000,107,Ke D2-05,884,2026-09-04
8930000007700,P-224870,Mi goi Sunsilk can 2L,374000,73,Ke K4-05,637,2026-08-10
8930000007701,P-461939,Hat nem Hao Hao goi 85g,262000,187,Ke D3-01,781,2026-09-15
8930000007702,P-605254,Dau goi Maggi dam da,426000,29,Ke B3-09,864,2026-08-24
8930000007703,P-801474,Dau an Coca Cola it duong,465000,91,Ke D1-01,455,2026-07-06
8930000007704,P-985447,Nuoc lau san Sunlight truyen thong,324000,177,Ke H4-09,704,2026-07-25
8930000007705,P-962050,Ca phe Pepsi khong duong,497000,21,Ke F3-03,18,2026-07-06
8930000007706,P-774558,Mi goi Kinh Do goi 85g,217000,205,Ke I2-08,168,2026-08-13
8930000007707,P-903035,Hat nem Clear loc 4 hop,26000,45,Ke I5-02,289,2026-07-23
8930000007708,P-832614,Nuoc giat OMO truyen thong,228000,136,Ke B5-02,841,2026-07-31
8930000007709,P-432125,Dau an Sting dam da,334000,187,Ke B2-02,604,2026-08-30
8930000007710,P-362529,Nuoc lau san Chin-su truyen thong,278000,291,Ke C4-07,715,2026-09-05
8930000007711,P-752966,Nuoc suoi Nam Ngu tiet kiem,308000,139,Ke G2-06,457,2026-09-20
8930000007712,P-309385,Nuoc tuong OMO truyen thong,415000,275,Ke G5-04,324,2026-08-29
8930000007713,P-911982,Nuoc xa Simply can 2L,149000,175,Ke H1-05,854,2026-07-07
8930000007714,P-865979,Nuoc giat Chin-su can 2L,138000,238,Ke J2-02,896,2026-07-07
8930000007715,P-373441,Khan giay Nescafe huong vi tu nhien,229000,42,Ke C2-04,434,2026-08-08
8930000007716,P-108491,Nuoc lau san Hao Hao cao cap,77000,60,Ke F3-05,959,2026-09-13
8930000007717,P-722937,Hat nem Sting it duong,304000,236,Ke H1-05,694,2026-09-20
8930000007718,P-581532,Nuoc suoi Comfort truyen thong,175000,281,Ke I4-02,221,2026-08-14
8930000007719,P-363626,Nuoc suoi Nam Ngu khong duong,127000,193,Ke J1-07,248,2026-09-17
8930000007720,P-817817,Nuoc lau san Sting can 2L,167000,178,Ke E5-05,38,2026-10-02
8930000007721,P-275939,Ca phe Omachi dam da,415000,6,Ke K5-08,604,2026-07-06
8930000007722,P-698199,Nuoc lau san G7 chai 500ml,238000,213,Ke A1-07,733,2026-08-11
8930000007723,P-533121,Dau goi Closeup can 2L,296000,109,Ke J5-03,505,2026-07-27
8930000007724,P-311915,Tuong ot Coca Cola cao cap,368000,21,Ke H5-09,611,2026-09-28
8930000007725,P-978053,Gia vi Red Bull truyen thong,351000,278,Ke J2-01,511,2026-07-11
8930000007726,P-580636,Gia vi G7 it duong,487000,129,Ke I1-01,110,2026-09-09
8930000007727,P-127329,Dau goi Maggi khong duong,146000,7,Ke I2-02,624,2026-08-22
8930000007728,P-628859,Dau an Lifebuoy truyen thong,196000,138,Ke G4-05,895,2026-09-01
8930000007729,P-166052,Snack Pepsi truyen thong,456000,103,Ke C2-06,23,2026-08-18
8930000007730,P-532067,Ca phe Colgate chai 1L,241000,272,Ke I3-09,893,2026-07-24
8930000007731,P-418635,Sua tuoi Sunsilk chai 500ml,298000,174,Ke E4-05,185,2026-10-03
8930000007732,P-830361,Sua tuoi Omachi goi 85g,294000,81,Ke D3-04,677,2026-08-07
8930000007733,P-940181,Nuoc ngot Knorr khong duong,438000,150,Ke D5-09,61,2026-09-18
8930000007734,P-925115,Hat nem Barona truyen thong,239000,96,Ke K3-03,548,2026-07-25
8930000007735,P-314498,Ca phe Comfort huong vi tu nhien,403000,297,Ke G5-07,324,2026-08-02
8930000007736,P-172769,Hat nem G7 cao cap,458000,177,Ke D4-06,861,2026-09-20
8930000007737,P-332103,Nuoc mam Barona khong duong,9000,253,Ke C1-06,815,2026-07-22
8930000007738,P-159942,Nuoc tuong Colgate huong vi tu nhien,171000,201,Ke A2-03,153,2026-08-30
8930000007739,P-416528,Nuoc xa Colgate huong vi tu nhien,121000,91,Ke K1-04,800,2026-09-09
8930000007740,P-368355,Nuoc giat Nescafe huong vi tu nhien,33000,203,Ke I3-01,630,2026-07-08
8930000007741,P-926236,Sua tam Tuong An khong duong,296000,123,Ke I3-06,375,2026-09-28
8930000007742,P-609231,Nuoc giat Colgate hop 200g,99000,94,Ke A1-09,136,2026-07-11
8930000007743,P-867562,Dau an OMO loc 4 hop,139000,67,Ke D1-07,863,2026-09-21
8930000007744,P-918213,Sua tuoi G7 chai 500ml,165000,253,Ke A3-02,592,2026-09-09
8930000007745,P-141814,Sua tam Tuong An huong vi tu nhien,417000,200,Ke E1-06,860,2026-09-20
8930000007746,P-168079,Nuoc ngot G7 khong duong,96000,92,Ke E1-04,686,2026-09-12
8930000007747,P-821978,Gia vi Aquafina huong vi tu nhien,42000,18,Ke C2-03,199,2026-09-13
8930000007748,P-729094,Nuoc ngot Nam Ngu hop 200g,298000,74,Ke I3-09,915,2026-09-18
8930000007749,P-845279,Ca phe Chin-su can 2L,122000,167,Ke A2-03,102,2026-08-30
8930000007750,P-211090,Khan giay Kinh Do chai 1L,437000,52,Ke A1-06,229,2026-07-08
8930000007751,P-437864,Dau an Kinh Do huong vi tu nhien,171000,250,Ke I3-03,832,2026-07-11
8930000007752,P-913894,Nuoc tuong Kinh Do tiet kiem,153000,131,Ke K3-02,728,2026-07-12
8930000007753,P-990079,Khan giay Colgate loc 4 hop,355000,67,Ke J5-08,966,2026-07-18
8930000007754,P-286209,Nuoc tuong Sunlight dam da,251000,213,Ke D1-02,608,2026-07-12
8930000007755,P-190951,Nuoc ngot Hao Hao chai 500ml,144000,112,Ke B4-08,53,2026-09-23
8930000007756,P-264686,Ca phe Hao Hao huong vi tu nhien,483000,159,Ke K5-09,140,2026-09-30
8930000007757,P-902674,Sua tam Tuong An cao cap,181000,199,Ke C1-01,630,2026-07-25
8930000007758,P-221707,Tuong ot Colgate khong duong,364000,258,Ke D4-06,148,2026-07-13
8930000007759,P-833337,Gia vi Nam Ngu hop 200g,236000,71,Ke F2-01,761,2026-07-14
8930000007760,P-661894,Snack Coca Cola chai 500ml,213000,242,Ke J1-07,455,2026-09-24
8930000007761,P-459513,Dau an Sting tiet kiem,491000,164,Ke E1-02,233,2026-10-01
8930000007762,P-878579,Kem danh rang Oishi can 2L,69000,169,Ke D2-03,316,2026-07-15
8930000007763,P-812591,Gia vi Sting tiet kiem,25000,239,Ke K2-01,405,2026-07-24
8930000007764,P-868020,Sua tam Sunlight goi 85g,263000,246,Ke I4-02,588,2026-09-10
8930000007765,P-561694,Banh quy Lifebuoy cao cap,491000,74,Ke C5-06,295,2026-09-28
8930000007766,P-200992,Nuoc suoi Vinamilk khong duong,209000,52,Ke G4-09,672,2026-09-01
8930000007767,P-648102,Snack Closeup huong vi tu nhien,54000,168,Ke G2-03,350,2026-07-26
8930000007768,P-493892,Nuoc suoi G7 dam da,321000,14,Ke G1-05,340,2026-07-13
8930000007769,P-681128,Khan giay Nescafe khong duong,364000,229,Ke I1-05,921,2026-08-04
8930000007770,P-607753,Banh quy Lavie cao cap,383000,227,Ke E5-08,693,2026-09-21
8930000007771,P-113368,Nuoc xa Omachi hop 200g,66000,92,Ke G5-09,97,2026-08-24
8930000007772,P-522179,Hat nem Simply loc 4 hop,491000,188,Ke D2-09,304,2026-09-07
8930000007773,P-273982,Sua tuoi Lay's cao cap,73000,218,Ke J4-09,522,2026-07-12
8930000007774,P-332311,Tuong ot Nam Ngu dam da,28000,95,Ke A5-06,704,2026-09-14
8930000007775,P-665136,Banh quy Colgate chai 500ml,207000,137,Ke F5-09,9,2026-09-09
8930000007776,P-658582,Nuoc suoi Tuong An huong vi tu nhien,177000,280,Ke F4-06,751,2026-07-17
8930000007777,P-547389,Kem danh rang Kinh Do hop 200g,420000,246,Ke E2-06,965,2026-09-29
8930000007778,P-517196,Nuoc suoi Maggi loc 4 hop,388000,159,Ke J2-01,607,2026-08-17
8930000007779,P-892630,Nuoc suoi Lavie chai 500ml,141000,49,Ke C5-04,74,2026-09-21
8930000007780,P-642121,Nuoc giat Maggi truyen thong,295000,150,Ke J3-05,931,2026-09-17
8930000007781,P-355671,Nuoc mam Comfort goi 85g,124000,77,Ke J5-06,683,2026-07-31
8930000007782,P-137081,Nuoc giat Sunlight loc 4 hop,82000,229,Ke J4-04,3,2026-08-29
8930000007783,P-375617,Khan giay Sunlight chai 500ml,424000,179,Ke A5-05,995,2026-08-08
8930000007784,P-615633,Nuoc tuong Colgate cao cap,197000,150,Ke B4-04,559,2026-07-25
8930000007785,P-703945,Nuoc mam G7 cao cap,473000,37,Ke A3-03,356,2026-09-20
8930000007786,P-452944,Nuoc mam Hao Hao dam da,448000,263,Ke J3-07,163,2026-09-02
8930000007787,P-893988,Nuoc ngot Kinh Do chai 1L,460000,197,Ke F3-07,228,2026-07-15
8930000007788,P-186686,Sua tam Sunlight it duong,3000,29,Ke K3-04,207,2026-08-24
8930000007789,P-268746,Gia vi Sunlight huong vi tu nhien,43000,183,Ke G3-01,469,2026-07-10
8930000007790,P-741209,Kem danh rang Comfort tiet kiem,171000,211,Ke J3-02,270,2026-08-15
8930000007791,P-393212,Nuoc giat Nam Ngu chai 500ml,319000,79,Ke I2-07,831,2026-09-14
8930000007792,P-997904,Kem danh rang Sunsilk can 2L,448000,239,Ke E1-07,125,2026-08-10
8930000007793,P-972460,Kem danh rang Pepsi cao cap,204000,166,Ke H4-05,13,2026-08-14
8930000007794,P-715551,Tuong ot Simply chai 1L,186000,179,Ke I4-02,458,2026-09-19
8930000007795,P-783238,Mi goi TH True Milk chai 1L,295000,214,Ke H5-07,613,2026-09-05
8930000007796,P-742848,Khan giay Maggi khong duong,146000,213,Ke C2-05,290,2026-09-08
8930000007797,P-336828,Sua tam Lay's khong duong,260000,166,Ke B3-07,190,2026-07-28
8930000007798,P-872863,Tuong ot Red Bull hop 200g,397000,150,Ke H4-05,70,2026-08-01
8930000007799,P-651231,Tuong ot Simply truyen thong,129000,217,Ke A1-01,978,2026-08-04
8930000007800,P-647923,Nuoc tuong Pepsi can 2L,199000,28,Ke F2-05,764,2026-08-22
8930000007801,P-191161,Banh quy Nam Ngu chai 500ml,479000,285,Ke B4-06,942,2026-08-25
8930000007802,P-749498,Khan giay Clear goi 85g,324000,33,Ke K4-02,523,2026-08-25
8930000007803,P-598969,Dau goi Knorr goi 85g,406000,257,Ke G1-09,684,2026-08-17
8930000007804,P-725078,Nuoc giat Maggi chai 1L,159000,224,Ke A2-07,897,2026-09-08
8930000007805,P-597732,Nuoc mam Maggi loc 4 hop,69000,280,Ke G4-03,147,2026-08-01
8930000007806,P-541119,Nuoc ngot Barona hop 200g,498000,77,Ke B4-04,419,2026-08-15
8930000007807,P-508060,Snack Pepsi chai 1L,237000,123,Ke J1-07,934,2026-07-08
8930000007808,P-736059,Banh quy Barona can 2L,465000,86,Ke H4-03,949,2026-07-10
8930000007809,P-188776,Tuong ot Pepsi chai 500ml,367000,233,Ke G1-05,470,2026-07-06
8930000007810,P-486162,Sua tam Pepsi chai 500ml,357000,245,Ke K1-07,261,2026-09-30
8930000007811,P-177333,Nuoc mam Chin-su chai 1L,59000,70,Ke D3-05,834,2026-08-21
8930000007812,P-318217,Nuoc giat Chin-su loc 4 hop,355000,139,Ke J1-08,440,2026-08-30
8930000007813,P-500099,Nuoc tuong Lifebuoy khong duong,219000,54,Ke E5-02,26,2026-07-21
8930000007814,P-683761,Khan giay Maggi chai 500ml,473000,249,Ke I1-09,250,2026-09-07
8930000007815,P-735605,Nuoc lau san Colgate tiet kiem,11000,256,Ke A2-04,766,2026-09-19
8930000007816,P-385353,Kem danh rang Coca Cola tiet kiem,216000,252,Ke A3-04,844,2026-09-02
8930000007817,P-865344,Banh quy Nescafe tiet kiem,171000,49,Ke J5-04,556,2026-07-09
8930000007818,P-926730,Dau goi TH True Milk chai 1L,294000,211,Ke C3-09,973,2026-07-18
8930000007819,P-145240,Kem danh rang Pepsi truyen thong,295000,49,Ke B1-04,13,2026-07-26
8930000007820,P-566297,Gia vi Sting chai 500ml,273000,202,Ke D5-01,955,2026-08-31
8930000007821,P-568849,Banh quy OMO loc 4 hop,397000,142,Ke B4-02,405,2026-08-13
8930000007822,P-455627,Nuoc ngot Nam Ngu tiet kiem,4000,208,Ke D3-05,538,2026-08-20
8930000007823,P-883132,Tuong ot Oishi chai 1L,48000,11,Ke E5-01,527,2026-07-24
8930000007824,P-745197,Sua tuoi Lavie cao cap,247000,139,Ke K5-09,726,2026-08-02
8930000007825,P-553834,Kem danh rang G7 truyen thong,132000,32,Ke C3-04,513,2026-08-06
8930000007826,P-428838,Mi goi Comfort it duong,278000,77,Ke H5-04,346,2026-07-10
8930000007827,P-123572,Ca phe Sunsilk loc 4 hop,354000,142,Ke F5-01,350,2026-08-08
8930000007828,P-952283,Tuong ot Colgate huong vi tu nhien,495000,68,Ke J5-06,135,2026-08-14
8930000007829,P-349087,Mi goi Sunsilk loc 4 hop,361000,185,Ke K4-09,174,2026-08-27
8930000007830,P-540218,Kem danh rang Clear cao cap,208000,222,Ke D4-04,48,2026-08-19
8930000007831,P-641198,Nuoc ngot Omachi goi 85g,472000,47,Ke G2-08,632,2026-07-21
8930000007832,P-852037,Sua tam Simply dam da,238000,129,Ke D2-09,854,2026-08-19
8930000007833,P-319205,Dau goi Nescafe cao cap,130000,206,Ke J3-08,40,2026-07-15
8930000007834,P-321686,Banh quy OMO dam da,171000,22,Ke D3-04,122,2026-08-10
8930000007835,P-938504,Dau an Lay's khong duong,105000,169,Ke G2-02,873,2026-09-03
8930000007836,P-219366,Nuoc suoi Comfort it duong,125000,194,Ke H1-03,16,2026-08-23
8930000007837,P-659713,Nuoc xa Knorr hop 200g,68000,40,Ke D5-07,2,2026-08-16
8930000007838,P-261223,Nuoc lau san Chin-su goi 85g,316000,235,Ke C5-08,34,2026-09-15
8930000007839,P-588694,Nuoc suoi Aquafina chai 1L,161000,172,Ke D1-01,481,2026-08-14
8930000007840,P-947312,Gia vi Lifebuoy huong vi tu nhien,247000,20,Ke A5-07,41,2026-07-25
8930000007841,P-139286,Gia vi Pepsi can 2L,159000,140,Ke D3-04,284,2026-08-18
8930000007842,P-602514,Nuoc xa Barona dam da,211000,62,Ke F4-04,251,2026-08-15
8930000007843,P-813390,Sua tuoi Pepsi cao cap,493000,46,Ke A1-04,701,2026-09-13
8930000007844,P-770532,Tuong ot Kinh Do khong duong,100000,16,Ke D4-08,163,2026-08-10
8930000007845,P-969695,Nuoc lau san Knorr can 2L,120000,25,Ke I1-07,608,2026-09-28
8930000007846,P-943298,Tuong ot Lavie huong vi tu nhien,109000,144,Ke C1-07,149,2026-07-31
8930000007847,P-761759,Khan giay Lavie truyen thong,272000,9,Ke E2-05,914,2026-07-25
8930000007848,P-268163,Snack Comfort dam da,324000,44,Ke K4-09,736,2026-07-24
8930000007849,P-982725,Hat nem Oishi khong duong,40000,38,Ke E2-07,507,2026-07-25
8930000007850,P-544730,Kem danh rang G7 can 2L,122000,104,Ke K3-07,387,2026-08-03
8930000007851,P-491979,Sua tam Barona truyen thong,207000,276,Ke C5-04,55,2026-09-30
8930000007852,P-617326,Nuoc xa Nam Ngu can 2L,10000,127,Ke I4-08,297,2026-08-09
8930000007853,P-818709,Nuoc suoi Simply goi 85g,342000,179,Ke A5-09,872,2026-09-12
8930000007854,P-322167,Kem danh rang Closeup can 2L,18000,149,Ke E3-06,259,2026-09-13
8930000007855,P-679902,Nuoc tuong Simply chai 500ml,327000,267,Ke I4-05,176,2026-09-21
8930000007856,P-286710,Banh quy Oishi loc 4 hop,122000,283,Ke A3-05,702,2026-08-06
8930000007857,P-691364,Gia vi Colgate truyen thong,138000,266,Ke J5-04,6,2026-09-18
8930000007858,P-171108,Nuoc lau san Sunsilk chai 1L,424000,30,Ke I1-08,376,2026-09-05
8930000007859,P-598216,Gia vi Simply cao cap,363000,287,Ke F4-08,780,2026-08-10
8930000007860,P-516760,Sua tuoi Vinamilk tiet kiem,363000,134,Ke C4-01,604,2026-07-30
8930000007861,P-968962,Hat nem Lay's chai 1L,387000,176,Ke E5-05,647,2026-09-08
8930000007862,P-874683,Tuong ot OMO tiet kiem,266000,9,Ke F2-07,236,2026-09-01
8930000007863,P-714590,Nuoc giat OMO cao cap,43000,203,Ke H5-01,263,2026-08-08
8930000007864,P-117215,Nuoc tuong TH True Milk chai 500ml,325000,163,Ke E3-03,599,2026-09-12
8930000007865,P-739037,Kem danh rang G7 khong duong,486000,139,Ke J1-05,559,2026-10-03
8930000007866,P-941792,Nuoc tuong Sting loc 4 hop,170000,297,Ke C1-09,586,2026-09-08
8930000007867,P-776364,Nuoc ngot Sunsilk truyen thong,23000,182,Ke I4-07,784,2026-07-29
8930000007868,P-352593,Dau goi OMO hop 200g,376000,136,Ke G1-09,955,2026-08-29
8930000007869,P-774652,Mi goi Coca Cola chai 500ml,378000,260,Ke B3-02,677,2026-08-01
8930000007870,P-434394,Nuoc tuong Closeup can 2L,393000,164,Ke K1-01,334,2026-08-13
8930000007871,P-111106,Sua tam Nam Ngu khong duong,213000,96,Ke E4-04,954,2026-09-29
8930000007872,P-825846,Nuoc mam Sunsilk chai 500ml,467000,257,Ke I4-06,867,2026-09-04
8930000007873,P-958835,Snack Red Bull goi 85g,199000,219,Ke G4-04,436,2026-09-30
8930000007874,P-105274,Hat nem Barona khong duong,446000,54,Ke B2-05,329,2026-07-24
8930000007875,P-750706,Sua tam Kinh Do chai 500ml,453000,145,Ke H5-09,878,2026-08-26
8930000007876,P-211871,Nuoc suoi Lifebuoy truyen thong,54000,283,Ke K3-02,612,2026-07-19
8930000007877,P-627611,Sua tam G7 it duong,356000,86,Ke H4-03,808,2026-07-27
8930000007878,P-414012,Gia vi Colgate huong vi tu nhien,264000,78,Ke D4-02,28,2026-08-17
8930000007879,P-878480,Gia vi Pepsi huong vi tu nhien,87000,106,Ke D5-09,20,2026-08-29
8930000007880,P-737517,Nuoc giat Lifebuoy it duong,80000,256,Ke C2-05,194,2026-07-06
8930000007881,P-850151,Nuoc xa Barona chai 500ml,494000,281,Ke B1-07,137,2026-08-20
8930000007882,P-279594,Gia vi Coca Cola truyen thong,317000,233,Ke B5-06,72,2026-09-18
8930000007883,P-511929,Nuoc suoi Closeup can 2L,229000,243,Ke B4-04,119,2026-07-07
8930000007884,P-287497,Snack Lay's it duong,271000,30,Ke J4-03,666,2026-08-05
8930000007885,P-777513,Nuoc lau san Sunsilk chai 1L,453000,61,Ke B5-02,579,2026-09-12
8930000007886,P-447704,Nuoc tuong Simply cao cap,369000,148,Ke K3-01,857,2026-09-17
8930000007887,P-460437,Sua tam Colgate truyen thong,423000,28,Ke K5-04,340,2026-07-11
8930000007888,P-387936,Nuoc tuong Maggi truyen thong,280000,295,Ke H3-04,383,2026-07-13
8930000007889,P-340068,Ca phe TH True Milk tiet kiem,263000,166,Ke I3-03,867,2026-10-03
8930000007890,P-462066,Ca phe Lay's tiet kiem,188000,133,Ke J2-09,507,2026-08-15
8930000007891,P-598424,Nuoc giat Closeup chai 500ml,224000,236,Ke F2-09,419,2026-08-12
8930000007892,P-272088,Nuoc tuong G7 dam da,162000,180,Ke K2-03,688,2026-08-25
8930000007893,P-428096,Mi goi Sunlight tiet kiem,105000,108,Ke H2-04,822,2026-09-11
8930000007894,P-831514,Dau goi Closeup loc 4 hop,432000,31,Ke I1-05,317,2026-08-28
8930000007895,P-326895,Nuoc tuong Oishi huong vi tu nhien,396000,79,Ke A5-05,143,2026-08-05
8930000007896,P-443312,Hat nem Aquafina hop 200g,300000,60,Ke J2-02,323,2026-08-04
8930000007897,P-819425,Nuoc lau san Pepsi loc 4 hop,363000,146,Ke I2-07,81,2026-09-12
8930000007898,P-939482,Sua tuoi OMO chai 500ml,78000,266,Ke H1-01,123,2026-07-22
8930000007899,P-535970,Banh quy Coca Cola khong duong,149000,223,Ke F2-02,643,2026-07-10
8930000007900,P-322423,Dau an Sunlight khong duong,183000,212,Ke C3-05,224,2026-08-05
8930000007901,P-856321,Sua tam OMO khong duong,432000,84,Ke A4-07,945,2026-08-20
8930000007902,P-651273,Nuoc suoi Aquafina chai 1L,454000,220,Ke H1-04,450,2026-09-27
8930000007903,P-578715,Nuoc giat TH True Milk dam da,425000,31,Ke J3-06,495,2026-08-19
8930000007904,P-928580,Hat nem Barona goi 85g,453000,275,Ke C3-08,568,2026-09-01
8930000007905,P-863214,Tuong ot Sting dam da,55000,248,Ke K1-09,358,2026-07-06
8930000007906,P-703198,Dau goi Lay's dam da,355000,37,Ke H5-02,513,2026-07-24
8930000007907,P-395023,Nuoc xa OMO chai 500ml,472000,263,Ke B3-09,603,2026-09-18
8930000007908,P-655132,Nuoc lau san Colgate chai 1L,74000,125,Ke J2-08,530,2026-08-30
8930000007909,P-541409,Banh quy G7 cao cap,240000,39,Ke J3-08,80,2026-08-20
8930000007910,P-749137,Dau goi Comfort khong duong,392000,59,Ke A1-01,264,2026-08-02
8930000007911,P-283594,Mi goi OMO hop 200g,389000,154,Ke A4-06,917,2026-08-09
8930000007912,P-276405,Nuoc lau san Lavie tiet kiem,305000,24,Ke A2-08,943,2026-10-03
8930000007913,P-816586,Nuoc tuong Barona chai 1L,483000,37,Ke E4-04,603,2026-09-23
8930000007914,P-354801,Banh quy Omachi tiet kiem,443000,240,Ke K3-03,222,2026-08-04
8930000007915,P-685098,Nuoc lau san Nam Ngu can 2L,335000,221,Ke C2-02,741,2026-08-29
8930000007916,P-760351,Nuoc xa Vinamilk dam da,500000,79,Ke G1-06,904,2026-08-12
8930000007917,P-276795,Nuoc mam Lay's khong duong,209000,203,Ke J2-04,397,2026-09-16
8930000007918,P-500080,Banh quy Hao Hao it duong,151000,77,Ke B3-09,838,2026-08-01
8930000007919,P-155230,Sua tam Simply huong vi tu nhien,78000,261,Ke G2-09,112,2026-09-23
8930000007920,P-202430,Nuoc tuong Vinamilk it duong,64000,205,Ke I5-06,196,2026-08-18
8930000007921,P-881519,Gia vi Kinh Do it duong,381000,183,Ke I2-07,255,2026-08-01
8930000007922,P-764873,Ca phe Sting goi 85g,473000,272,Ke I2-05,339,2026-07-08
8930000007923,P-517368,Khan giay Maggi dam da,314000,271,Ke H5-02,741,2026-09-06
8930000007924,P-424308,Tuong ot Oishi dam da,406000,256,Ke C2-03,566,2026-07-29
8930000007925,P-833281,Nuoc mam Colgate tiet kiem,118000,98,Ke H3-05,94,2026-09-07
8930000007926,P-124851,Nuoc lau san Red Bull huong vi tu nhien,193000,168,Ke E3-01,816,2026-08-22
8930000007927,P-338703,Ca phe Red Bull chai 500ml,183000,103,Ke C3-02,943,2026-09-08
8930000007928,P-105324,Sua tam Comfort hop 200g,23000,249,Ke A2-05,597,2026-07-17
8930000007929,P-180176,Nuoc ngot Tuong An cao cap,56000,11,Ke H1-08,837,2026-07-25
8930000007930,P-125382,Nuoc giat G7 hop 200g,218000,258,Ke F2-07,937,2026-10-02
8930000007931,P-312987,Sua tuoi Tuong An tiet kiem,490000,165,Ke E3-08,621,2026-08-28
8930000007932,P-725780,Dau an Red Bull chai 500ml,120000,243,Ke D4-04,170,2026-08-14
8930000007933,P-574425,Gia vi Sunlight chai 500ml,105000,235,Ke C3-05,280,2026-07-23
8930000007934,P-575528,Nuoc xa Clear dam da,86000,86,Ke G5-06,958,2026-09-24
8930000007935,P-454019,Ca phe Colgate cao cap,462000,128,Ke G5-03,946,2026-09-28
8930000007936,P-641737,Banh quy Oishi dam da,400000,78,Ke F5-06,241,2026-08-25
8930000007937,P-815338,Banh quy Omachi hop 200g,251000,13,Ke I5-06,241,2026-07-31
8930000007938,P-329659,Khan giay Red Bull huong vi tu nhien,483000,227,Ke K3-01,78,2026-09-07
8930000007939,P-844943,Nuoc xa Tuong An goi 85g,297000,205,Ke H5-03,438,2026-09-05
8930000007940,P-659614,Nuoc xa Coca Cola hop 200g,67000,139,Ke G1-01,338,2026-07-22
8930000007941,P-901535,Khan giay Colgate it duong,60000,284,Ke A3-05,795,2026-08-02
8930000007942,P-436467,Khan giay Knorr huong vi tu nhien,170000,24,Ke F1-06,599,2026-08-30
8930000007943,P-561239,Khan giay Vinamilk chai 1L,392000,36,Ke D3-07,648,2026-09-13
8930000007944,P-537862,Nuoc giat Vinamilk chai 1L,41000,14,Ke K3-01,59,2026-07-19
8930000007945,P-659835,Nuoc ngot Red Bull tiet kiem,56000,191,Ke D4-03,569,2026-09-21
8930000007946,P-445852,Nuoc giat Red Bull truyen thong,137000,8,Ke I5-09,537,2026-08-25
8930000007947,P-748314,Nuoc xa Oishi can 2L,189000,113,Ke B1-06,755,2026-08-27
8930000007948,P-549323,Snack Clear dam da,218000,158,Ke D2-09,133,2026-07-29
8930000007949,P-297636,Nuoc tuong Simply chai 1L,435000,241,Ke A1-08,258,2026-09-20
8930000007950,P-152727,Nuoc tuong Nescafe chai 1L,285000,75,Ke I4-06,501,2026-09-21
8930000007951,P-995916,Gia vi Closeup goi 85g,282000,240,Ke C2-01,703,2026-08-08
8930000007952,P-585494,Snack Lifebuoy chai 500ml,427000,247,Ke I4-02,388,2026-08-24
8930000007953,P-872840,Nuoc tuong Tuong An dam da,383000,105,Ke A1-04,954,2026-09-13
8930000007954,P-609253,Nuoc mam Vinamilk chai 1L,152000,210,Ke C1-07,666,2026-08-10
8930000007955,P-292800,Nuoc xa Chin-su hop 200g,259000,128,Ke G1-05,730,2026-09-23
8930000007956,P-481540,Sua tuoi Chin-su goi 85g,362000,95,Ke J4-04,739,2026-07-30
8930000007957,P-145594,Sua tuoi Chin-su chai 1L,162000,83,Ke I1-04,76,2026-08-20
8930000007958,P-805188,Nuoc ngot Colgate khong duong,89000,225,Ke F5-02,716,2026-08-08
8930000007959,P-971889,Nuoc giat Chin-su hop 200g,493000,99,Ke F4-09,201,2026-08-10
8930000007960,P-120005,Hat nem Pepsi goi 85g,57000,70,Ke D1-06,707,2026-09-05
8930000007961,P-846746,Dau an Comfort chai 500ml,73000,222,Ke A1-02,650,2026-09-22
8930000007962,P-300896,Nuoc tuong Colgate dam da,457000,99,Ke D1-08,217,2026-07-28
8930000007963,P-462814,Nuoc lau san Comfort goi 85g,339000,36,Ke B2-03,89,2026-09-16
8930000007964,P-843596,Nuoc suoi Colgate it duong,385000,217,Ke F2-02,61,2026-09-24
8930000007965,P-783414,Banh quy Sting tiet kiem,330000,144,Ke F2-01,742,2026-08-20
8930000007966,P-706204,Banh quy TH True Milk hop 200g,473000,300,Ke B1-08,119,2026-08-23
8930000007967,P-772097,Nuoc lau san Vinamilk goi 85g,414000,195,Ke K1-02,994,2026-07-07
8930000007968,P-428399,Mi goi Comfort chai 500ml,14000,160,Ke B2-03,742,2026-08-21
8930000007969,P-892495,Banh quy Comfort dam da,61000,90,Ke I4-06,61,2026-07-29
8930000007970,P-837880,Nuoc mam Coca Cola can 2L,413000,26,Ke D5-01,603,2026-08-02
8930000007971,P-386780,Hat nem Nescafe huong vi tu nhien,227000,53,Ke E5-04,504,2026-09-20
8930000007972,P-699245,Khan giay Kinh Do huong vi tu nhien,144000,194,Ke B3-02,261,2026-08-16
8930000007973,P-771088,Nuoc tuong G7 tiet kiem,64000,258,Ke F4-02,43,2026-07-23
8930000007974,P-327558,Kem danh rang Nescafe it duong,409000,156,Ke I2-06,953,2026-07-19
8930000007975,P-667650,Mi goi Comfort khong duong,242000,176,Ke D4-03,308,2026-08-04
8930000007976,P-773971,Khan giay Lay's truyen thong,31000,186,Ke C2-04,963,2026-07-11
8930000007977,P-315565,Ca phe Red Bull chai 500ml,9000,300,Ke B4-09,197,2026-08-19
8930000007978,P-764469,Sua tam Nam Ngu cao cap,196000,143,Ke A3-09,962,2026-08-22
8930000007979,P-923824,Nuoc lau san Nescafe dam da,54000,284,Ke F3-08,486,2026-09-23
8930000007980,P-831105,Nuoc xa Vinamilk can 2L,434000,236,Ke F4-07,918,2026-08-09
8930000007981,P-100708,Dau an Barona can 2L,39000,34,Ke G1-01,291,2026-09-11
8930000007982,P-777406,Banh quy Simply huong vi tu nhien,245000,110,Ke F2-09,399,2026-07-28
8930000007983,P-982683,Dau an Sunlight goi 85g,36000,169,Ke J4-09,21,2026-10-02
8930000007984,P-423939,Nuoc giat Barona cao cap,439000,292,Ke G1-07,619,2026-10-03
8930000007985,P-789023,Banh quy Comfort goi 85g,165000,130,Ke E4-06,322,2026-09-26
8930000007986,P-483561,Nuoc giat Knorr goi 85g,53000,137,Ke E3-04,781,2026-07-20
8930000007987,P-485416,Nuoc suoi Tuong An chai 1L,384000,91,Ke G4-03,424,2026-09-06
8930000007988,P-195359,Khan giay Maggi chai 500ml,52000,272,Ke B2-09,901,2026-09-04
8930000007989,P-468292,Tuong ot Tuong An truyen thong,450000,160,Ke B3-06,923,2026-09-10
8930000007990,P-395198,Gia vi Clear hop 200g,84000,241,Ke H4-08,91,2026-09-09
8930000007991,P-275329,Kem danh rang Nescafe hop 200g,312000,215,Ke B4-01,59,2026-09-23
8930000007992,P-574001,Tuong ot Hao Hao dam da,127000,257,Ke I4-02,820,2026-07-26
8930000007993,P-642347,Nuoc xa Closeup hop 200g,405000,241,Ke K5-03,585,2026-09-03
8930000007994,P-116470,Banh quy Oishi huong vi tu nhien,475000,235,Ke H2-06,567,2026-08-26
8930000007995,P-707021,Banh quy Comfort tiet kiem,29000,7,Ke G2-06,26,2026-07-21
8930000007996,P-764678,Nuoc suoi Pepsi truyen thong,199000,207,Ke A3-01,426,2026-07-29
8930000007997,P-460317,Gia vi Vinamilk tiet kiem,462000,98,Ke F3-03,882,2026-07-31
8930000007998,P-301255,Nuoc lau san Sunsilk tiet kiem,308000,238,Ke D4-09,269,2026-09-30
8930000007999,P-515973,Nuoc giat Closeup huong vi tu nhien,137000,63,Ke J1-03,274,2026-09-18
8930000008000,P-900441,Sua tam Closeup tiet kiem,488000,58,Ke H4-03,195,2026-08-01
8930000008001,P-551914,Gia vi Colgate can 2L,392000,122,Ke A5-01,336,2026-09-05
8930000008002,P-431495,Tuong ot Sunsilk huong vi tu nhien,62000,87,Ke F1-09,437,2026-08-28
8930000008003,P-631699,Nuoc giat Vinamilk loc 4 hop,273000,195,Ke F1-03,209,2026-09-23
8930000008004,P-911630,Hat nem Sunsilk can 2L,499000,155,Ke E4-02,875,2026-08-20
8930000008005,P-564635,Dau goi Aquafina huong vi tu nhien,114000,247,Ke B3-01,10,2026-08-03
8930000008006,P-447617,Nuoc suoi Nescafe goi 85g,116000,266,Ke C4-09,148,2026-09-26
8930000008007,P-668784,Mi goi Omachi huong vi tu nhien,76000,60,Ke F2-07,958,2026-09-11
8930000008008,P-403578,Banh quy Red Bull cao cap,475000,222,Ke K4-06,729,2026-08-01
8930000008009,P-593687,Snack Closeup can 2L,56000,263,Ke G5-08,144,2026-08-17
8930000008010,P-831963,Sua tuoi OMO huong vi tu nhien,226000,243,Ke D4-06,960,2026-07-30
8930000008011,P-690268,Nuoc giat OMO truyen thong,332000,138,Ke J2-04,122,2026-07-15
8930000008012,P-919182,Kem danh rang Hao Hao dam da,7000,290,Ke B4-09,202,2026-09-23
8930000008013,P-598357,Hat nem Lavie can 2L,39000,35,Ke J2-07,435,2026-09-19
8930000008014,P-256574,Nuoc xa Pepsi chai 500ml,262000,264,Ke B5-09,907,2026-09-03
8930000008015,P-414849,Nuoc giat Comfort chai 1L,14000,220,Ke B4-02,135,2026-08-19
8930000008016,P-253557,Snack Lifebuoy huong vi tu nhien,459000,235,Ke F5-05,587,2026-09-08
8930000008017,P-304110,Khan giay Hao Hao tiet kiem,346000,250,Ke I2-07,272,2026-09-26
8930000008018,P-678255,Nuoc tuong Nam Ngu loc 4 hop,479000,144,Ke E2-05,62,2026-09-10
8930000008019,P-563638,Nuoc lau san G7 chai 500ml,355000,165,Ke J5-02,57,2026-07-30
8930000008020,P-787313,Nuoc giat Sting dam da,253000,165,Ke G4-04,320,2026-08-02
8930000008021,P-842287,Gia vi Vinamilk it duong,427000,264,Ke B5-07,778,2026-07-29
8930000008022,P-324729,Tuong ot Chin-su huong vi tu nhien,7000,244,Ke D5-07,336,2026-08-27
8930000008023,P-707275,Hat nem Sting huong vi tu nhien,57000,67,Ke C4-03,537,2026-07-18
8930000008024,P-246622,Nuoc giat Colgate khong duong,71000,139,Ke J4-07,92,2026-07-17
8930000008025,P-875282,Hat nem Knorr goi 85g,256000,247,Ke K4-01,98,2026-09-05
8930000008026,P-264550,Nuoc ngot Vinamilk truyen thong,322000,278,Ke G2-05,372,2026-09-08
8930000008027,P-605612,Mi goi Barona dam da,470000,165,Ke H1-09,967,2026-09-16
8930000008028,P-477712,Dau goi Lavie khong duong,95000,238,Ke B1-07,542,2026-08-31
8930000008029,P-925250,Sua tam Pepsi chai 1L,185000,218,Ke F5-05,33,2026-08-28
8930000008030,P-731661,Nuoc mam Colgate truyen thong,428000,47,Ke K1-04,845,2026-08-08
8930000008031,P-645583,Nuoc suoi Oishi can 2L,102000,222,Ke E3-07,507,2026-09-24
8930000008032,P-860127,Nuoc mam Comfort dam da,362000,87,Ke E5-09,746,2026-08-07
8930000008033,P-183057,Sua tam Colgate loc 4 hop,41000,169,Ke F4-03,124,2026-07-09
8930000008034,P-622469,Hat nem Barona dam da,359000,47,Ke D5-07,538,2026-09-03
8930000008035,P-692385,Gia vi Sunlight truyen thong,456000,29,Ke C5-03,590,2026-08-07
8930000008036,P-488196,Sua tam Red Bull truyen thong,93000,96,Ke A4-02,788,2026-07-13
8930000008037,P-880550,Mi goi Nam Ngu chai 500ml,17000,121,Ke D4-07,531,2026-07-20
8930000008038,P-602681,Ca phe Comfort hop 200g,150000,77,Ke H5-04,436,2026-08-04
8930000008039,P-408054,Nuoc xa Tuong An loc 4 hop,254000,101,Ke C3-06,462,2026-09-19
8930000008040,P-783984,Gia vi Barona chai 500ml,490000,192,Ke E5-07,553,2026-09-01
8930000008041,P-243693,Nuoc xa Chin-su can 2L,354000,210,Ke A3-02,941,2026-09-11
8930000008042,P-114338,Nuoc tuong Kinh Do can 2L,258000,61,Ke H1-07,599,2026-07-20
8930000008043,P-338564,Ca phe Tuong An loc 4 hop,97000,292,Ke D5-07,218,2026-09-11
8930000008044,P-355479,Nuoc suoi Red Bull huong vi tu nhien,465000,10,Ke E2-06,991,2026-08-23
8930000008045,P-950083,Nuoc suoi Red Bull dam da,87000,30,Ke A4-04,985,2026-09-22
8930000008046,P-319832,Dau goi Nescafe huong vi tu nhien,277000,27,Ke G5-03,276,2026-09-15
8930000008047,P-415779,Hat nem Lay's cao cap,310000,247,Ke K4-07,710,2026-08-03
8930000008048,P-919656,Snack Nam Ngu khong duong,484000,295,Ke J5-04,591,2026-09-21
8930000008049,P-665979,Nuoc tuong Red Bull truyen thong,177000,298,Ke A3-09,542,2026-08-26
8930000008050,P-322086,Nuoc ngot Oishi tiet kiem,334000,163,Ke I2-05,427,2026-08-27
8930000008051,P-564276,Nuoc ngot Kinh Do goi 85g,270000,7,Ke D3-07,462,2026-09-28
8930000008052,P-745533,Sua tuoi Pepsi dam da,387000,221,Ke J2-09,812,2026-08-31
8930000008053,P-111989,Nuoc xa Simply goi 85g,40000,20,Ke G2-08,869,2026-10-03
8930000008054,P-399279,Nuoc giat Chin-su dam da,290000,195,Ke A5-03,140,2026-08-14
8930000008055,P-927769,Mi goi Coca Cola it duong,160000,28,Ke F3-07,292,2026-07-17
8930000008056,P-248298,Nuoc lau san Lavie hop 200g,13000,62,Ke H3-03,840,2026-08-25
8930000008057,P-637179,Banh quy Lifebuoy huong vi tu nhien,39000,237,Ke F3-01,299,2026-07-20
8930000008058,P-405986,Hat nem Lavie can 2L,283000,63,Ke E1-03,980,2026-08-04
8930000008059,P-651499,Nuoc xa Vinamilk dam da,432000,189,Ke D2-09,506,2026-07-19
8930000008060,P-435281,Dau an Closeup goi 85g,125000,91,Ke J1-03,843,2026-09-03
8930000008061,P-602290,Nuoc lau san Closeup dam da,378000,46,Ke K5-08,284,2026-07-12
8930000008062,P-584838,Banh quy TH True Milk tiet kiem,256000,134,Ke D2-07,168,2026-07-27
8930000008063,P-141832,Nuoc suoi Nam Ngu khong duong,494000,119,Ke K4-07,42,2026-07-15
8930000008064,P-922412,Tuong ot Lavie chai 1L,245000,75,Ke J3-05,926,2026-09-15
8930000008065,P-680358,Ca phe Comfort can 2L,91000,75,Ke C4-05,954,2026-08-03
8930000008066,P-523013,Dau an G7 it duong,331000,130,Ke D3-04,162,2026-07-15
8930000008067,P-829066,Dau goi TH True Milk tiet kiem,456000,116,Ke C2-03,674,2026-08-07
8930000008068,P-233051,Snack Coca Cola dam da,258000,186,Ke I2-05,698,2026-08-30
8930000008069,P-330533,Mi goi Comfort can 2L,115000,17,Ke J5-02,748,2026-07-30
8930000008070,P-195563,Mi goi Lifebuoy truyen thong,297000,78,Ke E2-05,112,2026-09-12
8930000008071,P-838726,Khan giay Pepsi it duong,185000,257,Ke F2-03,525,2026-07-06
8930000008072,P-674553,Nuoc lau san Simply khong duong,18000,117,Ke J4-05,632,2026-07-25
8930000008073,P-605719,Banh quy Comfort huong vi tu nhien,423000,95,Ke J2-07,453,2026-08-08
8930000008074,P-860480,Nuoc tuong Aquafina dam da,144000,183,Ke F3-05,290,2026-08-30
8930000008075,P-313701,Ca phe Omachi tiet kiem,310000,242,Ke D4-03,438,2026-07-24
8930000008076,P-431064,Tuong ot Chin-su tiet kiem,121000,109,Ke E5-04,207,2026-08-02
8930000008077,P-137642,Kem danh rang Aquafina truyen thong,232000,117,Ke H5-06,94,2026-09-04
8930000008078,P-357666,Khan giay Nam Ngu dam da,57000,204,Ke F2-02,148,2026-08-11
8930000008079,P-880879,Nuoc suoi Aquafina chai 1L,358000,198,Ke H3-08,35,2026-08-19
8930000008080,P-861253,Nuoc xa Hao Hao can 2L,50000,190,Ke J1-09,228,2026-09-04
8930000008081,P-476105,Hat nem Simply chai 500ml,205000,90,Ke K3-06,17,2026-09-18
8930000008082,P-520245,Tuong ot Lavie tiet kiem,285000,161,Ke B1-04,746,2026-08-31
8930000008083,P-292259,Mi goi Kinh Do it duong,228000,103,Ke K2-01,957,2026-07-11
8930000008084,P-885587,Dau an Omachi huong vi tu nhien,45000,238,Ke D5-03,870,2026-09-17
8930000008085,P-729402,Sua tam Sunsilk huong vi tu nhien,495000,208,Ke I4-09,712,2026-07-13
8930000008086,P-429761,Sua tam Pepsi it duong,3000,251,Ke A5-07,826,2026-08-28
8930000008087,P-908577,Nuoc tuong Nescafe chai 1L,413000,121,Ke J5-09,875,2026-08-07
8930000008088,P-431535,Snack Pepsi goi 85g,487000,55,Ke J2-06,587,2026-09-23
8930000008089,P-192059,Mi goi Vinamilk khong duong,319000,274,Ke E5-04,538,2026-09-09
8930000008090,P-555052,Snack Vinamilk hop 200g,128000,79,Ke H3-04,131,2026-07-16
8930000008091,P-127560,Dau goi Lay's loc 4 hop,437000,261,Ke G2-03,56,2026-07-06
8930000008092,P-381631,Mi goi Sunlight it duong,374000,11,Ke G3-04,206,2026-09-12
8930000008093,P-920652,Hat nem Lay's truyen thong,489000,205,Ke J1-02,677,2026-07-24
8930000008094,P-574386,Dau goi Coca Cola loc 4 hop,455000,61,Ke B3-02,766,2026-08-15
8930000008095,P-181678,Ca phe Comfort truyen thong,399000,134,Ke G3-03,196,2026-07-16
8930000008096,P-957150,Sua tam Sunsilk chai 500ml,477000,246,Ke I2-07,598,2026-10-01
8930000008097,P-289222,Banh quy G7 huong vi tu nhien,4000,149,Ke H1-04,191,2026-09-13
8930000008098,P-588003,Sua tam TH True Milk truyen thong,9000,275,Ke I5-05,879,2026-07-11
8930000008099,P-438908,Tuong ot Barona hop 200g,44000,108,Ke E5-08,251,2026-09-18
8930000008100,P-349183,Sua tuoi Aquafina it duong,290000,270,Ke I5-04,103,2026-09-13
8930000008101,P-497687,Khan giay Lifebuoy huong vi tu nhien,162000,144,Ke C5-03,243,2026-08-11
8930000008102,P-565897,Nuoc ngot Pepsi huong vi tu nhien,394000,48,Ke A5-08,151,2026-07-24
8930000008103,P-457943,Khan giay Colgate it duong,367000,277,Ke C1-03,866,2026-07-14
8930000008104,P-274987,Nuoc ngot TH True Milk dam da,498000,190,Ke B1-07,995,2026-09-27
8930000008105,P-923481,Khan giay Red Bull tiet kiem,266000,159,Ke J4-01,288,2026-07-09
8930000008106,P-755383,Dau an Lifebuoy huong vi tu nhien,300000,229,Ke K4-07,864,2026-08-10
8930000008107,P-947903,Hat nem Hao Hao huong vi tu nhien,28000,163,Ke F2-02,611,2026-07-05
8930000008108,P-785428,Nuoc suoi Omachi khong duong,471000,114,Ke G3-04,168,2026-08-04
8930000008109,P-832162,Mi goi Tuong An can 2L,400000,96,Ke K3-01,493,2026-08-16
8930000008110,P-875520,Dau an Nam Ngu it duong,422000,70,Ke H3-01,595,2026-07-11
8930000008111,P-648513,Nuoc suoi Barona loc 4 hop,421000,137,Ke I2-02,507,2026-07-10
8930000008112,P-499371,Ca phe Clear hop 200g,452000,114,Ke G1-02,407,2026-09-23
8930000008113,P-175902,Sua tam Lifebuoy goi 85g,245000,201,Ke D1-08,204,2026-08-05
8930000008114,P-739711,Nuoc mam Omachi cao cap,164000,251,Ke F5-05,543,2026-09-03
8930000008115,P-837290,Dau goi Nam Ngu hop 200g,63000,232,Ke A1-04,806,2026-07-30
8930000008116,P-813013,Khan giay Nescafe goi 85g,55000,8,Ke C5-06,843,2026-08-08
8930000008117,P-929822,Nuoc tuong G7 khong duong,91000,111,Ke D3-09,439,2026-09-16
8930000008118,P-891093,Tuong ot Tuong An khong duong,339000,72,Ke D3-03,147,2026-08-11
8930000008119,P-571706,Ca phe Kinh Do huong vi tu nhien,65000,137,Ke K3-03,196,2026-10-03
8930000008120,P-779658,Kem danh rang Coca Cola chai 1L,404000,177,Ke H4-07,12,2026-08-13
8930000008121,P-834928,Nuoc ngot Colgate cao cap,80000,187,Ke B4-05,243,2026-08-26
8930000008122,P-762550,Nuoc mam Hao Hao huong vi tu nhien,280000,164,Ke D5-09,852,2026-07-30
8930000008123,P-513160,Gia vi Maggi it duong,360000,295,Ke A2-02,445,2026-07-18
8930000008124,P-211579,Sua tam Tuong An chai 1L,224000,269,Ke A2-07,680,2026-07-24
8930000008125,P-272655,Nuoc xa Knorr truyen thong,289000,181,Ke B1-08,846,2026-08-10
8930000008126,P-823769,Sua tam Hao Hao khong duong,146000,256,Ke K4-09,333,2026-07-07
8930000008127,P-874524,Gia vi Sting chai 1L,220000,159,Ke G5-03,941,2026-08-09
8930000008128,P-649939,Kem danh rang Lay's cao cap,459000,25,Ke C5-03,484,2026-08-06
8930000008129,P-912764,Ca phe Pepsi hop 200g,388000,147,Ke I2-06,731,2026-08-27
8930000008130,P-451291,Snack Sting chai 1L,127000,155,Ke E4-09,175,2026-09-28
8930000008131,P-109756,Banh quy Hao Hao it duong,254000,202,Ke I2-06,948,2026-09-13
8930000008132,P-833599,Nuoc lau san Kinh Do it duong,251000,71,Ke K3-03,898,2026-09-28
8930000008133,P-185847,Ca phe Pepsi truyen thong,190000,121,Ke F2-02,671,2026-08-01
8930000008134,P-432695,Banh quy Lavie tiet kiem,437000,248,Ke C4-08,465,2026-07-22
8930000008135,P-750594,Nuoc tuong Nam Ngu huong vi tu nhien,416000,29,Ke C1-04,39,2026-08-30
8930000008136,P-751114,Tuong ot Nam Ngu huong vi tu nhien,474000,253,Ke H5-01,739,2026-09-30
8930000008137,P-560485,Mi goi Omachi dam da,433000,189,Ke D2-04,514,2026-07-26
8930000008138,P-213668,Ca phe TH True Milk hop 200g,316000,178,Ke F3-01,951,2026-08-10
8930000008139,P-476211,Nuoc mam Red Bull dam da,288000,68,Ke A4-04,72,2026-07-19
8930000008140,P-530794,Nuoc tuong Aquafina loc 4 hop,144000,283,Ke A4-07,460,2026-08-16
8930000008141,P-271790,Nuoc suoi Lifebuoy chai 1L,74000,21,Ke K4-06,64,2026-08-13
8930000008142,P-189261,Kem danh rang Kinh Do khong duong,208000,168,Ke E4-04,494,2026-09-29
8930000008143,P-855829,Nuoc suoi Chin-su tiet kiem,335000,38,Ke E1-06,147,2026-09-03
8930000008144,P-283700,Nuoc tuong Sting can 2L,485000,275,Ke H1-01,6,2026-07-23
8930000008145,P-694316,Nuoc lau san Lavie loc 4 hop,470000,182,Ke A4-04,825,2026-08-21
8930000008146,P-659837,Nuoc xa Coca Cola it duong,345000,110,Ke I1-03,198,2026-08-23
8930000008147,P-969752,Ca phe Colgate it duong,499000,114,Ke G1-07,158,2026-10-03
8930000008148,P-154909,Tuong ot Red Bull chai 1L,31000,71,Ke K1-08,32,2026-08-07
8930000008149,P-361989,Hat nem Red Bull it duong,463000,207,Ke G5-01,247,2026-09-22
8930000008150,P-439403,Sua tam Comfort hop 200g,332000,231,Ke G1-08,731,2026-07-18
8930000008151,P-277193,Sua tuoi Tuong An chai 1L,332000,225,Ke A1-06,343,2026-07-20
8930000008152,P-194578,Hat nem Clear dam da,301000,147,Ke J2-05,274,2026-07-17
8930000008153,P-818264,Khan giay Kinh Do cao cap,336000,204,Ke B3-01,191,2026-07-24
8930000008154,P-125599,Nuoc giat Lay's truyen thong,290000,82,Ke G2-03,967,2026-08-23
8930000008155,P-765905,Snack Barona chai 500ml,231000,160,Ke B5-05,736,2026-08-20
8930000008156,P-887625,Banh quy G7 cao cap,490000,24,Ke G4-01,237,2026-08-11
8930000008157,P-265092,Hat nem Tuong An huong vi tu nhien,301000,50,Ke G1-07,579,2026-09-06
8930000008158,P-579318,Nuoc ngot Simply it duong,130000,198,Ke D3-06,812,2026-09-11
8930000008159,P-643998,Nuoc tuong Vinamilk loc 4 hop,343000,117,Ke D2-07,263,2026-08-29
8930000008160,P-450905,Nuoc suoi Comfort chai 500ml,404000,266,Ke B4-05,599,2026-08-30
8930000008161,P-486839,Sua tam Barona dam da,407000,173,Ke C5-07,564,2026-09-19
8930000008162,P-136489,Snack Barona hop 200g,58000,190,Ke G4-05,667,2026-10-01
8930000008163,P-188121,Nuoc xa Lifebuoy hop 200g,132000,297,Ke B4-01,433,2026-10-01
8930000008164,P-190302,Nuoc tuong Hao Hao khong duong,179000,230,Ke A4-01,159,2026-07-06
8930000008165,P-353080,Khan giay G7 truyen thong,87000,80,Ke E5-08,68,2026-08-25
8930000008166,P-580854,Nuoc xa TH True Milk chai 1L,252000,183,Ke J4-06,33,2026-10-01
8930000008167,P-414527,Sua tuoi Chin-su dam da,350000,296,Ke H5-08,940,2026-07-07
8930000008168,P-996865,Sua tam Knorr tiet kiem,333000,232,Ke A3-09,419,2026-07-11
8930000008169,P-106933,Sua tuoi Kinh Do chai 1L,177000,208,Ke B2-05,446,2026-08-12
8930000008170,P-779099,Dau an Lavie chai 1L,300000,182,Ke B2-06,68,2026-08-10
8930000008171,P-684929,Dau an G7 truyen thong,325000,20,Ke C4-02,805,2026-08-29
8930000008172,P-789089,Nuoc mam Barona khong duong,419000,274,Ke K3-08,293,2026-08-15
8930000008173,P-442589,Gia vi Red Bull goi 85g,179000,67,Ke D4-09,75,2026-07-18
8930000008174,P-183336,Nuoc suoi Maggi tiet kiem,279000,16,Ke K3-05,751,2026-08-16
8930000008175,P-348250,Hat nem Barona chai 500ml,354000,286,Ke A1-03,954,2026-08-07
8930000008176,P-778720,Dau an Lay's dam da,231000,57,Ke E1-02,137,2026-09-20
8930000008177,P-331381,Nuoc mam Lay's huong vi tu nhien,180000,272,Ke I5-05,69,2026-07-21
8930000008178,P-583220,Tuong ot Coca Cola cao cap,326000,91,Ke G2-02,792,2026-09-05
8930000008179,P-244037,Ca phe Oishi loc 4 hop,220000,19,Ke H5-02,736,2026-07-30
8930000008180,P-959793,Nuoc mam Lay's chai 500ml,486000,70,Ke B5-04,557,2026-08-21
8930000008181,P-198867,Nuoc mam Omachi khong duong,476000,116,Ke B1-05,957,2026-09-10
8930000008182,P-737460,Hat nem Kinh Do dam da,188000,164,Ke H5-08,645,2026-10-02
8930000008183,P-824161,Nuoc suoi Sunlight hop 200g,377000,297,Ke I5-04,80,2026-07-05
8930000008184,P-818430,Nuoc mam Vinamilk chai 1L,341000,23,Ke F2-06,892,2026-08-25
8930000008185,P-795613,Hat nem Sunsilk truyen thong,88000,268,Ke E3-02,951,2026-09-17
8930000008186,P-934904,Khan giay Closeup tiet kiem,291000,112,Ke I4-09,942,2026-07-30
8930000008187,P-802695,Nuoc suoi Nam Ngu dam da,4000,229,Ke E5-02,269,2026-07-28
8930000008188,P-208998,Nuoc giat Pepsi loc 4 hop,94000,231,Ke D1-01,598,2026-09-12
8930000008189,P-105735,Banh quy Comfort tiet kiem,54000,277,Ke I4-01,903,2026-08-11
8930000008190,P-907528,Khan giay Clear cao cap,281000,105,Ke C5-03,833,2026-08-30
8930000008191,P-436454,Banh quy Kinh Do dam da,196000,93,Ke I1-02,794,2026-08-11
8930000008192,P-905934,Nuoc tuong OMO huong vi tu nhien,482000,242,Ke D2-09,107,2026-07-22
8930000008193,P-981473,Nuoc giat Maggi chai 500ml,323000,21,Ke H4-03,75,2026-07-31
8930000008194,P-332665,Nuoc tuong Lay's huong vi tu nhien,223000,219,Ke F1-06,435,2026-08-18
8930000008195,P-989545,Kem danh rang Simply loc 4 hop,461000,16,Ke A2-07,699,2026-08-01
8930000008196,P-725726,Mi goi Pepsi dam da,235000,74,Ke H4-06,239,2026-07-09
8930000008197,P-244564,Khan giay Sunlight hop 200g,478000,174,Ke E2-02,715,2026-07-15
8930000008198,P-846925,Sua tam Hao Hao dam da,279000,213,Ke J5-02,904,2026-08-29
8930000008199,P-474440,Nuoc mam Colgate dam da,262000,194,Ke J2-04,52,2026-09-30
8930000008200,P-688153,Ca phe Closeup loc 4 hop,313000,79,Ke C5-05,422,2026-07-25
8930000008201,P-651963,Khan giay Sting chai 1L,325000,57,Ke G4-02,119,2026-07-27
8930000008202,P-626806,Kem danh rang Sting huong vi tu nhien,384000,30,Ke B1-03,61,2026-08-04
8930000008203,P-643878,Hat nem Sting goi 85g,471000,228,Ke G3-06,684,2026-08-04
8930000008204,P-544136,Nuoc ngot Lay's chai 500ml,490000,174,Ke H2-01,195,2026-08-31
8930000008205,P-563324,Mi goi Colgate it duong,282000,219,Ke F1-08,393,2026-08-01
8930000008206,P-753205,Hat nem Colgate can 2L,79000,253,Ke C3-01,407,2026-09-09
8930000008207,P-592841,Kem danh rang Lay's truyen thong,115000,66,Ke C1-06,76,2026-07-11
8930000008208,P-214351,Banh quy Vinamilk hop 200g,309000,60,Ke C5-09,186,2026-08-30
8930000008209,P-866151,Nuoc lau san Barona chai 1L,51000,116,Ke K1-02,0,2026-09-09
8930000008210,P-578987,Snack Barona goi 85g,16000,237,Ke H1-01,915,2026-07-20
8930000008211,P-522419,Mi goi Chin-su huong vi tu nhien,482000,134,Ke F5-04,523,2026-08-04
8930000008212,P-408545,Khan giay Aquafina hop 200g,470000,197,Ke D5-05,329,2026-09-02
8930000008213,P-664607,Snack Clear loc 4 hop,444000,205,Ke I1-07,393,2026-09-11
8930000008214,P-647091,Tuong ot Maggi truyen thong,350000,29,Ke A2-08,238,2026-08-14
8930000008215,P-532424,Tuong ot Sting tiet kiem,448000,181,Ke H1-09,71,2026-08-22
8930000008216,P-588899,Mi goi Lifebuoy goi 85g,427000,11,Ke H4-09,231,2026-09-06
8930000008217,P-497399,Sua tam G7 khong duong,213000,37,Ke E3-07,270,2026-08-19
8930000008218,P-787237,Kem danh rang Sting chai 500ml,459000,118,Ke B1-01,956,2026-09-16
8930000008219,P-385192,Sua tam Sunlight chai 1L,491000,291,Ke J4-05,868,2026-09-10
8930000008220,P-700705,Nuoc xa Lavie can 2L,481000,41,Ke E5-02,180,2026-08-17
8930000008221,P-408334,Kem danh rang Omachi hop 200g,53000,212,Ke F2-08,581,2026-09-01
8930000008222,P-816308,Nuoc suoi Sting loc 4 hop,7000,38,Ke K3-09,662,2026-08-12
8930000008223,P-540656,Sua tam G7 loc 4 hop,476000,300,Ke C4-03,369,2026-09-01
8930000008224,P-132316,Snack Sunlight tiet kiem,89000,276,Ke D2-05,29,2026-09-16
8930000008225,P-662625,Tuong ot TH True Milk goi 85g,379000,42,Ke C2-05,199,2026-07-17
8930000008226,P-186554,Nuoc giat Hao Hao truyen thong,163000,23,Ke B1-03,858,2026-07-10
8930000008227,P-514186,Hat nem Oishi loc 4 hop,62000,163,Ke K2-01,63,2026-07-23
8930000008228,P-755087,Ca phe TH True Milk dam da,229000,252,Ke E5-02,580,2026-09-11
8930000008229,P-741709,Nuoc lau san Nam Ngu khong duong,154000,294,Ke F1-02,6,2026-07-20
8930000008230,P-176517,Sua tam Maggi truyen thong,431000,236,Ke A2-05,637,2026-09-25
8930000008231,P-574579,Mi goi Sunsilk chai 1L,298000,119,Ke E4-09,785,2026-08-07
8930000008232,P-929504,Nuoc giat Pepsi khong duong,314000,246,Ke E4-08,621,2026-09-07
8930000008233,P-354646,Sua tuoi Lifebuoy can 2L,78000,65,Ke H5-03,75,2026-07-13
8930000008234,P-702980,Gia vi Lifebuoy cao cap,485000,74,Ke H5-01,731,2026-09-26
8930000008235,P-345369,Dau goi Clear goi 85g,336000,134,Ke G3-03,545,2026-08-01
8930000008236,P-141337,Hat nem Knorr chai 500ml,341000,231,Ke G2-06,525,2026-08-06
8930000008237,P-701344,Tuong ot Hao Hao dam da,46000,115,Ke F3-03,321,2026-07-24
8930000008238,P-923073,Dau goi Red Bull loc 4 hop,166000,213,Ke E3-04,122,2026-09-07
8930000008239,P-275409,Nuoc mam Barona goi 85g,59000,196,Ke G1-04,430,2026-07-31
8930000008240,P-868538,Nuoc mam Simply it duong,341000,79,Ke J1-05,440,2026-10-03
8930000008241,P-726111,Nuoc lau san Knorr chai 1L,352000,231,Ke E1-08,136,2026-08-28
8930000008242,P-412999,Nuoc lau san Barona huong vi tu nhien,391000,60,Ke I4-08,104,2026-08-02
8930000008243,P-820539,Khan giay Barona huong vi tu nhien,279000,135,Ke I1-06,955,2026-07-06
8930000008244,P-673867,Nuoc mam Red Bull can 2L,359000,59,Ke B3-03,505,2026-08-23
8930000008245,P-877446,Sua tuoi Sting cao cap,378000,109,Ke G1-04,191,2026-09-29
8930000008246,P-904291,Ca phe TH True Milk tiet kiem,448000,208,Ke D2-03,198,2026-08-15
8930000008247,P-382271,Nuoc mam Colgate goi 85g,51000,238,Ke J5-02,818,2026-09-20
8930000008248,P-517885,Mi goi Nam Ngu huong vi tu nhien,246000,122,Ke G4-02,817,2026-07-19
8930000008249,P-396578,Dau goi Sting dam da,299000,230,Ke J4-08,536,2026-09-25
8930000008250,P-619344,Dau goi Chin-su chai 1L,197000,255,Ke B3-02,443,2026-07-26
8930000008251,P-396020,Nuoc mam Pepsi cao cap,356000,191,Ke J4-01,55,2026-08-08
8930000008252,P-231250,Tuong ot Barona khong duong,469000,61,Ke C4-02,683,2026-09-16
8930000008253,P-633853,Mi goi OMO chai 500ml,66000,232,Ke K1-07,772,2026-09-14
8930000008254,P-121026,Nuoc giat Simply dam da,410000,224,Ke H2-05,986,2026-07-23
8930000008255,P-725185,Khan giay Omachi goi 85g,432000,137,Ke C4-08,532,2026-08-11
8930000008256,P-765678,Mi goi Comfort can 2L,259000,148,Ke A3-05,554,2026-08-20
8930000008257,P-722615,Nuoc ngot Omachi huong vi tu nhien,211000,59,Ke C4-09,836,2026-08-04
8930000008258,P-827143,Hat nem Red Bull huong vi tu nhien,57000,143,Ke E5-09,467,2026-08-03
8930000008259,P-288783,Nuoc ngot Barona truyen thong,356000,192,Ke I5-03,777,2026-08-01
8930000008260,P-315154,Nuoc tuong OMO dam da,500000,79,Ke K3-09,239,2026-09-06
8930000008261,P-197429,Gia vi Closeup hop 200g,42000,256,Ke K5-04,429,2026-07-31
8930000008262,P-370233,Sua tam Maggi loc 4 hop,84000,65,Ke F1-02,931,2026-09-16
8930000008263,P-793300,Dau goi Kinh Do huong vi tu nhien,303000,38,Ke C5-03,490,2026-08-02
8930000008264,P-493396,Snack Coca Cola cao cap,469000,184,Ke D5-09,719,2026-09-06
8930000008265,P-881549,Nuoc xa Pepsi truyen thong,323000,244,Ke D2-07,772,2026-08-25
8930000008266,P-477496,Nuoc mam Pepsi cao cap,215000,235,Ke H2-01,89,2026-08-31
8930000008267,P-472899,Dau an Comfort it duong,177000,75,Ke H5-05,245,2026-08-28
8930000008268,P-577714,Banh quy Barona can 2L,40000,212,Ke C4-07,446,2026-08-31
8930000008269,P-664739,Nuoc xa G7 truyen thong,444000,162,Ke I4-01,656,2026-08-24
8930000008270,P-645209,Dau goi Tuong An dam da,120000,45,Ke A4-07,402,2026-09-28
8930000008271,P-811721,Dau an Lay's truyen thong,443000,258,Ke C5-05,341,2026-09-18
8930000008272,P-758015,Tuong ot Clear chai 500ml,448000,215,Ke A5-01,77,2026-07-11
8930000008273,P-331307,Nuoc suoi OMO goi 85g,10000,210,Ke I1-01,905,2026-08-10
8930000008274,P-184216,Snack Sunlight hop 200g,429000,191,Ke K1-04,656,2026-08-13
8930000008275,P-361303,Tuong ot Closeup tiet kiem,78000,225,Ke C2-08,330,2026-10-01
8930000008276,P-868367,Snack Clear cao cap,153000,112,Ke C2-07,10,2026-09-13
8930000008277,P-925571,Nuoc xa Nescafe loc 4 hop,462000,204,Ke C3-01,384,2026-07-07
8930000008278,P-838253,Nuoc lau san Nam Ngu can 2L,419000,176,Ke J3-06,537,2026-08-03
8930000008279,P-171269,Banh quy OMO khong duong,112000,14,Ke H1-01,767,2026-08-22
8930000008280,P-331087,Dau goi Knorr huong vi tu nhien,382000,16,Ke G4-05,108,2026-08-17
8930000008281,P-633243,Nuoc lau san Coca Cola can 2L,315000,167,Ke K2-05,742,2026-10-01
8930000008282,P-666157,Nuoc tuong Red Bull truyen thong,142000,55,Ke F3-01,464,2026-08-22
8930000008283,P-387198,Nuoc xa Pepsi loc 4 hop,159000,300,Ke G2-03,98,2026-08-26
8930000008284,P-926918,Nuoc tuong OMO dam da,294000,206,Ke E2-05,733,2026-09-26
8930000008285,P-533007,Ca phe Sunsilk it duong,208000,192,Ke E3-02,604,2026-09-24
8930000008286,P-970127,Sua tam TH True Milk huong vi tu nhien,330000,95,Ke C2-07,697,2026-08-22
8930000008287,P-870881,Sua tam Red Bull hop 200g,319000,85,Ke G4-03,309,2026-09-04
8930000008288,P-838237,Nuoc suoi Maggi truyen thong,376000,54,Ke H5-02,869,2026-08-26
8930000008289,P-208699,Nuoc lau san Closeup truyen thong,24000,280,Ke J4-06,984,2026-07-12
8930000008290,P-277487,Nuoc tuong Coca Cola dam da,155000,213,Ke J2-02,708,2026-09-24
8930000008291,P-914504,Gia vi Simply cao cap,198000,280,Ke H3-08,281,2026-09-22
8930000008292,P-119524,Nuoc mam Barona khong duong,368000,265,Ke H4-08,12,2026-07-09
8930000008293,P-252640,Nuoc suoi Tuong An loc 4 hop,477000,247,Ke B5-07,578,2026-08-27
8930000008294,P-568127,Mi goi Simply hop 200g,29000,135,Ke A5-01,519,2026-08-12
8930000008295,P-493774,Dau an Lifebuoy truyen thong,269000,123,Ke F3-08,103,2026-08-28
8930000008296,P-367508,Nuoc mam Sting huong vi tu nhien,303000,116,Ke B5-02,744,2026-09-10
8930000008297,P-617904,Mi goi Omachi chai 500ml,405000,176,Ke D3-04,643,2026-09-16
8930000008298,P-199996,Ca phe Hao Hao khong duong,444000,222,Ke G4-03,978,2026-07-11
8930000008299,P-830943,Banh quy Pepsi goi 85g,460000,172,Ke G4-01,862,2026-07-17
8930000008300,P-779378,Sua tuoi Lifebuoy khong duong,266000,285,Ke F3-02,71,2026-09-24
8930000008301,P-174870,Nuoc ngot Colgate khong duong,17000,51,Ke F1-03,800,2026-08-16
8930000008302,P-713543,Mi goi Sunlight chai 500ml,192000,135,Ke C4-08,686,2026-09-22
8930000008303,P-214677,Nuoc suoi Kinh Do huong vi tu nhien,162000,188,Ke C5-09,483,2026-08-12
8930000008304,P-108721,Ca phe Clear chai 1L,262000,266,Ke A5-01,724,2026-07-08
8930000008305,P-791174,Nuoc suoi Barona hop 200g,358000,169,Ke C4-01,343,2026-07-05
8930000008306,P-717024,Nuoc ngot Clear truyen thong,259000,193,Ke E4-05,96,2026-09-08
8930000008307,P-614426,Nuoc xa Omachi tiet kiem,289000,59,Ke B2-03,213,2026-09-24
8930000008308,P-378297,Ca phe Tuong An goi 85g,276000,212,Ke D4-07,516,2026-09-29
8930000008309,P-498676,Nuoc mam Lay's chai 500ml,191000,142,Ke I3-08,337,2026-09-10
8930000008310,P-734792,Sua tam Aquafina tiet kiem,393000,255,Ke A1-06,420,2026-09-16
8930000008311,P-896456,Nuoc lau san Lifebuoy loc 4 hop,148000,103,Ke C5-01,727,2026-07-26
8930000008312,P-220675,Mi goi Lifebuoy dam da,221000,27,Ke J4-03,629,2026-07-08
8930000008313,P-606957,Hat nem Oishi truyen thong,170000,227,Ke B2-07,95,2026-08-23
8930000008314,P-188025,Nuoc ngot Vinamilk tiet kiem,6000,109,Ke H3-03,127,2026-09-14
8930000008315,P-577538,Sua tuoi Lay's chai 1L,478000,267,Ke G1-01,710,2026-08-01
8930000008316,P-774396,Nuoc giat Sunlight cao cap,170000,233,Ke B3-06,805,2026-08-22
8930000008317,P-703178,Dau goi Omachi truyen thong,99000,299,Ke K3-08,426,2026-08-25
8930000008318,P-693566,Sua tam Sunlight truyen thong,318000,37,Ke E3-08,522,2026-08-17
8930000008319,P-183074,Khan giay Comfort truyen thong,448000,8,Ke J3-02,616,2026-07-25
8930000008320,P-647945,Sua tuoi Oishi chai 500ml,308000,36,Ke F4-01,873,2026-09-06
8930000008321,P-317005,Dau an Coca Cola chai 1L,394000,73,Ke F1-01,238,2026-09-21
8930000008322,P-913575,Kem danh rang Sunlight it duong,15000,265,Ke H1-04,232,2026-10-03
8930000008323,P-223365,Nuoc mam Tuong An chai 1L,250000,250,Ke G5-07,566,2026-07-12
8930000008324,P-378535,Nuoc tuong Barona can 2L,377000,7,Ke G3-02,57,2026-07-30
8930000008325,P-333746,Banh quy Lay's cao cap,488000,38,Ke A4-03,918,2026-07-23
8930000008326,P-588316,Khan giay Clear chai 1L,256000,92,Ke C3-09,346,2026-08-20
8930000008327,P-712056,Nuoc ngot Lavie cao cap,232000,23,Ke D3-04,289,2026-07-22
8930000008328,P-579027,Mi goi Sting tiet kiem,454000,44,Ke K1-01,238,2026-07-12
8930000008329,P-930307,Snack Comfort can 2L,496000,25,Ke F5-04,668,2026-09-05
8930000008330,P-281201,Ca phe Comfort hop 200g,146000,130,Ke K4-05,502,2026-08-17
8930000008331,P-387096,Banh quy Pepsi it duong,208000,290,Ke F2-03,519,2026-08-13
8930000008332,P-128418,Tuong ot Coca Cola hop 200g,336000,124,Ke E1-02,826,2026-08-18
8930000008333,P-128624,Dau an Aquafina chai 1L,140000,56,Ke K4-06,960,2026-09-27
8930000008334,P-181724,Sua tam Comfort loc 4 hop,111000,121,Ke A3-05,62,2026-08-13
8930000008335,P-242175,Gia vi Pepsi chai 500ml,54000,146,Ke I2-07,875,2026-07-24
8930000008336,P-783226,Nuoc mam Sting khong duong,176000,213,Ke D5-04,37,2026-09-26
8930000008337,P-161495,Gia vi OMO cao cap,78000,84,Ke E1-02,485,2026-08-04
8930000008338,P-346024,Nuoc ngot Aquafina chai 500ml,363000,103,Ke G4-04,115,2026-07-05
8930000008339,P-389913,Nuoc xa OMO loc 4 hop,487000,85,Ke B1-06,135,2026-09-20
8930000008340,P-816400,Gia vi Barona cao cap,84000,226,Ke J2-07,7,2026-07-22
8930000008341,P-783415,Gia vi Red Bull huong vi tu nhien,243000,102,Ke J5-06,372,2026-09-21
8930000008342,P-358207,Hat nem Kinh Do huong vi tu nhien,411000,128,Ke K5-09,438,2026-07-26
8930000008343,P-251631,Nuoc lau san Sunsilk chai 1L,102000,175,Ke J3-02,144,2026-09-05
8930000008344,P-148050,Sua tuoi Closeup tiet kiem,244000,187,Ke G4-05,320,2026-09-02
8930000008345,P-126925,Nuoc giat Clear can 2L,21000,207,Ke E2-03,375,2026-08-12
8930000008346,P-648410,Tuong ot G7 tiet kiem,189000,39,Ke G1-04,112,2026-09-14
8930000008347,P-794178,Mi goi Sunsilk hop 200g,44000,158,Ke E2-04,554,2026-09-23
8930000008348,P-434400,Ca phe Lavie loc 4 hop,32000,130,Ke C4-05,105,2026-08-21
8930000008349,P-169268,Nuoc suoi Pepsi loc 4 hop,96000,84,Ke F3-03,892,2026-09-16
8930000008350,P-717476,Nuoc xa Kinh Do hop 200g,96000,9,Ke H3-05,80,2026-07-10
8930000008351,P-704277,Nuoc ngot Knorr cao cap,268000,202,Ke C5-08,520,2026-09-09
8930000008352,P-637566,Dau an Colgate goi 85g,456000,151,Ke F2-09,118,2026-09-12
8930000008353,P-218326,Gia vi Clear dam da,466000,227,Ke G1-05,713,2026-10-02
8930000008354,P-375871,Sua tuoi Clear hop 200g,288000,120,Ke G5-08,42,2026-09-25
8930000008355,P-147702,Nuoc xa Omachi dam da,489000,193,Ke B5-05,661,2026-08-05
8930000008356,P-207402,Ca phe Tuong An tiet kiem,24000,36,Ke A3-05,703,2026-09-02
8930000008357,P-295646,Mi goi Closeup khong duong,68000,88,Ke G3-03,226,2026-09-14
8930000008358,P-992805,Nuoc giat Chin-su loc 4 hop,327000,162,Ke K3-01,900,2026-09-05
8930000008359,P-836879,Nuoc lau san Oishi it duong,158000,251,Ke G3-06,187,2026-07-05
8930000008360,P-571578,Tuong ot Omachi chai 500ml,105000,247,Ke H3-03,161,2026-07-14
8930000008361,P-878533,Sua tam Sunsilk can 2L,35000,199,Ke E5-05,247,2026-08-20
8930000008362,P-975679,Nuoc ngot Knorr chai 500ml,469000,151,Ke K4-03,399,2026-09-28
8930000008363,P-884056,Snack Lavie it duong,260000,190,Ke F3-09,512,2026-08-21
8930000008364,P-358175,Gia vi Oishi dam da,378000,276,Ke J1-04,953,2026-08-30
8930000008365,P-645175,Nuoc xa Sting cao cap,480000,134,Ke E5-06,804,2026-07-24
8930000008366,P-344303,Snack Nam Ngu truyen thong,314000,58,Ke B1-04,897,2026-09-27
8930000008367,P-737894,Nuoc tuong Comfort it duong,77000,46,Ke C1-07,103,2026-07-13
8930000008368,P-717413,Nuoc giat Pepsi khong duong,185000,51,Ke J4-04,860,2026-07-09
8930000008369,P-808308,Nuoc ngot Colgate huong vi tu nhien,78000,269,Ke K2-04,96,2026-09-15
8930000008370,P-769883,Sua tam Lavie tiet kiem,75000,261,Ke B1-01,924,2026-08-08
8930000008371,P-844162,Ca phe OMO tiet kiem,450000,284,Ke I5-08,77,2026-10-02
8930000008372,P-446265,Kem danh rang Tuong An goi 85g,152000,23,Ke E2-09,900,2026-09-27
8930000008373,P-539589,Banh quy Nescafe chai 1L,212000,215,Ke F5-02,322,2026-09-07
8930000008374,P-362246,Khan giay Simply chai 1L,82000,79,Ke D2-04,394,2026-08-29
8930000008375,P-423284,Sua tam Oishi chai 500ml,139000,295,Ke K3-07,948,2026-08-18
8930000008376,P-225461,Gia vi Maggi khong duong,10000,190,Ke E5-09,536,2026-08-18
8930000008377,P-911102,Banh quy Sting it duong,79000,193,Ke H5-02,418,2026-09-10
8930000008378,P-586765,Khan giay Closeup huong vi tu nhien,447000,251,Ke H2-07,620,2026-09-17
8930000008379,P-441183,Kem danh rang Chin-su it duong,475000,71,Ke A5-07,427,2026-09-15
8930000008380,P-245664,Nuoc giat Maggi khong duong,177000,22,Ke H1-02,138,2026-09-29
8930000008381,P-285197,Sua tuoi Sunlight goi 85g,148000,28,Ke H3-09,524,2026-09-13
8930000008382,P-378085,Dau an Omachi can 2L,68000,164,Ke I3-04,903,2026-09-25
8930000008383,P-446968,Nuoc xa G7 chai 500ml,261000,246,Ke I4-04,279,2026-09-27
8930000008384,P-711033,Kem danh rang Simply goi 85g,205000,250,Ke G4-08,930,2026-10-02
8930000008385,P-511987,Tuong ot Sunlight can 2L,458000,102,Ke H5-07,959,2026-08-04
8930000008386,P-854024,Dau an Nescafe huong vi tu nhien,106000,214,Ke H1-05,700,2026-08-13
8930000008387,P-350385,Kem danh rang Comfort huong vi tu nhien,48000,100,Ke D3-08,538,2026-09-15
8930000008388,P-661916,Nuoc mam Nam Ngu cao cap,318000,144,Ke J4-01,946,2026-07-26
8930000008389,P-633025,Hat nem Knorr huong vi tu nhien,225000,82,Ke G2-06,692,2026-09-04
8930000008390,P-631958,Dau goi Knorr loc 4 hop,40000,143,Ke I4-08,450,2026-07-14
8930000008391,P-534152,Ca phe Lavie hop 200g,377000,294,Ke E1-09,549,2026-09-04
8930000008392,P-956794,Dau goi G7 tiet kiem,372000,7,Ke I5-09,943,2026-07-28
8930000008393,P-927043,Banh quy Oishi tiet kiem,101000,90,Ke A4-07,291,2026-08-27
8930000008394,P-114400,Nuoc lau san Sunsilk dam da,246000,186,Ke F2-06,854,2026-07-05
8930000008395,P-210010,Hat nem Lay's dam da,323000,98,Ke F3-03,937,2026-08-23
8930000008396,P-836333,Sua tuoi Maggi huong vi tu nhien,391000,103,Ke A5-08,944,2026-09-08
8930000008397,P-586849,Nuoc xa Sunlight chai 1L,28000,94,Ke H5-08,57,2026-09-08
8930000008398,P-256130,Hat nem Omachi tiet kiem,61000,178,Ke I2-07,213,2026-09-28
8930000008399,P-367747,Tuong ot Lifebuoy hop 200g,67000,266,Ke F5-07,476,2026-08-30
8930000008400,P-840734,Hat nem Colgate chai 1L,14000,154,Ke I5-09,533,2026-09-03
8930000008401,P-363926,Hat nem Coca Cola khong duong,379000,285,Ke K1-08,749,2026-08-24
8930000008402,P-464863,Sua tuoi Pepsi huong vi tu nhien,355000,155,Ke H1-09,822,2026-07-30
8930000008403,P-232378,Nuoc lau san Vinamilk cao cap,345000,204,Ke K5-06,73,2026-09-04
8930000008404,P-148225,Mi goi Oishi dam da,456000,146,Ke C5-07,458,2026-09-08
8930000008405,P-730193,Sua tuoi Sting loc 4 hop,203000,285,Ke G2-09,998,2026-08-16
8930000008406,P-884645,Ca phe Coca Cola dam da,34000,238,Ke I1-03,462,2026-08-06
8930000008407,P-289117,Khan giay Tuong An hop 200g,65000,246,Ke G3-06,977,2026-07-30
8930000008408,P-377370,Khan giay Nescafe goi 85g,69000,117,Ke J1-07,734,2026-09-15
8930000008409,P-247594,Nuoc xa TH True Milk loc 4 hop,322000,56,Ke E1-09,956,2026-08-18
8930000008410,P-428638,Sua tam Sunlight khong duong,124000,126,Ke D5-04,112,2026-08-13
8930000008411,P-370587,Nuoc xa Chin-su hop 200g,27000,22,Ke D4-03,943,2026-07-08
8930000008412,P-656937,Ca phe Colgate can 2L,447000,35,Ke K5-05,121,2026-07-17
8930000008413,P-677599,Kem danh rang Kinh Do it duong,29000,255,Ke E3-06,150,2026-07-19
8930000008414,P-859782,Banh quy Colgate huong vi tu nhien,104000,184,Ke J2-01,979,2026-08-18
8930000008415,P-344315,Nuoc xa Colgate huong vi tu nhien,439000,288,Ke D5-03,846,2026-07-11
8930000008416,P-975136,Dau an Pepsi it duong,411000,6,Ke D1-08,516,2026-09-04
8930000008417,P-354471,Nuoc xa Kinh Do cao cap,212000,138,Ke C5-05,798,2026-08-13
8930000008418,P-632342,Nuoc ngot Omachi cao cap,471000,185,Ke K4-09,679,2026-07-11
8930000008419,P-357420,Nuoc ngot Sunlight truyen thong,87000,101,Ke D1-07,29,2026-09-08
8930000008420,P-727094,Banh quy Nescafe truyen thong,316000,99,Ke K3-07,246,2026-07-09
8930000008421,P-443856,Mi goi Kinh Do loc 4 hop,466000,16,Ke C1-06,214,2026-09-27
8930000008422,P-596756,Nuoc lau san OMO huong vi tu nhien,416000,149,Ke A2-08,863,2026-08-12
8930000008423,P-695164,Mi goi Sting can 2L,282000,56,Ke C5-04,251,2026-09-17
8930000008424,P-963539,Hat nem Tuong An chai 500ml,134000,75,Ke K2-04,685,2026-07-11
8930000008425,P-834764,Mi goi Clear can 2L,351000,260,Ke I1-07,181,2026-09-19
8930000008426,P-694799,Nuoc suoi Chin-su can 2L,215000,190,Ke K4-06,448,2026-10-01
8930000008427,P-909000,Nuoc xa Pepsi khong duong,37000,135,Ke B4-04,885,2026-08-24
8930000008428,P-697467,Banh quy Closeup khong duong,35000,150,Ke C1-01,386,2026-07-12
8930000008429,P-181896,Nuoc ngot Hao Hao loc 4 hop,451000,40,Ke A4-05,329,2026-08-21
8930000008430,P-650607,Nuoc lau san Chin-su huong vi tu nhien,15000,298,Ke E1-03,805,2026-08-30
8930000008431,P-681070,Nuoc suoi Aquafina dam da,195000,54,Ke J3-07,340,2026-09-02
8930000008432,P-400404,Nuoc giat Vinamilk hop 200g,80000,116,Ke I4-09,841,2026-09-03
8930000008433,P-827369,Nuoc mam Colgate it duong,89000,129,Ke G4-08,859,2026-09-30
8930000008434,P-233470,Khan giay Nescafe hop 200g,422000,194,Ke D3-03,362,2026-07-07
8930000008435,P-592025,Mi goi Red Bull huong vi tu nhien,65000,103,Ke F5-09,874,2026-09-22
8930000008436,P-477934,Nuoc mam Hao Hao chai 500ml,194000,184,Ke C3-09,590,2026-07-16
8930000008437,P-206210,Hat nem Sunlight huong vi tu nhien,451000,263,Ke H1-04,13,2026-09-20
8930000008438,P-296481,Dau goi Kinh Do goi 85g,270000,18,Ke E1-02,719,2026-09-10
8930000008439,P-787247,Mi goi Closeup khong duong,200000,67,Ke A5-01,435,2026-07-07
8930000008440,P-994217,Nuoc ngot TH True Milk truyen thong,406000,75,Ke J4-08,273,2026-08-11
8930000008441,P-195966,Khan giay Red Bull can 2L,264000,17,Ke D3-04,107,2026-08-09
8930000008442,P-941339,Hat nem Clear hop 200g,113000,160,Ke I2-06,371,2026-08-08
8930000008443,P-744129,Ca phe Oishi huong vi tu nhien,280000,179,Ke H3-08,85,2026-08-02
8930000008444,P-739979,Nuoc giat Hao Hao chai 500ml,174000,214,Ke E5-07,258,2026-09-03
8930000008445,P-979789,Dau an Omachi truyen thong,137000,205,Ke J4-04,109,2026-07-27
8930000008446,P-448098,Nuoc ngot Lavie goi 85g,307000,220,Ke A5-04,720,2026-07-13
8930000008447,P-978721,Nuoc mam Coca Cola it duong,131000,105,Ke A5-03,441,2026-09-13
8930000008448,P-205896,Sua tuoi Comfort loc 4 hop,265000,74,Ke E1-02,825,2026-08-20
8930000008449,P-501312,Dau an Kinh Do can 2L,395000,111,Ke I1-01,69,2026-07-11
8930000008450,P-918430,Nuoc lau san Comfort hop 200g,230000,127,Ke D2-05,808,2026-08-03
8930000008451,P-360247,Nuoc ngot Lavie cao cap,86000,179,Ke I5-07,785,2026-08-04
8930000008452,P-251157,Hat nem Lay's huong vi tu nhien,100000,57,Ke G5-08,796,2026-09-11
8930000008453,P-174301,Nuoc lau san Hao Hao goi 85g,399000,266,Ke F5-05,38,2026-08-06
8930000008454,P-824305,Hat nem OMO loc 4 hop,120000,47,Ke J1-09,363,2026-07-15
8930000008455,P-539170,Nuoc giat Lifebuoy it duong,144000,206,Ke J5-07,724,2026-08-05
8930000008456,P-189318,Snack Closeup goi 85g,420000,247,Ke A1-06,732,2026-07-07
8930000008457,P-366642,Ca phe Barona khong duong,458000,73,Ke K4-01,635,2026-08-17
8930000008458,P-619536,Kem danh rang Red Bull can 2L,452000,85,Ke A1-06,711,2026-09-04
8930000008459,P-833842,Sua tam Sunsilk goi 85g,417000,273,Ke J1-09,590,2026-08-09
8930000008460,P-440140,Nuoc suoi Simply chai 500ml,470000,130,Ke I2-01,104,2026-07-26
8930000008461,P-636521,Nuoc xa Red Bull chai 1L,234000,45,Ke C5-05,946,2026-07-12
8930000008462,P-434652,Nuoc suoi Clear dam da,459000,40,Ke F2-01,990,2026-07-17
8930000008463,P-903124,Nuoc ngot Omachi truyen thong,255000,33,Ke H2-07,409,2026-09-11
8930000008464,P-168804,Banh quy Pepsi cao cap,414000,82,Ke H2-05,980,2026-08-29
8930000008465,P-899484,Nuoc giat Barona huong vi tu nhien,425000,295,Ke J4-08,266,2026-08-18
8930000008466,P-169429,Sua tuoi Sting dam da,224000,79,Ke D5-03,915,2026-08-19
8930000008467,P-461838,Dau an Pepsi cao cap,180000,191,Ke F4-06,954,2026-08-08
8930000008468,P-950823,Sua tam Maggi cao cap,266000,67,Ke B2-01,37,2026-08-19
8930000008469,P-437408,Sua tam Comfort chai 500ml,354000,167,Ke F2-01,767,2026-07-10
8930000008470,P-564523,Nuoc suoi Vinamilk can 2L,411000,147,Ke D5-04,543,2026-08-06
8930000008471,P-348041,Nuoc mam Maggi cao cap,233000,9,Ke H3-04,232,2026-08-19
8930000008472,P-329772,Khan giay Colgate khong duong,149000,90,Ke D5-05,256,2026-07-25
8930000008473,P-639031,Dau an Simply truyen thong,80000,283,Ke J1-02,761,2026-08-04
8930000008474,P-678440,Mi goi TH True Milk chai 1L,106000,254,Ke I1-02,558,2026-08-09
8930000008475,P-786587,Nuoc lau san OMO hop 200g,417000,129,Ke I2-06,787,2026-08-31
8930000008476,P-978343,Tuong ot Tuong An cao cap,173000,260,Ke B2-09,291,2026-09-26
8930000008477,P-125990,Tuong ot Sunsilk goi 85g,137000,36,Ke F5-09,475,2026-10-03
8930000008478,P-913217,Nuoc suoi Sunlight hop 200g,379000,52,Ke J2-02,560,2026-07-12
8930000008479,P-888939,Nuoc giat Simply khong duong,122000,103,Ke F1-06,53,2026-07-17
8930000008480,P-991737,Sua tam Omachi it duong,433000,131,Ke E3-01,691,2026-08-18
8930000008481,P-148759,Gia vi Sunsilk truyen thong,386000,130,Ke I5-09,240,2026-09-02
8930000008482,P-887029,Tuong ot Nam Ngu can 2L,350000,271,Ke H2-04,334,2026-07-28
8930000008483,P-941134,Banh quy Lavie goi 85g,85000,276,Ke J3-09,69,2026-08-28
8930000008484,P-600646,Nuoc lau san Nescafe huong vi tu nhien,168000,176,Ke B3-06,420,2026-08-02
8930000008485,P-547820,Nuoc suoi Coca Cola loc 4 hop,71000,98,Ke H2-01,38,2026-08-11
8930000008486,P-379825,Hat nem Coca Cola loc 4 hop,240000,24,Ke E5-08,61,2026-08-27
8930000008487,P-108739,Dau an G7 cao cap,25000,143,Ke K5-02,618,2026-09-15
8930000008488,P-763311,Khan giay Knorr cao cap,141000,231,Ke G2-04,650,2026-07-11
8930000008489,P-469038,Nuoc giat Red Bull tiet kiem,311000,298,Ke D5-01,952,2026-09-01
8930000008490,P-533914,Nuoc giat OMO huong vi tu nhien,61000,129,Ke A2-08,440,2026-10-02
8930000008491,P-573947,Nuoc suoi Oishi dam da,303000,55,Ke H5-08,21,2026-08-22
8930000008492,P-455766,Nuoc giat Oishi cao cap,232000,115,Ke B1-09,53,2026-09-11
8930000008493,P-829716,Nuoc xa Clear dam da,119000,221,Ke C2-06,376,2026-08-02
8930000008494,P-952117,Nuoc lau san Knorr dam da,291000,9,Ke D2-03,137,2026-09-24
8930000008495,P-205149,Nuoc ngot Simply truyen thong,262000,265,Ke G5-02,568,2026-08-13
8930000008496,P-112394,Sua tam Sunlight huong vi tu nhien,453000,246,Ke A5-05,81,2026-07-07
8930000008497,P-315535,Gia vi Lavie can 2L,84000,134,Ke B4-09,348,2026-07-31
8930000008498,P-812526,Nuoc suoi Aquafina truyen thong,410000,111,Ke G5-09,676,2026-09-24
8930000008499,P-444295,Banh quy Aquafina it duong,376000,163,Ke A3-04,300,2026-08-01
8930000008500,P-309398,Ca phe Oishi khong duong,462000,113,Ke A5-02,787,2026-09-27
8930000008501,P-450006,Nuoc xa Clear hop 200g,301000,123,Ke E3-07,366,2026-09-24
8930000008502,P-268772,Hat nem Oishi cao cap,16000,245,Ke K2-07,465,2026-08-26
8930000008503,P-329021,Snack Sunlight it duong,377000,120,Ke J4-03,324,2026-07-22
8930000008504,P-428930,Gia vi Oishi dam da,228000,286,Ke A2-08,100,2026-08-24
8930000008505,P-933665,Nuoc mam Sunlight khong duong,234000,125,Ke H2-03,932,2026-08-12
8930000008506,P-591989,Tuong ot Maggi tiet kiem,485000,275,Ke G1-08,112,2026-08-16
8930000008507,P-139186,Nuoc tuong Kinh Do it duong,390000,285,Ke D3-09,106,2026-08-01
8930000008508,P-533973,Nuoc lau san Hao Hao huong vi tu nhien,401000,188,Ke C3-06,12,2026-09-09
8930000008509,P-364659,Snack Sting cao cap,277000,113,Ke F3-03,73,2026-09-19
8930000008510,P-806866,Tuong ot Maggi cao cap,402000,178,Ke H5-07,93,2026-08-25
8930000008511,P-836201,Nuoc suoi Knorr huong vi tu nhien,33000,173,Ke H5-08,619,2026-07-25
8930000008512,P-484398,Ca phe Simply dam da,454000,179,Ke C2-08,727,2026-07-16
8930000008513,P-360651,Mi goi Hao Hao huong vi tu nhien,350000,243,Ke E4-06,349,2026-09-28
8930000008514,P-687783,Dau goi Aquafina tiet kiem,426000,126,Ke A2-01,26,2026-08-10
8930000008515,P-810614,Nuoc tuong Clear chai 1L,407000,182,Ke K2-04,160,2026-09-27
8930000008516,P-441699,Ca phe Omachi huong vi tu nhien,331000,152,Ke C2-05,476,2026-10-02
8930000008517,P-760626,Nuoc suoi Chin-su goi 85g,483000,156,Ke I3-01,77,2026-09-08
8930000008518,P-646453,Dau goi Red Bull khong duong,154000,177,Ke A5-04,144,2026-09-27
8930000008519,P-288656,Sua tuoi G7 chai 500ml,461000,286,Ke K4-06,148,2026-09-25
8930000008520,P-362147,Gia vi Simply khong duong,199000,157,Ke E4-05,224,2026-09-21
8930000008521,P-513507,Sua tuoi Omachi hop 200g,62000,73,Ke A5-08,446,2026-07-12
8930000008522,P-881828,Snack Barona goi 85g,112000,188,Ke H1-08,911,2026-07-29
8930000008523,P-392004,Sua tam Omachi huong vi tu nhien,269000,93,Ke H5-08,630,2026-09-09
8930000008524,P-296243,Nuoc suoi Nescafe it duong,92000,296,Ke E5-01,504,2026-08-31
8930000008525,P-779956,Dau an Coca Cola goi 85g,322000,9,Ke B4-06,62,2026-09-21
8930000008526,P-820767,Nuoc giat Red Bull chai 500ml,145000,236,Ke F1-04,660,2026-09-24
8930000008527,P-839764,Sua tam Maggi cao cap,415000,268,Ke B3-08,195,2026-08-10
8930000008528,P-765620,Sua tam Knorr truyen thong,10000,218,Ke I1-02,179,2026-09-30
8930000008529,P-417012,Sua tuoi Nam Ngu hop 200g,13000,276,Ke K1-08,746,2026-09-26
8930000008530,P-612340,Ca phe Sting chai 1L,176000,175,Ke E3-01,572,2026-07-26
8930000008531,P-415830,Nuoc tuong G7 chai 500ml,455000,10,Ke D4-03,69,2026-07-22
8930000008532,P-450912,Tuong ot Vinamilk loc 4 hop,444000,52,Ke I1-09,668,2026-08-26
8930000008533,P-506235,Nuoc tuong Omachi hop 200g,397000,213,Ke A3-07,160,2026-09-26
8930000008534,P-409222,Nuoc tuong Red Bull it duong,439000,286,Ke E2-03,171,2026-09-21
8930000008535,P-790897,Kem danh rang Sunsilk chai 1L,121000,156,Ke D5-08,430,2026-07-31
8930000008536,P-943706,Dau an Colgate chai 500ml,68000,129,Ke I1-06,784,2026-08-28
8930000008537,P-229139,Nuoc xa Knorr it duong,363000,92,Ke K5-06,981,2026-08-23
8930000008538,P-400009,Nuoc giat Aquafina chai 500ml,124000,275,Ke D3-01,446,2026-08-20
8930000008539,P-343807,Nuoc suoi Kinh Do it duong,408000,299,Ke A4-05,892,2026-09-01
8930000008540,P-472566,Hat nem Omachi hop 200g,251000,296,Ke C1-03,915,2026-09-16
8930000008541,P-182790,Nuoc mam Hao Hao tiet kiem,76000,125,Ke K4-01,673,2026-09-04
8930000008542,P-876644,Dau an Colgate cao cap,358000,75,Ke I5-09,622,2026-08-04
8930000008543,P-138504,Banh quy Closeup khong duong,348000,227,Ke A1-06,142,2026-09-26
8930000008544,P-765320,Sua tam Sunlight tiet kiem,61000,20,Ke I3-02,899,2026-09-30
8930000008545,P-455168,Dau goi Sunsilk hop 200g,468000,258,Ke H4-06,192,2026-09-16
8930000008546,P-262316,Hat nem Nescafe chai 1L,101000,252,Ke H2-07,748,2026-08-27
8930000008547,P-377075,Dau an Hao Hao can 2L,282000,176,Ke K4-03,879,2026-09-12
8930000008548,P-392683,Nuoc lau san Clear cao cap,484000,14,Ke E2-07,616,2026-09-22
8930000008549,P-308376,Nuoc giat Clear loc 4 hop,492000,100,Ke D5-01,776,2026-07-12
8930000008550,P-901351,Nuoc tuong Pepsi hop 200g,455000,50,Ke J1-09,54,2026-07-22
8930000008551,P-913205,Nuoc tuong Hao Hao can 2L,156000,168,Ke F2-08,790,2026-08-24
8930000008552,P-616428,Tuong ot Red Bull huong vi tu nhien,458000,17,Ke E1-01,177,2026-09-08
8930000008553,P-552202,Hat nem Sunlight chai 1L,398000,86,Ke I4-05,960,2026-09-23
8930000008554,P-201255,Mi goi Coca Cola hop 200g,67000,256,Ke H1-04,968,2026-07-25
8930000008555,P-199704,Khan giay Simply cao cap,372000,41,Ke K2-07,671,2026-08-31
8930000008556,P-846420,Gia vi Vinamilk tiet kiem,127000,226,Ke F4-02,433,2026-07-28
8930000008557,P-829169,Nuoc lau san Lay's can 2L,78000,118,Ke B5-01,77,2026-09-29
8930000008558,P-125611,Mi goi Nescafe chai 500ml,494000,185,Ke E1-06,775,2026-08-02
8930000008559,P-617488,Nuoc suoi Knorr goi 85g,251000,16,Ke D5-02,711,2026-08-01
8930000008560,P-613641,Nuoc ngot Red Bull loc 4 hop,250000,153,Ke J1-08,627,2026-09-10
8930000008561,P-436241,Hat nem Omachi goi 85g,192000,108,Ke D4-04,406,2026-09-15
8930000008562,P-379947,Tuong ot Vinamilk truyen thong,172000,232,Ke G2-01,719,2026-08-05
8930000008563,P-599687,Nuoc mam Coca Cola chai 1L,422000,129,Ke B5-06,818,2026-07-31
8930000008564,P-200575,Snack Chin-su truyen thong,336000,56,Ke I4-03,378,2026-09-05
8930000008565,P-158743,Khan giay Aquafina chai 1L,112000,140,Ke K5-08,288,2026-09-10
8930000008566,P-108105,Dau an Tuong An it duong,376000,154,Ke J1-04,817,2026-09-01
8930000008567,P-780233,Dau an Coca Cola tiet kiem,395000,85,Ke G2-05,260,2026-08-26
8930000008568,P-352792,Nuoc tuong Nam Ngu huong vi tu nhien,131000,62,Ke A3-05,345,2026-07-12
8930000008569,P-238197,Nuoc lau san Lay's chai 1L,8000,40,Ke J2-08,502,2026-09-12
8930000008570,P-637727,Nuoc tuong Coca Cola can 2L,165000,227,Ke G5-01,808,2026-08-02
8930000008571,P-865479,Tuong ot Knorr chai 500ml,359000,240,Ke B1-08,107,2026-08-06
8930000008572,P-177804,Nuoc lau san Vinamilk chai 1L,183000,170,Ke A2-07,310,2026-08-04
8930000008573,P-734924,Dau an Omachi it duong,42000,138,Ke G3-03,47,2026-09-14
8930000008574,P-933197,Sua tuoi Barona can 2L,205000,188,Ke H5-07,980,2026-08-14
8930000008575,P-433451,Nuoc giat Aquafina goi 85g,44000,110,Ke E2-05,709,2026-08-30
8930000008576,P-555884,Nuoc giat Sunlight can 2L,430000,199,Ke C2-07,723,2026-07-06
8930000008577,P-595036,Gia vi Coca Cola chai 1L,347000,131,Ke H5-07,122,2026-09-10
8930000008578,P-454278,Sua tuoi Comfort loc 4 hop,493000,185,Ke J4-08,792,2026-08-12
8930000008579,P-898329,Nuoc xa Sunlight truyen thong,331000,134,Ke A3-06,936,2026-09-30
8930000008580,P-472541,Dau goi OMO cao cap,309000,90,Ke F1-02,88,2026-08-20
8930000008581,P-554779,Kem danh rang Pepsi chai 500ml,499000,95,Ke J2-08,684,2026-07-24
8930000008582,P-807115,Nuoc ngot Colgate it duong,210000,78,Ke E5-01,790,2026-07-05
8930000008583,P-725236,Nuoc suoi Pepsi can 2L,243000,117,Ke D5-04,597,2026-08-21
8930000008584,P-916779,Banh quy Omachi cao cap,488000,242,Ke I4-03,691,2026-08-15
8930000008585,P-969032,Tuong ot Sunlight cao cap,447000,60,Ke E1-04,324,2026-09-29
8930000008586,P-967719,Tuong ot Lifebuoy hop 200g,233000,273,Ke F1-05,837,2026-09-24
8930000008587,P-302897,Nuoc mam Vinamilk dam da,40000,17,Ke G4-08,235,2026-08-11
8930000008588,P-142383,Nuoc tuong Lavie khong duong,349000,125,Ke H3-08,425,2026-09-18
8930000008589,P-357657,Nuoc ngot Lavie chai 500ml,275000,149,Ke J4-04,519,2026-08-26
8930000008590,P-545798,Sua tuoi Vinamilk goi 85g,59000,43,Ke A3-03,93,2026-09-12
8930000008591,P-929151,Nuoc suoi Vinamilk cao cap,461000,250,Ke G4-08,535,2026-08-16
8930000008592,P-817269,Nuoc ngot Lay's goi 85g,202000,200,Ke E3-04,249,2026-07-29
8930000008593,P-340927,Tuong ot Sting it duong,107000,67,Ke A4-05,448,2026-08-13
8930000008594,P-795847,Sua tuoi Nam Ngu dam da,23000,245,Ke H4-04,660,2026-08-17
8930000008595,P-525187,Hat nem Simply hop 200g,212000,140,Ke B3-05,92,2026-09-12
8930000008596,P-542374,Nuoc xa OMO tiet kiem,192000,250,Ke J5-09,14,2026-09-11
8930000008597,P-152179,Nuoc giat Sunsilk khong duong,32000,105,Ke F2-06,73,2026-09-14
8930000008598,P-741181,Sua tuoi Lay's goi 85g,235000,188,Ke F3-07,510,2026-09-26
8930000008599,P-773452,Sua tuoi Knorr can 2L,184000,285,Ke H1-02,135,2026-07-29
8930000008600,P-690525,Sua tuoi Nescafe can 2L,19000,103,Ke E1-02,401,2026-09-08
8930000008601,P-579434,Nuoc tuong Pepsi dam da,21000,51,Ke A5-04,54,2026-09-20
8930000008602,P-902325,Kem danh rang Nam Ngu chai 500ml,388000,75,Ke H5-01,46,2026-08-23
8930000008603,P-985885,Sua tam Maggi huong vi tu nhien,263000,277,Ke G2-09,975,2026-07-11
8930000008604,P-129556,Ca phe Kinh Do hop 200g,493000,201,Ke C5-05,830,2026-09-20
8930000008605,P-903531,Khan giay Tuong An loc 4 hop,227000,149,Ke G5-01,740,2026-08-18
8930000008606,P-664781,Nuoc xa Oishi khong duong,130000,91,Ke K1-09,202,2026-07-22
8930000008607,P-771590,Snack Red Bull chai 1L,363000,281,Ke F2-09,620,2026-09-04
8930000008608,P-136332,Tuong ot Lavie chai 1L,67000,141,Ke B5-06,84,2026-08-05
8930000008609,P-424065,Nuoc tuong Coca Cola it duong,53000,283,Ke K5-03,474,2026-07-29
8930000008610,P-197758,Dau goi Lay's tiet kiem,289000,192,Ke G5-08,739,2026-07-23
8930000008611,P-376807,Dau goi Maggi truyen thong,235000,108,Ke H5-06,392,2026-07-27
8930000008612,P-185569,Nuoc lau san OMO huong vi tu nhien,377000,270,Ke F5-07,446,2026-08-20
8930000008613,P-235691,Dau an Hao Hao chai 1L,440000,116,Ke K3-09,487,2026-07-25
8930000008614,P-220764,Dau goi Clear loc 4 hop,446000,271,Ke A1-01,337,2026-09-19
8930000008615,P-360316,Mi goi G7 loc 4 hop,412000,76,Ke K4-05,126,2026-10-03
8930000008616,P-439162,Nuoc mam Omachi tiet kiem,455000,30,Ke F5-04,329,2026-07-21
8930000008617,P-287401,Snack Colgate can 2L,398000,288,Ke I1-09,228,2026-08-20
8930000008618,P-702553,Dau an Coca Cola khong duong,374000,234,Ke D5-03,452,2026-08-14
8930000008619,P-499194,Sua tuoi Pepsi truyen thong,358000,238,Ke A4-03,374,2026-10-03
8930000008620,P-345722,Khan giay Kinh Do cao cap,244000,90,Ke G1-02,633,2026-07-05
8930000008621,P-619447,Nuoc tuong Lifebuoy huong vi tu nhien,314000,171,Ke G1-07,663,2026-07-22
8930000008622,P-190400,Khan giay Simply truyen thong,95000,130,Ke C2-07,502,2026-07-07
8930000008623,P-495533,Hat nem Coca Cola truyen thong,177000,135,Ke A1-08,219,2026-09-18
8930000008624,P-844638,Mi goi Kinh Do tiet kiem,90000,16,Ke C4-03,182,2026-09-19
8930000008625,P-826897,Dau goi Simply dam da,253000,156,Ke K1-04,560,2026-07-23
8930000008626,P-572788,Dau an Closeup can 2L,127000,119,Ke E1-06,551,2026-08-14
8930000008627,P-593894,Hat nem Lavie loc 4 hop,226000,99,Ke D2-07,799,2026-08-10
8930000008628,P-197584,Dau an Tuong An khong duong,300000,222,Ke G2-01,889,2026-08-07
8930000008629,P-212718,Nuoc suoi Omachi cao cap,200000,221,Ke D2-09,948,2026-07-15
8930000008630,P-642892,Khan giay Kinh Do khong duong,78000,275,Ke A1-03,843,2026-09-05
8930000008631,P-528625,Nuoc xa TH True Milk cao cap,399000,214,Ke A5-04,73,2026-08-28
8930000008632,P-240057,Mi goi Sting cao cap,128000,132,Ke G1-03,239,2026-07-20
8930000008633,P-836677,Tuong ot Nam Ngu goi 85g,49000,285,Ke J3-06,646,2026-08-29
8930000008634,P-377896,Gia vi Barona can 2L,182000,46,Ke K3-03,246,2026-07-28
8930000008635,P-927251,Snack Nescafe hop 200g,227000,82,Ke F1-07,467,2026-09-24
8930000008636,P-432711,Hat nem Omachi khong duong,446000,117,Ke H1-01,905,2026-09-03
8930000008637,P-916118,Nuoc ngot Simply loc 4 hop,478000,205,Ke E3-04,618,2026-10-02
8930000008638,P-843788,Mi goi Lavie cao cap,438000,121,Ke D5-06,573,2026-09-05
8930000008639,P-658624,Tuong ot Lifebuoy khong duong,419000,221,Ke F1-01,120,2026-09-11
8930000008640,P-741599,Nuoc lau san Kinh Do goi 85g,160000,278,Ke J2-07,306,2026-08-22
8930000008641,P-364679,Khan giay Sunlight tiet kiem,34000,131,Ke K1-01,396,2026-08-05
8930000008642,P-154127,Gia vi Oishi dam da,337000,108,Ke E4-09,755,2026-09-28
8930000008643,P-647957,Dau goi Colgate tiet kiem,17000,201,Ke F4-02,148,2026-09-19
8930000008644,P-640546,Nuoc xa Comfort loc 4 hop,244000,76,Ke G4-03,216,2026-08-26
8930000008645,P-626725,Banh quy Pepsi goi 85g,282000,230,Ke H2-08,793,2026-08-21
8930000008646,P-472358,Tuong ot Nescafe chai 1L,202000,286,Ke J4-01,455,2026-09-07
8930000008647,P-951201,Ca phe Colgate khong duong,55000,280,Ke A5-04,111,2026-08-14
8930000008648,P-156802,Khan giay G7 khong duong,455000,107,Ke H5-06,250,2026-08-26
8930000008649,P-570852,Dau an Closeup cao cap,474000,19,Ke F4-07,514,2026-10-01
8930000008650,P-570711,Nuoc giat Simply chai 500ml,418000,92,Ke G4-06,984,2026-08-15
8930000008651,P-788108,Kem danh rang Maggi khong duong,321000,281,Ke A3-04,665,2026-09-29
8930000008652,P-490559,Tuong ot Coca Cola dam da,7000,13,Ke E4-01,845,2026-08-22
8930000008653,P-434168,Nuoc ngot Vinamilk huong vi tu nhien,52000,293,Ke J3-01,47,2026-07-16
8930000008654,P-615895,Nuoc tuong Clear can 2L,89000,207,Ke E4-03,460,2026-09-20
8930000008655,P-912609,Sua tam Maggi can 2L,182000,71,Ke A3-04,944,2026-08-22
8930000008656,P-490923,Nuoc suoi Kinh Do chai 500ml,434000,259,Ke C2-08,266,2026-09-10
8930000008657,P-327357,Nuoc suoi OMO can 2L,147000,81,Ke K3-09,602,2026-09-21
8930000008658,P-511776,Khan giay Sunlight hop 200g,365000,166,Ke J4-05,438,2026-08-23
8930000008659,P-911131,Mi goi Oishi goi 85g,154000,221,Ke K3-07,216,2026-09-19
8930000008660,P-846247,Dau goi Vinamilk tiet kiem,107000,99,Ke K5-09,523,2026-07-20
8930000008661,P-575159,Nuoc suoi Closeup goi 85g,494000,298,Ke H5-05,107,2026-07-07
8930000008662,P-715388,Nuoc xa Omachi chai 1L,394000,120,Ke F2-09,564,2026-09-16
8930000008663,P-990731,Nuoc lau san Vinamilk cao cap,353000,276,Ke C2-02,319,2026-09-09
8930000008664,P-863873,Banh quy Closeup khong duong,181000,81,Ke A1-03,794,2026-07-22
8930000008665,P-721121,Nuoc lau san Lay's huong vi tu nhien,151000,87,Ke K4-09,46,2026-07-26
8930000008666,P-274739,Nuoc xa Nescafe khong duong,456000,166,Ke D3-07,507,2026-07-11
8930000008667,P-362778,Sua tuoi Oishi hop 200g,491000,232,Ke K5-06,665,2026-09-29
8930000008668,P-334153,Sua tam Kinh Do chai 1L,37000,132,Ke B2-02,470,2026-07-28
8930000008669,P-976923,Nuoc tuong Closeup truyen thong,423000,278,Ke I1-07,661,2026-09-10
8930000008670,P-452497,Dau goi Pepsi chai 1L,316000,265,Ke H3-03,164,2026-09-03
8930000008671,P-312686,Hat nem Barona goi 85g,476000,152,Ke E3-07,70,2026-09-22
8930000008672,P-288056,Nuoc giat Oishi truyen thong,391000,167,Ke E5-06,945,2026-08-06
8930000008673,P-510954,Mi goi Closeup dam da,228000,10,Ke E5-05,659,2026-07-06
8930000008674,P-711344,Ca phe Colgate cao cap,39000,191,Ke D4-02,263,2026-08-22
8930000008675,P-550961,Mi goi Closeup cao cap,331000,282,Ke D1-04,154,2026-09-21
8930000008676,P-922116,Nuoc lau san Hao Hao truyen thong,196000,247,Ke A3-02,936,2026-08-18
8930000008677,P-310418,Dau goi Comfort dam da,8000,34,Ke H2-07,63,2026-08-05
8930000008678,P-872399,Dau goi G7 cao cap,451000,185,Ke B4-05,761,2026-09-26
8930000008679,P-554197,Sua tam Knorr huong vi tu nhien,452000,31,Ke F5-05,979,2026-08-27
8930000008680,P-877388,Kem danh rang Hao Hao truyen thong,413000,73,Ke I2-08,800,2026-09-16
8930000008681,P-224473,Khan giay Tuong An tiet kiem,84000,279,Ke J5-02,112,2026-08-10
8930000008682,P-623557,Sua tam OMO tiet kiem,148000,248,Ke C3-09,764,2026-09-02
8930000008683,P-819678,Dau an Lavie tiet kiem,310000,169,Ke H3-09,374,2026-07-16
8930000008684,P-901577,Nuoc ngot Sunsilk it duong,108000,260,Ke F5-04,228,2026-09-01
8930000008685,P-489102,Kem danh rang OMO goi 85g,98000,111,Ke I5-02,514,2026-08-02
8930000008686,P-379766,Nuoc ngot Coca Cola hop 200g,132000,201,Ke H3-07,575,2026-07-17
8930000008687,P-489633,Dau an Sunsilk hop 200g,324000,98,Ke E4-07,531,2026-09-29
8930000008688,P-712955,Nuoc xa Omachi chai 500ml,243000,297,Ke H3-02,194,2026-09-22
8930000008689,P-876646,Snack Clear loc 4 hop,217000,101,Ke G4-07,978,2026-09-14
8930000008690,P-165290,Nuoc ngot Nam Ngu cao cap,225000,11,Ke G2-05,840,2026-07-05
8930000008691,P-576136,Gia vi Tuong An loc 4 hop,241000,98,Ke H2-05,363,2026-08-23
8930000008692,P-590785,Nuoc xa Coca Cola hop 200g,303000,278,Ke H3-02,107,2026-07-16
8930000008693,P-723952,Ca phe G7 hop 200g,442000,132,Ke K2-04,407,2026-09-07
8930000008694,P-905077,Khan giay Oishi chai 1L,18000,39,Ke E3-08,116,2026-08-18
8930000008695,P-452001,Gia vi Oishi cao cap,237000,258,Ke K1-05,949,2026-07-15
8930000008696,P-316881,Nuoc suoi Lavie hop 200g,189000,206,Ke B3-01,897,2026-07-17
8930000008697,P-675458,Nuoc giat Sting loc 4 hop,46000,265,Ke E1-03,940,2026-08-16
8930000008698,P-994253,Nuoc suoi Comfort huong vi tu nhien,169000,131,Ke F2-04,862,2026-09-11
8930000008699,P-656710,Dau an Sting chai 1L,303000,253,Ke D1-06,804,2026-08-06
8930000008700,P-803904,Nuoc mam Hao Hao goi 85g,223000,147,Ke F2-03,673,2026-08-09
8930000008701,P-572388,Mi goi Comfort chai 1L,319000,44,Ke H3-04,654,2026-07-05
8930000008702,P-877444,Khan giay Tuong An chai 500ml,332000,88,Ke C4-02,529,2026-10-02
8930000008703,P-624170,Kem danh rang Lavie tiet kiem,138000,256,Ke A1-07,948,2026-07-24
8930000008704,P-919264,Nuoc lau san Red Bull it duong,413000,7,Ke K2-07,668,2026-09-17
8930000008705,P-743937,Sua tuoi Comfort chai 500ml,380000,214,Ke K2-04,941,2026-08-14
8930000008706,P-678727,Nuoc suoi TH True Milk tiet kiem,299000,236,Ke G2-09,890,2026-09-13
8930000008707,P-272337,Nuoc giat Kinh Do cao cap,84000,290,Ke I2-07,250,2026-09-18
8930000008708,P-897305,Sua tuoi Clear hop 200g,210000,284,Ke H2-06,978,2026-08-26
8930000008709,P-564637,Banh quy Sting can 2L,397000,134,Ke I5-02,984,2026-08-11
8930000008710,P-269172,Nuoc lau san Omachi huong vi tu nhien,145000,115,Ke C5-02,138,2026-08-05
8930000008711,P-288066,Nuoc xa Nam Ngu dam da,390000,238,Ke H3-03,694,2026-08-03
8930000008712,P-459536,Nuoc tuong Lay's cao cap,395000,140,Ke D4-09,697,2026-07-24
8930000008713,P-729057,Nuoc xa Chin-su loc 4 hop,73000,241,Ke F5-02,279,2026-09-30
8930000008714,P-475479,Dau goi Lavie huong vi tu nhien,373000,174,Ke I1-06,219,2026-09-20
8930000008715,P-308405,Sua tam Maggi loc 4 hop,228000,29,Ke F5-05,563,2026-07-24
8930000008716,P-979725,Nuoc giat Lavie it duong,362000,143,Ke A4-04,184,2026-07-27
8930000008717,P-631815,Ca phe Aquafina chai 1L,425000,283,Ke I5-04,147,2026-09-16
8930000008718,P-992819,Nuoc lau san Kinh Do cao cap,468000,250,Ke B1-09,191,2026-09-15
8930000008719,P-274446,Nuoc tuong Hao Hao hop 200g,140000,33,Ke D2-05,582,2026-07-06
8930000008720,P-593554,Nuoc xa Sting chai 500ml,329000,131,Ke D4-08,797,2026-07-26
8930000008721,P-610271,Hat nem Aquafina goi 85g,285000,149,Ke F3-01,688,2026-07-26
8930000008722,P-223791,Sua tam Red Bull cao cap,445000,273,Ke B2-09,691,2026-09-15
8930000008723,P-416503,Hat nem Lifebuoy truyen thong,56000,55,Ke J4-08,795,2026-08-14
8930000008724,P-168815,Nuoc suoi Sting chai 500ml,344000,271,Ke D2-06,386,2026-08-16
8930000008725,P-208584,Hat nem G7 goi 85g,346000,90,Ke I2-03,457,2026-10-02
8930000008726,P-461249,Dau goi Barona cao cap,455000,246,Ke H4-08,241,2026-09-29
8930000008727,P-838968,Nuoc tuong Comfort loc 4 hop,95000,263,Ke F1-08,850,2026-08-08
8930000008728,P-972335,Banh quy Colgate khong duong,111000,226,Ke I1-01,737,2026-07-10
8930000008729,P-416822,Nuoc suoi Sunlight chai 1L,404000,123,Ke G2-03,761,2026-10-01
8930000008730,P-933162,Mi goi Maggi chai 500ml,419000,158,Ke G1-03,74,2026-09-01
8930000008731,P-558723,Gia vi Sunlight dam da,378000,94,Ke K2-09,668,2026-07-14
8930000008732,P-241268,Sua tam Closeup can 2L,99000,58,Ke K5-05,747,2026-09-18
8930000008733,P-414910,Gia vi Sunlight loc 4 hop,420000,298,Ke C4-06,695,2026-09-20
8930000008734,P-489518,Nuoc ngot Nescafe chai 500ml,361000,263,Ke A2-01,185,2026-07-12
8930000008735,P-349119,Tuong ot Kinh Do chai 500ml,326000,90,Ke B5-01,583,2026-08-12
8930000008736,P-419457,Mi goi Omachi loc 4 hop,476000,84,Ke A1-09,737,2026-08-26
8930000008737,P-908447,Hat nem Lavie truyen thong,371000,247,Ke D1-09,55,2026-08-12
8930000008738,P-281833,Snack Red Bull khong duong,250000,101,Ke I1-02,426,2026-07-06
8930000008739,P-109363,Snack Nescafe loc 4 hop,438000,190,Ke G2-03,699,2026-09-01
8930000008740,P-174637,Kem danh rang Knorr truyen thong,6000,189,Ke D4-01,409,2026-08-23
8930000008741,P-912085,Sua tam G7 dam da,388000,169,Ke E1-09,993,2026-08-18
8930000008742,P-861594,Nuoc mam Hao Hao can 2L,363000,246,Ke C5-07,133,2026-09-14
8930000008743,P-948612,Gia vi Chin-su it duong,372000,149,Ke G4-02,552,2026-08-26
8930000008744,P-337178,Nuoc suoi Pepsi dam da,339000,230,Ke D2-08,304,2026-09-02
8930000008745,P-824087,Sua tuoi Closeup can 2L,204000,201,Ke H3-01,962,2026-10-02
8930000008746,P-607774,Nuoc ngot Colgate goi 85g,371000,158,Ke H4-07,599,2026-07-19
8930000008747,P-244892,Kem danh rang Nam Ngu chai 500ml,295000,197,Ke A4-02,149,2026-08-29
8930000008748,P-751332,Banh quy Nescafe loc 4 hop,346000,248,Ke G3-03,899,2026-09-30
8930000008749,P-409571,Kem danh rang Coca Cola khong duong,97000,157,Ke H1-09,60,2026-09-09
8930000008750,P-969693,Nuoc lau san G7 dam da,415000,153,Ke K2-08,105,2026-09-26
8930000008751,P-986278,Ca phe Lifebuoy chai 500ml,332000,272,Ke C4-01,605,2026-08-13
8930000008752,P-575682,Banh quy Maggi huong vi tu nhien,375000,237,Ke F1-08,708,2026-07-22
8930000008753,P-777370,Nuoc giat Lavie tiet kiem,448000,79,Ke C1-08,518,2026-10-02
8930000008754,P-780301,Sua tam Pepsi can 2L,230000,160,Ke I1-09,592,2026-09-08
8930000008755,P-610258,Sua tuoi Lifebuoy cao cap,37000,209,Ke D4-09,977,2026-08-30
8930000008756,P-270128,Dau an Sunlight chai 1L,453000,128,Ke D4-02,560,2026-07-20
8930000008757,P-853448,Nuoc ngot Simply chai 500ml,177000,227,Ke F4-03,476,2026-09-15
8930000008758,P-370343,Nuoc tuong Red Bull goi 85g,60000,263,Ke E1-05,875,2026-08-05
8930000008759,P-916332,Dau goi Chin-su tiet kiem,405000,126,Ke I1-03,402,2026-08-02
8930000008760,P-375201,Banh quy OMO hop 200g,151000,213,Ke B5-07,473,2026-07-09
8930000008761,P-846635,Nuoc xa Kinh Do truyen thong,211000,147,Ke B5-02,269,2026-08-11
8930000008762,P-603110,Banh quy Tuong An cao cap,347000,299,Ke J1-03,600,2026-07-11
8930000008763,P-534603,Hat nem Pepsi it duong,397000,79,Ke C5-01,919,2026-07-11
8930000008764,P-505298,Nuoc mam Lay's can 2L,310000,266,Ke A1-04,780,2026-08-26
8930000008765,P-859767,Nuoc xa Omachi truyen thong,426000,26,Ke J4-08,930,2026-09-02
8930000008766,P-850981,Nuoc tuong Clear chai 1L,201000,252,Ke F1-07,383,2026-09-07
8930000008767,P-581966,Nuoc giat Comfort chai 1L,237000,17,Ke D5-03,492,2026-08-26
8930000008768,P-803787,Khan giay Lay's dam da,155000,123,Ke I2-08,690,2026-08-24
8930000008769,P-204411,Sua tuoi Lavie it duong,10000,286,Ke K2-04,845,2026-08-16
8930000008770,P-844904,Banh quy Maggi dam da,153000,224,Ke H1-06,77,2026-09-23
8930000008771,P-329056,Nuoc tuong Closeup goi 85g,267000,289,Ke C4-01,246,2026-09-13
8930000008772,P-993473,Nuoc mam Knorr truyen thong,261000,37,Ke D4-01,313,2026-09-09
8930000008773,P-353777,Nuoc giat Tuong An chai 500ml,192000,234,Ke K4-07,795,2026-09-02
8930000008774,P-819656,Gia vi Sunlight loc 4 hop,12000,279,Ke B5-03,508,2026-08-22
8930000008775,P-632060,Nuoc lau san OMO loc 4 hop,365000,271,Ke C4-08,377,2026-07-20
8930000008776,P-813813,Ca phe Maggi can 2L,312000,100,Ke C4-01,85,2026-07-20
8930000008777,P-652266,Dau an Tuong An cao cap,195000,242,Ke F5-06,495,2026-07-17
8930000008778,P-994905,Dau goi Nam Ngu it duong,245000,66,Ke B5-04,326,2026-09-18
8930000008779,P-490084,Nuoc giat Vinamilk goi 85g,236000,61,Ke G3-01,540,2026-09-19
8930000008780,P-956401,Nuoc giat TH True Milk it duong,413000,229,Ke G1-04,335,2026-09-13
8930000008781,P-745710,Ca phe Omachi goi 85g,498000,57,Ke G5-05,337,2026-09-03
8930000008782,P-402099,Nuoc tuong Tuong An chai 500ml,178000,157,Ke C4-03,285,2026-08-30
8930000008783,P-398313,Nuoc giat Aquafina tiet kiem,106000,288,Ke H5-03,676,2026-09-29
8930000008784,P-998960,Mi goi Knorr goi 85g,78000,90,Ke D4-03,375,2026-07-09
8930000008785,P-920597,Gia vi Clear cao cap,310000,200,Ke I4-06,8,2026-08-16
8930000008786,P-662262,Sua tam Vinamilk dam da,440000,48,Ke G3-06,538,2026-08-13
8930000008787,P-447655,Kem danh rang Hao Hao dam da,180000,19,Ke D3-06,378,2026-07-25
8930000008788,P-109853,Nuoc ngot OMO goi 85g,349000,33,Ke K1-07,409,2026-07-12
8930000008789,P-685616,Sua tuoi Aquafina chai 1L,437000,252,Ke H2-02,192,2026-08-09
8930000008790,P-299028,Sua tuoi TH True Milk goi 85g,409000,144,Ke D5-01,939,2026-09-30
8930000008791,P-238635,Sua tam Simply truyen thong,314000,124,Ke H5-03,797,2026-09-02
8930000008792,P-456385,Sua tam Oishi truyen thong,489000,63,Ke A5-08,678,2026-07-28
8930000008793,P-387892,Nuoc giat Chin-su dam da,298000,55,Ke G2-01,704,2026-07-11
8930000008794,P-192337,Khan giay Maggi dam da,224000,174,Ke B4-09,42,2026-09-30
8930000008795,P-477017,Nuoc suoi Comfort can 2L,97000,57,Ke F2-06,483,2026-07-10
8930000008796,P-704788,Banh quy Vinamilk hop 200g,109000,174,Ke I4-02,496,2026-09-26
8930000008797,P-492077,Nuoc mam Vinamilk huong vi tu nhien,341000,184,Ke F3-01,668,2026-09-20
8930000008798,P-232315,Nuoc tuong Sting goi 85g,299000,11,Ke A3-03,603,2026-07-18
8930000008799,P-260169,Nuoc suoi Omachi it duong,70000,186,Ke F3-04,661,2026-09-08
8930000008800,P-109767,Nuoc suoi Lay's khong duong,354000,112,Ke C1-03,693,2026-08-26
8930000008801,P-787436,Tuong ot OMO huong vi tu nhien,75000,174,Ke I2-04,708,2026-10-01
8930000008802,P-122056,Tuong ot Coca Cola cao cap,40000,127,Ke C2-08,915,2026-08-10
8930000008803,P-922880,Gia vi Vinamilk loc 4 hop,423000,252,Ke K3-05,508,2026-07-12
8930000008804,P-884417,Hat nem Vinamilk hop 200g,327000,267,Ke B1-01,859,2026-08-08
8930000008805,P-187295,Nuoc tuong Vinamilk tiet kiem,375000,290,Ke H4-07,492,2026-07-28
8930000008806,P-133795,Ca phe Lavie it duong,477000,106,Ke E2-04,359,2026-07-09
8930000008807,P-502349,Nuoc giat G7 loc 4 hop,115000,238,Ke A1-02,519,2026-07-08
8930000008808,P-891937,Banh quy Nam Ngu it duong,382000,209,Ke B2-07,217,2026-08-03
8930000008809,P-364132,Snack Vinamilk chai 1L,14000,165,Ke A2-04,980,2026-08-17
8930000008810,P-715336,Nuoc ngot Maggi tiet kiem,410000,62,Ke G2-08,569,2026-08-28
8930000008811,P-156304,Kem danh rang Closeup can 2L,323000,125,Ke G2-06,909,2026-09-03
8930000008812,P-640869,Sua tuoi Simply loc 4 hop,342000,69,Ke G1-03,451,2026-09-03
8930000008813,P-218370,Nuoc mam Barona khong duong,208000,71,Ke H2-09,475,2026-09-30
8930000008814,P-420214,Dau an Chin-su hop 200g,157000,12,Ke A5-08,338,2026-09-23
8930000008815,P-173863,Mi goi Vinamilk tiet kiem,98000,296,Ke D5-05,11,2026-07-22
8930000008816,P-970914,Gia vi Pepsi chai 500ml,217000,244,Ke I5-06,646,2026-08-16
8930000008817,P-338536,Nuoc suoi Maggi truyen thong,184000,273,Ke K1-08,65,2026-09-07
8930000008818,P-344068,Banh quy Simply khong duong,460000,79,Ke I3-05,177,2026-09-12
8930000008819,P-347745,Nuoc ngot Nam Ngu goi 85g,152000,109,Ke D2-02,789,2026-09-02
8930000008820,P-786789,Hat nem Sunsilk huong vi tu nhien,455000,36,Ke K1-05,749,2026-09-12
8930000008821,P-821276,Khan giay Lavie chai 1L,3000,102,Ke A2-04,698,2026-10-03
8930000008822,P-712879,Gia vi Lavie goi 85g,254000,98,Ke A2-01,788,2026-08-07
8930000008823,P-261760,Kem danh rang Omachi huong vi tu nhien,13000,93,Ke F3-07,608,2026-09-06
8930000008824,P-112542,Mi goi G7 chai 1L,6000,227,Ke C2-02,272,2026-09-03
8930000008825,P-706658,Nuoc lau san Red Bull loc 4 hop,157000,123,Ke H2-01,358,2026-09-04
8930000008826,P-515032,Kem danh rang Lay's chai 1L,70000,254,Ke G2-01,35,2026-07-20
8930000008827,P-283514,Nuoc xa Coca Cola tiet kiem,120000,100,Ke F2-08,672,2026-09-02
8930000008828,P-424620,Khan giay Sting chai 1L,251000,137,Ke I5-02,237,2026-07-21
8930000008829,P-941945,Nuoc ngot Tuong An khong duong,449000,9,Ke D4-06,794,2026-08-14
8930000008830,P-595951,Khan giay Knorr dam da,410000,163,Ke D1-05,29,2026-09-20
8930000008831,P-679606,Hat nem Oishi goi 85g,290000,246,Ke I3-03,990,2026-07-17
8930000008832,P-549245,Kem danh rang Simply truyen thong,402000,108,Ke H1-09,949,2026-07-20
8930000008833,P-834406,Nuoc suoi Maggi tiet kiem,98000,279,Ke E1-09,714,2026-07-15
8930000008834,P-260422,Nuoc tuong Sunsilk tiet kiem,442000,264,Ke F4-04,513,2026-10-02
8930000008835,P-565765,Nuoc mam Closeup goi 85g,401000,176,Ke C1-03,777,2026-09-27
8930000008836,P-520018,Banh quy Comfort loc 4 hop,331000,51,Ke G3-09,910,2026-07-06
8930000008837,P-214682,Kem danh rang Lifebuoy dam da,443000,193,Ke F5-07,267,2026-07-26
8930000008838,P-184491,Nuoc xa Comfort huong vi tu nhien,99000,74,Ke B5-08,15,2026-09-03
8930000008839,P-111691,Khan giay Aquafina truyen thong,23000,285,Ke I5-09,286,2026-09-12
8930000008840,P-791567,Hat nem Closeup chai 500ml,319000,140,Ke A2-02,421,2026-07-22
8930000008841,P-807053,Nuoc tuong Lifebuoy huong vi tu nhien,466000,222,Ke I1-04,350,2026-07-15
8930000008842,P-258157,Dau goi Nam Ngu cao cap,367000,201,Ke C2-05,701,2026-08-28
8930000008843,P-101206,Sua tam Sunsilk khong duong,492000,224,Ke F3-07,124,2026-08-18
8930000008844,P-388946,Nuoc xa Closeup can 2L,68000,122,Ke F3-02,999,2026-08-03
8930000008845,P-783932,Dau an Sting loc 4 hop,489000,286,Ke E4-03,478,2026-09-28
8930000008846,P-987586,Kem danh rang Oishi hop 200g,138000,147,Ke G1-08,229,2026-08-24
8930000008847,P-477617,Hat nem Coca Cola huong vi tu nhien,217000,261,Ke E3-08,751,2026-07-08
8930000008848,P-258471,Sua tuoi Pepsi truyen thong,359000,255,Ke E1-02,700,2026-09-13
8930000008849,P-650131,Dau goi Vinamilk khong duong,328000,264,Ke H1-01,743,2026-08-07
8930000008850,P-823975,Mi goi Hao Hao huong vi tu nhien,222000,156,Ke I1-03,795,2026-09-09
8930000008851,P-574751,Dau an Aquafina cao cap,389000,265,Ke G5-09,959,2026-10-01
8930000008852,P-549433,Banh quy Sunsilk goi 85g,277000,55,Ke E5-05,554,2026-07-14
8930000008853,P-197466,Khan giay Knorr chai 1L,354000,173,Ke E1-02,184,2026-08-29
8930000008854,P-556641,Nuoc mam Omachi hop 200g,213000,35,Ke G5-02,255,2026-07-24
8930000008855,P-813145,Nuoc mam OMO truyen thong,64000,247,Ke C5-06,842,2026-09-15
8930000008856,P-717466,Mi goi Nescafe chai 1L,223000,232,Ke I2-04,817,2026-07-11
8930000008857,P-549186,Gia vi Pepsi can 2L,168000,225,Ke H4-06,598,2026-08-27
8930000008858,P-306606,Nuoc tuong Coca Cola it duong,233000,290,Ke H5-06,342,2026-07-20
8930000008859,P-621718,Nuoc giat Barona dam da,459000,46,Ke I5-08,711,2026-09-17
8930000008860,P-987624,Ca phe Lifebuoy goi 85g,462000,63,Ke I4-01,950,2026-08-09
8930000008861,P-626491,Tuong ot Nam Ngu can 2L,325000,280,Ke H3-08,156,2026-07-05
8930000008862,P-847528,Sua tam Sunsilk tiet kiem,229000,113,Ke C4-09,112,2026-09-04
8930000008863,P-637544,Sua tam Kinh Do chai 500ml,492000,118,Ke G3-01,494,2026-07-07
8930000008864,P-349556,Dau goi Omachi huong vi tu nhien,360000,95,Ke K5-03,972,2026-09-30
8930000008865,P-437477,Nuoc xa Knorr cao cap,303000,169,Ke J4-03,758,2026-08-29
8930000008866,P-721497,Mi goi Colgate it duong,474000,78,Ke E3-02,742,2026-09-17
8930000008867,P-854639,Hat nem Closeup dam da,149000,47,Ke E2-02,831,2026-08-20
8930000008868,P-260227,Nuoc lau san Omachi chai 500ml,438000,135,Ke F1-05,224,2026-08-25
8930000008869,P-306647,Tuong ot Nescafe khong duong,179000,36,Ke A5-07,969,2026-07-09
8930000008870,P-555589,Khan giay Maggi tiet kiem,304000,69,Ke A3-02,61,2026-09-09
8930000008871,P-847078,Nuoc suoi Lifebuoy tiet kiem,41000,189,Ke J3-03,735,2026-07-26
8930000008872,P-788457,Tuong ot Knorr hop 200g,148000,82,Ke I2-06,851,2026-09-16
8930000008873,P-316612,Nuoc giat TH True Milk chai 1L,8000,233,Ke H1-05,614,2026-08-03
8930000008874,P-596864,Dau goi Knorr khong duong,121000,207,Ke J1-08,905,2026-07-13
8930000008875,P-282176,Banh quy Simply tiet kiem,448000,72,Ke E2-03,232,2026-08-28
8930000008876,P-996114,Mi goi Sting cao cap,237000,82,Ke B1-08,60,2026-09-29
8930000008877,P-566428,Kem danh rang Chin-su loc 4 hop,163000,206,Ke A5-01,96,2026-09-13
8930000008878,P-472528,Nuoc xa Sunlight dam da,249000,92,Ke A5-09,295,2026-10-01
8930000008879,P-627786,Nuoc mam Sting tiet kiem,20000,299,Ke E2-02,359,2026-09-12
8930000008880,P-409727,Nuoc ngot Kinh Do tiet kiem,409000,255,Ke B4-09,834,2026-08-11
8930000008881,P-514664,Nuoc mam Aquafina cao cap,500000,210,Ke B3-07,246,2026-08-10
8930000008882,P-557309,Nuoc tuong Nescafe chai 1L,142000,202,Ke K3-01,291,2026-08-23
8930000008883,P-834233,Dau goi Oishi chai 1L,5000,217,Ke C5-06,233,2026-08-15
8930000008884,P-626199,Nuoc xa Comfort loc 4 hop,312000,92,Ke I1-09,981,2026-08-04
8930000008885,P-567576,Mi goi OMO tiet kiem,40000,108,Ke G2-06,788,2026-08-28
8930000008886,P-378082,Tuong ot Hao Hao it duong,127000,65,Ke B2-08,763,2026-09-27
8930000008887,P-341296,Sua tam Clear tiet kiem,149000,168,Ke E4-09,808,2026-09-07
8930000008888,P-699929,Gia vi Clear cao cap,293000,15,Ke E5-08,621,2026-09-22
8930000008889,P-112439,Sua tuoi Simply huong vi tu nhien,377000,112,Ke D4-02,414,2026-09-24
8930000008890,P-791691,Nuoc lau san Lavie truyen thong,3000,87,Ke J4-07,449,2026-09-27
8930000008891,P-930555,Sua tam Tuong An loc 4 hop,436000,8,Ke J2-01,718,2026-08-24
8930000008892,P-469082,Nuoc xa Sting chai 1L,434000,49,Ke E1-07,599,2026-09-14
8930000008893,P-565330,Dau goi Vinamilk huong vi tu nhien,179000,150,Ke C5-07,220,2026-08-20
8930000008894,P-958136,Nuoc xa Tuong An huong vi tu nhien,421000,290,Ke I3-02,453,2026-08-25
8930000008895,P-156778,Nuoc suoi Knorr loc 4 hop,495000,43,Ke D5-09,858,2026-09-17
8930000008896,P-422554,Snack Nescafe cao cap,95000,130,Ke K3-06,148,2026-08-14
8930000008897,P-772561,Hat nem Sting it duong,128000,279,Ke A4-02,507,2026-08-03
8930000008898,P-297816,Khan giay Lay's goi 85g,291000,27,Ke E2-09,710,2026-09-22
8930000008899,P-322652,Banh quy Vinamilk chai 1L,113000,60,Ke A3-06,28,2026-08-05
8930000008900,P-444056,Dau goi Hao Hao loc 4 hop,5000,139,Ke I4-09,478,2026-09-19
8930000008901,P-855855,Sua tam Lay's huong vi tu nhien,249000,128,Ke D5-03,819,2026-09-20
8930000008902,P-764170,Banh quy Lay's khong duong,30000,28,Ke J1-02,285,2026-07-18
8930000008903,P-861697,Nuoc lau san Lay's khong duong,62000,200,Ke I3-01,587,2026-07-30
8930000008904,P-896922,Khan giay Tuong An can 2L,321000,103,Ke J5-04,687,2026-08-15
8930000008905,P-640659,Nuoc suoi Maggi chai 1L,311000,10,Ke K4-02,14,2026-07-17
8930000008906,P-359409,Sua tam TH True Milk it duong,461000,124,Ke I2-03,699,2026-09-07
8930000008907,P-542983,Nuoc tuong Colgate truyen thong,87000,98,Ke D3-04,469,2026-08-24
8930000008908,P-599380,Snack Closeup can 2L,72000,243,Ke A3-03,772,2026-07-14
8930000008909,P-423401,Snack Vinamilk cao cap,36000,283,Ke K5-08,155,2026-09-28
8930000008910,P-165914,Sua tam Lay's chai 1L,187000,230,Ke H4-08,965,2026-08-05
8930000008911,P-398916,Nuoc tuong Barona tiet kiem,261000,246,Ke B2-01,524,2026-07-15
8930000008912,P-546173,Nuoc suoi Comfort goi 85g,110000,259,Ke C1-01,401,2026-07-05
8930000008913,P-347428,Sua tam Nam Ngu khong duong,319000,176,Ke G5-09,384,2026-08-19
8930000008914,P-599968,Nuoc giat Knorr goi 85g,485000,129,Ke G4-01,441,2026-09-25
8930000008915,P-287316,Gia vi Lifebuoy truyen thong,256000,188,Ke A1-04,536,2026-09-24
8930000008916,P-613358,Ca phe Colgate huong vi tu nhien,134000,109,Ke I5-01,90,2026-08-19
8930000008917,P-109330,Tuong ot Kinh Do chai 500ml,496000,8,Ke A3-09,215,2026-08-17
8930000008918,P-348636,Tuong ot Knorr truyen thong,280000,169,Ke K5-05,804,2026-09-10
8930000008919,P-442027,Snack Lavie chai 1L,38000,146,Ke B4-09,308,2026-09-06
8930000008920,P-690996,Nuoc giat Coca Cola huong vi tu nhien,53000,272,Ke D2-06,489,2026-07-09
8930000008921,P-898975,Gia vi G7 dam da,497000,201,Ke J3-04,660,2026-08-18
8930000008922,P-331780,Dau an Tuong An cao cap,374000,213,Ke J2-07,52,2026-08-31
8930000008923,P-684041,Nuoc mam Lavie hop 200g,480000,15,Ke E1-02,629,2026-09-03
8930000008924,P-737967,Gia vi OMO chai 500ml,375000,291,Ke J5-02,723,2026-07-30
8930000008925,P-890170,Ca phe Simply truyen thong,98000,148,Ke E3-08,728,2026-08-25
8930000008926,P-355021,Hat nem Knorr cao cap,96000,166,Ke J3-02,161,2026-09-14
8930000008927,P-367095,Nuoc tuong Coca Cola tiet kiem,301000,175,Ke C5-04,895,2026-07-15
8930000008928,P-472640,Nuoc lau san Chin-su dam da,28000,227,Ke C5-07,565,2026-08-20
8930000008929,P-629678,Dau an Hao Hao cao cap,24000,25,Ke H2-06,610,2026-09-29
8930000008930,P-173832,Mi goi Nam Ngu khong duong,378000,185,Ke H1-05,293,2026-09-23
8930000008931,P-573866,Nuoc suoi G7 khong duong,79000,147,Ke D1-03,901,2026-08-21
8930000008932,P-401659,Khan giay Lavie goi 85g,270000,290,Ke F3-08,213,2026-07-19
8930000008933,P-543143,Hat nem Lay's can 2L,139000,91,Ke K4-01,556,2026-08-19
8930000008934,P-412687,Kem danh rang TH True Milk khong duong,342000,206,Ke C3-02,272,2026-07-09
8930000008935,P-959099,Hat nem Comfort tiet kiem,165000,116,Ke J3-06,417,2026-07-18
8930000008936,P-634160,Nuoc ngot Sting khong duong,488000,12,Ke H1-04,445,2026-07-06
8930000008937,P-752878,Nuoc xa Lay's goi 85g,423000,262,Ke J2-08,198,2026-08-15
8930000008938,P-650916,Hat nem Maggi huong vi tu nhien,52000,181,Ke K2-08,939,2026-08-03
8930000008939,P-615827,Tuong ot Sting loc 4 hop,370000,282,Ke B1-09,308,2026-08-29
8930000008940,P-674122,Nuoc tuong Red Bull goi 85g,299000,13,Ke F2-02,555,2026-08-28
8930000008941,P-314447,Ca phe TH True Milk hop 200g,14000,36,Ke C3-06,951,2026-07-29
8930000008942,P-405759,Nuoc giat G7 khong duong,168000,242,Ke D1-04,22,2026-09-11
8930000008943,P-830917,Nuoc mam Sunlight tiet kiem,18000,123,Ke H2-06,308,2026-09-28
8930000008944,P-748410,Kem danh rang Colgate it duong,105000,134,Ke A1-07,284,2026-07-08
8930000008945,P-380345,Nuoc giat Nescafe truyen thong,187000,36,Ke G1-04,202,2026-08-01
8930000008946,P-320800,Mi goi Lay's goi 85g,197000,185,Ke I3-02,21,2026-09-17
8930000008947,P-910074,Mi goi Comfort truyen thong,150000,210,Ke F3-09,914,2026-09-20
8930000008948,P-275445,Gia vi OMO tiet kiem,344000,110,Ke C2-01,809,2026-08-14
8930000008949,P-573417,Mi goi Aquafina khong duong,353000,167,Ke A1-02,448,2026-08-03
8930000008950,P-888539,Khan giay Barona goi 85g,367000,231,Ke J3-01,867,2026-08-26
8930000008951,P-975686,Nuoc giat Colgate truyen thong,19000,10,Ke G2-03,330,2026-09-28
8930000008952,P-648779,Mi goi Barona can 2L,419000,257,Ke F5-02,476,2026-07-08
8930000008953,P-321231,Ca phe OMO goi 85g,333000,24,Ke J2-04,867,2026-07-23
8930000008954,P-219169,Hat nem Pepsi huong vi tu nhien,361000,162,Ke K3-08,18,2026-08-05
8930000008955,P-258971,Sua tuoi Pepsi chai 1L,29000,188,Ke H5-07,917,2026-08-23
8930000008956,P-342495,Dau an Red Bull it duong,298000,290,Ke D1-02,163,2026-08-23
8930000008957,P-675210,Gia vi G7 khong duong,74000,48,Ke I5-09,459,2026-10-02
8930000008958,P-953025,Nuoc ngot Pepsi khong duong,352000,154,Ke K3-05,352,2026-09-24
8930000008959,P-606545,Dau goi Lay's chai 1L,45000,115,Ke H1-04,267,2026-09-30
8930000008960,P-272359,Nuoc tuong Closeup loc 4 hop,313000,248,Ke I3-04,124,2026-08-24
8930000008961,P-620509,Banh quy OMO khong duong,498000,238,Ke K3-04,576,2026-09-02
8930000008962,P-981578,Khan giay Lifebuoy dam da,441000,293,Ke B4-06,284,2026-08-24
8930000008963,P-879015,Gia vi Tuong An goi 85g,15000,215,Ke C1-06,817,2026-09-17
8930000008964,P-290217,Nuoc xa Lay's chai 500ml,259000,207,Ke A4-03,362,2026-09-26
8930000008965,P-427897,Khan giay Nam Ngu it duong,328000,117,Ke A2-01,830,2026-08-11
8930000008966,P-367931,Nuoc tuong Chin-su tiet kiem,75000,11,Ke F2-09,289,2026-08-21
8930000008967,P-933551,Nuoc mam Nescafe dam da,108000,133,Ke J4-09,324,2026-08-07
8930000008968,P-545807,Snack Sunlight khong duong,433000,119,Ke C4-07,87,2026-09-29
8930000008969,P-501779,Tuong ot Nescafe khong duong,60000,65,Ke I4-03,7,2026-08-24
8930000008970,P-907924,Banh quy Closeup khong duong,193000,168,Ke B2-01,900,2026-07-23
8930000008971,P-345180,Gia vi Lay's chai 1L,423000,93,Ke J3-03,801,2026-07-10
8930000008972,P-737846,Sua tam Knorr cao cap,316000,260,Ke H1-08,20,2026-09-06
8930000008973,P-456699,Ca phe Lavie chai 1L,92000,41,Ke F3-06,139,2026-08-02
8930000008974,P-223453,Nuoc suoi Omachi dam da,207000,296,Ke B5-06,776,2026-08-02
8930000008975,P-284160,Kem danh rang Comfort hop 200g,405000,160,Ke B5-01,256,2026-08-23
8930000008976,P-118786,Nuoc suoi Sunlight hop 200g,28000,227,Ke F3-08,538,2026-09-15
8930000008977,P-731894,Khan giay Omachi loc 4 hop,31000,261,Ke I4-07,412,2026-09-24
8930000008978,P-579187,Nuoc ngot Sunlight goi 85g,447000,232,Ke A1-08,275,2026-07-17
8930000008979,P-154944,Nuoc tuong Lay's tiet kiem,9000,11,Ke G1-09,40,2026-09-14
8930000008980,P-152062,Banh quy Barona it duong,61000,196,Ke F4-08,472,2026-08-24
8930000008981,P-681028,Nuoc mam Hao Hao chai 1L,103000,193,Ke J2-05,751,2026-08-29
8930000008982,P-948083,Ca phe Sunsilk chai 500ml,465000,19,Ke H4-06,313,2026-08-06
8930000008983,P-188914,Nuoc lau san Maggi goi 85g,298000,54,Ke F3-04,637,2026-07-27
8930000008984,P-643269,Gia vi Sting can 2L,486000,190,Ke K1-05,136,2026-08-24
8930000008985,P-633469,Nuoc lau san Vinamilk can 2L,383000,156,Ke C2-02,165,2026-10-03
8930000008986,P-466813,Tuong ot Sunsilk can 2L,383000,114,Ke G1-01,108,2026-08-26
8930000008987,P-746081,Snack Chin-su it duong,93000,130,Ke C5-02,776,2026-08-28
8930000008988,P-714015,Dau an Colgate huong vi tu nhien,138000,56,Ke H5-04,735,2026-07-22
8930000008989,P-462659,Snack Simply goi 85g,152000,103,Ke A4-02,706,2026-07-30
8930000008990,P-704677,Ca phe Pepsi chai 1L,8000,18,Ke D3-02,664,2026-08-30
8930000008991,P-362874,Khan giay TH True Milk cao cap,109000,116,Ke D1-04,582,2026-09-09
8930000008992,P-556839,Dau goi Clear huong vi tu nhien,467000,187,Ke H2-01,695,2026-08-07
8930000008993,P-562094,Tuong ot Kinh Do dam da,187000,216,Ke H4-03,955,2026-09-03
8930000008994,P-775885,Nuoc lau san Sunlight chai 1L,186000,277,Ke C4-04,969,2026-09-30
8930000008995,P-964915,Nuoc ngot Lifebuoy chai 1L,444000,44,Ke I1-04,35,2026-07-10
8930000008996,P-740524,Tuong ot G7 can 2L,418000,145,Ke C4-04,690,2026-08-28
8930000008997,P-871411,Sua tuoi Clear chai 500ml,153000,257,Ke F3-02,340,2026-07-11
8930000008998,P-988432,Dau goi Lay's goi 85g,118000,85,Ke C5-02,719,2026-07-25
8930000008999,P-579123,Mi goi Chin-su goi 85g,451000,8,Ke J1-02,479,2026-08-04
8930000009000,P-997594,Sua tuoi Kinh Do hop 200g,434000,274,Ke C4-08,661,2026-09-19
8930000009001,P-472932,Nuoc giat Oishi chai 500ml,210000,259,Ke I3-09,448,2026-08-14
8930000009002,P-812569,Sua tam Hao Hao khong duong,44000,235,Ke H3-05,318,2026-09-20
8930000009003,P-642752,Kem danh rang Comfort chai 1L,187000,235,Ke E2-08,913,2026-08-22
8930000009004,P-697717,Khan giay G7 khong duong,153000,277,Ke B2-03,947,2026-07-27
8930000009005,P-276299,Nuoc ngot G7 huong vi tu nhien,404000,53,Ke C5-06,360,2026-07-31
8930000009006,P-252386,Nuoc suoi Closeup loc 4 hop,165000,234,Ke D3-03,399,2026-08-31
8930000009007,P-837920,Banh quy OMO can 2L,58000,160,Ke K5-02,202,2026-09-20
8930000009008,P-757776,Banh quy Tuong An chai 1L,475000,195,Ke C4-05,56,2026-08-31
8930000009009,P-143182,Kem danh rang Pepsi loc 4 hop,167000,148,Ke D1-03,588,2026-09-26
8930000009010,P-605806,Hat nem G7 khong duong,219000,168,Ke B2-05,461,2026-09-10
8930000009011,P-479201,Gia vi Oishi khong duong,210000,119,Ke D4-01,924,2026-07-12
8930000009012,P-587274,Banh quy Lay's chai 500ml,65000,40,Ke D5-02,695,2026-09-10
8930000009013,P-190872,Dau an Omachi can 2L,371000,226,Ke B3-09,260,2026-09-14
8930000009014,P-829630,Kem danh rang Lifebuoy dam da,47000,282,Ke H3-03,161,2026-09-03
8930000009015,P-597635,Nuoc ngot Nescafe chai 500ml,262000,115,Ke B2-03,638,2026-08-03
8930000009016,P-317346,Kem danh rang Red Bull huong vi tu nhien,105000,154,Ke A5-08,874,2026-09-18
8930000009017,P-856648,Nuoc tuong Kinh Do loc 4 hop,426000,278,Ke F3-04,971,2026-08-13
8930000009018,P-540897,Dau an Colgate tiet kiem,228000,141,Ke I1-09,475,2026-09-09
8930000009019,P-875414,Nuoc ngot Red Bull truyen thong,286000,165,Ke C5-08,442,2026-08-27
8930000009020,P-207798,Nuoc mam Comfort goi 85g,132000,204,Ke I3-02,604,2026-09-14
8930000009021,P-520040,Dau goi Kinh Do can 2L,356000,185,Ke K5-07,852,2026-07-19
8930000009022,P-502491,Dau an Sting truyen thong,367000,150,Ke C5-01,849,2026-07-13
8930000009023,P-992083,Banh quy Simply hop 200g,438000,66,Ke G1-01,141,2026-07-30
8930000009024,P-848969,Mi goi Hao Hao dam da,487000,56,Ke H1-05,20,2026-08-27
8930000009025,P-100599,Nuoc xa Nescafe cao cap,339000,245,Ke D4-05,522,2026-09-27
8930000009026,P-236078,Kem danh rang Omachi dam da,374000,242,Ke A2-01,511,2026-09-03
8930000009027,P-867979,Gia vi Sunlight can 2L,396000,33,Ke K1-07,695,2026-09-04
8930000009028,P-495833,Nuoc ngot Pepsi khong duong,299000,166,Ke I1-01,850,2026-08-07
8930000009029,P-184643,Nuoc xa Hao Hao hop 200g,205000,258,Ke G4-05,67,2026-07-08
8930000009030,P-134985,Dau goi Coca Cola huong vi tu nhien,210000,141,Ke I3-09,696,2026-07-28
8930000009031,P-845652,Nuoc tuong Colgate loc 4 hop,405000,164,Ke E2-05,349,2026-09-26
8930000009032,P-258477,Nuoc suoi Clear hop 200g,385000,264,Ke I4-05,872,2026-08-19
8930000009033,P-729575,Hat nem G7 chai 1L,289000,154,Ke F1-03,426,2026-08-22
8930000009034,P-539740,Nuoc mam Red Bull chai 1L,218000,232,Ke D1-06,377,2026-09-11
8930000009035,P-776234,Snack Comfort loc 4 hop,50000,243,Ke I2-03,90,2026-09-23
8930000009036,P-649857,Dau an Coca Cola goi 85g,490000,60,Ke I4-09,379,2026-09-30
8930000009037,P-774225,Dau goi Nam Ngu loc 4 hop,169000,274,Ke K3-07,764,2026-07-07
8930000009038,P-739947,Gia vi Red Bull can 2L,35000,5,Ke E3-07,516,2026-07-25
8930000009039,P-695048,Nuoc mam Pepsi truyen thong,123000,159,Ke C3-03,210,2026-08-18
8930000009040,P-409963,Khan giay Chin-su goi 85g,450000,271,Ke K4-01,932,2026-10-01
8930000009041,P-436526,Snack Omachi chai 500ml,45000,112,Ke G2-08,942,2026-09-11
8930000009042,P-822689,Snack Nescafe chai 1L,63000,264,Ke C1-02,642,2026-09-01
8930000009043,P-186431,Sua tuoi Lifebuoy goi 85g,142000,261,Ke H3-03,422,2026-09-19
8930000009044,P-469844,Kem danh rang Colgate tiet kiem,162000,244,Ke B2-02,786,2026-08-16
8930000009045,P-930956,Dau an Red Bull chai 500ml,235000,103,Ke D2-01,25,2026-08-11
8930000009046,P-875584,Nuoc ngot Hao Hao cao cap,349000,119,Ke G5-06,956,2026-09-14
8930000009047,P-415076,Khan giay Lifebuoy cao cap,411000,245,Ke E5-01,172,2026-09-09
8930000009048,P-847006,Hat nem Colgate chai 500ml,84000,127,Ke F5-05,697,2026-08-17
8930000009049,P-523831,Khan giay Pepsi it duong,413000,290,Ke D5-05,400,2026-09-26
8930000009050,P-444061,Nuoc giat Knorr hop 200g,500000,41,Ke G5-09,870,2026-09-18
8930000009051,P-100177,Snack Lavie chai 500ml,226000,57,Ke D5-07,770,2026-07-06
8930000009052,P-811332,Banh quy OMO cao cap,162000,246,Ke K3-02,874,2026-07-14
8930000009053,P-908554,Sua tuoi Knorr khong duong,140000,75,Ke F5-05,402,2026-08-17
8930000009054,P-265649,Nuoc lau san Oishi hop 200g,110000,107,Ke D3-08,94,2026-08-07
8930000009055,P-597643,Sua tam Nescafe tiet kiem,367000,189,Ke D5-05,604,2026-07-17
8930000009056,P-610310,Nuoc suoi Vinamilk goi 85g,379000,143,Ke H4-03,480,2026-07-17
8930000009057,P-192295,Nuoc giat Omachi goi 85g,15000,76,Ke H4-02,304,2026-10-03
8930000009058,P-273565,Sua tuoi Sunlight cao cap,148000,197,Ke E1-09,509,2026-07-19
8930000009059,P-163029,Nuoc tuong Hao Hao can 2L,123000,226,Ke B5-09,345,2026-08-07
8930000009060,P-464663,Snack Omachi loc 4 hop,456000,191,Ke C1-07,299,2026-09-12
8930000009061,P-899649,Banh quy Lifebuoy dam da,59000,269,Ke A5-03,792,2026-07-08
8930000009062,P-177591,Khan giay Lavie loc 4 hop,325000,292,Ke K3-03,85,2026-09-23
8930000009063,P-360222,Dau an Hao Hao tiet kiem,358000,191,Ke J3-07,251,2026-09-09
8930000009064,P-426503,Hat nem Nescafe dam da,387000,247,Ke J5-05,151,2026-08-08
8930000009065,P-755455,Sua tam Barona hop 200g,467000,28,Ke B4-08,26,2026-08-16
8930000009066,P-688534,Khan giay Colgate huong vi tu nhien,356000,173,Ke D2-08,62,2026-07-08
8930000009067,P-766459,Nuoc ngot Lay's cao cap,123000,199,Ke D5-09,825,2026-07-07
8930000009068,P-408823,Sua tam Clear chai 500ml,473000,37,Ke E2-07,256,2026-08-09
8930000009069,P-498249,Nuoc mam Oishi chai 1L,368000,297,Ke A3-05,735,2026-08-21
8930000009070,P-498343,Nuoc mam Kinh Do hop 200g,23000,90,Ke G4-02,191,2026-08-24
8930000009071,P-197627,Nuoc tuong OMO loc 4 hop,8000,156,Ke H4-01,519,2026-07-11
8930000009072,P-831770,Hat nem OMO truyen thong,16000,229,Ke D3-05,430,2026-09-27
8930000009073,P-785197,Sua tuoi Clear can 2L,300000,240,Ke E1-08,807,2026-08-09
8930000009074,P-899281,Nuoc lau san Aquafina tiet kiem,198000,143,Ke E5-03,320,2026-08-21
8930000009075,P-483349,Gia vi Simply it duong,132000,277,Ke I4-06,315,2026-08-12
8930000009076,P-753518,Nuoc tuong TH True Milk huong vi tu nhien,67000,95,Ke A5-08,432,2026-08-29
8930000009077,P-896907,Dau goi Aquafina it duong,38000,259,Ke K3-06,579,2026-08-11
8930000009078,P-467663,Dau an Closeup cao cap,325000,247,Ke E2-04,237,2026-08-26
8930000009079,P-971733,Nuoc ngot Maggi khong duong,282000,128,Ke E2-08,23,2026-09-03
8930000009080,P-832409,Nuoc giat Lavie khong duong,203000,218,Ke I3-08,364,2026-09-04
8930000009081,P-484914,Khan giay Kinh Do chai 1L,332000,58,Ke D5-05,388,2026-07-25
8930000009082,P-184349,Khan giay Simply it duong,68000,252,Ke G4-02,385,2026-09-06
8930000009083,P-676820,Khan giay G7 loc 4 hop,271000,58,Ke B4-03,791,2026-09-14
8930000009084,P-154302,Snack Hao Hao khong duong,412000,171,Ke H3-09,121,2026-08-20
8930000009085,P-107568,Tuong ot Chin-su loc 4 hop,224000,31,Ke K4-04,619,2026-07-30
8930000009086,P-571228,Nuoc ngot Colgate goi 85g,5000,274,Ke F3-05,176,2026-09-29
8930000009087,P-966120,Dau goi Vinamilk hop 200g,324000,132,Ke J4-01,56,2026-07-05
8930000009088,P-721549,Nuoc xa Nescafe hop 200g,384000,137,Ke J2-06,786,2026-10-03
8930000009089,P-847581,Dau goi Hao Hao can 2L,235000,97,Ke D5-03,32,2026-08-06
8930000009090,P-314353,Kem danh rang Kinh Do dam da,125000,158,Ke I4-06,461,2026-07-20
8930000009091,P-769191,Sua tam Lifebuoy goi 85g,60000,11,Ke D2-01,140,2026-09-13
8930000009092,P-578621,Nuoc suoi Vinamilk dam da,252000,118,Ke K2-09,84,2026-08-24
8930000009093,P-675771,Khan giay Lifebuoy cao cap,471000,169,Ke E2-02,146,2026-08-31
8930000009094,P-130531,Sua tam Red Bull loc 4 hop,7000,7,Ke J3-01,307,2026-09-02
8930000009095,P-153045,Nuoc giat Nescafe dam da,447000,150,Ke B1-06,541,2026-08-05
8930000009096,P-541996,Hat nem Pepsi huong vi tu nhien,452000,216,Ke D3-01,380,2026-09-23
8930000009097,P-879794,Tuong ot TH True Milk huong vi tu nhien,181000,241,Ke C2-06,210,2026-09-10
8930000009098,P-428267,Nuoc giat Oishi dam da,262000,92,Ke D2-02,418,2026-08-02
8930000009099,P-406024,Nuoc ngot Pepsi khong duong,309000,217,Ke I1-08,793,2026-08-22
8930000009100,P-582732,Ca phe Nescafe dam da,150000,155,Ke C2-04,352,2026-09-14
8930000009101,P-945197,Nuoc ngot Lavie chai 1L,28000,77,Ke D2-05,903,2026-08-01
8930000009102,P-583507,Ca phe Barona chai 1L,489000,274,Ke H5-03,975,2026-08-01
8930000009103,P-887842,Mi goi Nescafe chai 500ml,184000,41,Ke D4-01,213,2026-07-06
8930000009104,P-956721,Kem danh rang Lifebuoy tiet kiem,380000,236,Ke J4-09,750,2026-10-01
8930000009105,P-640490,Nuoc tuong Red Bull goi 85g,327000,153,Ke B4-09,428,2026-08-04
8930000009106,P-393418,Khan giay Colgate tiet kiem,117000,115,Ke G5-04,584,2026-08-26
8930000009107,P-985049,Khan giay Oishi cao cap,171000,256,Ke C1-03,52,2026-09-07
8930000009108,P-688426,Snack Chin-su dam da,34000,159,Ke I1-02,850,2026-08-31
8930000009109,P-193826,Sua tam G7 cao cap,48000,129,Ke I5-04,249,2026-09-24
8930000009110,P-627335,Tuong ot G7 chai 1L,104000,152,Ke J2-04,811,2026-08-23
8930000009111,P-412938,Dau an Clear loc 4 hop,313000,105,Ke H1-01,931,2026-08-29
8930000009112,P-135466,Nuoc ngot Sting chai 1L,98000,289,Ke F1-01,255,2026-07-12
8930000009113,P-468900,Sua tuoi Barona tiet kiem,453000,41,Ke G3-01,756,2026-08-30
8930000009114,P-437902,Sua tuoi Simply hop 200g,360000,244,Ke K4-03,118,2026-09-19
8930000009115,P-423241,Nuoc lau san Barona goi 85g,13000,228,Ke J1-05,250,2026-07-31
8930000009116,P-234628,Gia vi Kinh Do dam da,158000,267,Ke C1-02,173,2026-10-03
8930000009117,P-775981,Dau goi Omachi loc 4 hop,480000,152,Ke B5-06,768,2026-10-01
8930000009118,P-400538,Mi goi Closeup chai 1L,402000,219,Ke E1-06,841,2026-10-01
8930000009119,P-468203,Khan giay Lay's chai 500ml,485000,258,Ke F4-09,846,2026-09-22
8930000009120,P-916558,Mi goi Colgate it duong,132000,118,Ke B3-04,853,2026-09-10
8930000009121,P-709303,Khan giay Simply dam da,135000,123,Ke J2-09,661,2026-09-14
8930000009122,P-743863,Nuoc mam Nam Ngu chai 500ml,363000,210,Ke D3-08,845,2026-09-12
8930000009123,P-399803,Sua tam Chin-su truyen thong,141000,232,Ke B5-04,585,2026-09-21
8930000009124,P-757711,Sua tam Lavie khong duong,230000,231,Ke D1-09,486,2026-07-06
8930000009125,P-431752,Dau an Closeup loc 4 hop,452000,10,Ke D4-05,537,2026-09-28
8930000009126,P-371222,Sua tuoi Maggi truyen thong,87000,186,Ke K3-01,441,2026-07-05
8930000009127,P-925618,Nuoc suoi Maggi truyen thong,492000,200,Ke K4-07,374,2026-09-25
8930000009128,P-299451,Nuoc xa Omachi can 2L,383000,260,Ke F2-03,591,2026-09-19
8930000009129,P-801534,Dau an Nam Ngu cao cap,199000,171,Ke F4-05,264,2026-09-20
8930000009130,P-883997,Nuoc suoi Oishi it duong,5000,20,Ke B3-01,223,2026-07-24
8930000009131,P-720928,Nuoc mam Tuong An huong vi tu nhien,124000,29,Ke J2-03,983,2026-07-09
8930000009132,P-390421,Nuoc lau san Simply tiet kiem,161000,108,Ke G3-05,378,2026-08-15
8930000009133,P-224052,Sua tam Nam Ngu huong vi tu nhien,306000,27,Ke G4-06,562,2026-09-27
8930000009134,P-331251,Ca phe Sunsilk hop 200g,141000,14,Ke G4-05,318,2026-08-12
8930000009135,P-579247,Kem danh rang Kinh Do chai 500ml,240000,53,Ke H5-03,711,2026-09-04
8930000009136,P-678443,Banh quy Vinamilk khong duong,272000,262,Ke D3-03,933,2026-07-27
8930000009137,P-171950,Nuoc suoi OMO loc 4 hop,172000,172,Ke A4-05,861,2026-07-13
8930000009138,P-537020,Nuoc mam Comfort hop 200g,350000,268,Ke C5-01,200,2026-08-02
8930000009139,P-389039,Gia vi Closeup loc 4 hop,140000,20,Ke A1-02,3,2026-08-22
8930000009140,P-666836,Sua tam G7 hop 200g,480000,252,Ke H5-01,229,2026-08-09
8930000009141,P-700056,Nuoc suoi Maggi hop 200g,195000,160,Ke E2-03,855,2026-09-19
8930000009142,P-722656,Dau goi Oishi chai 1L,428000,272,Ke J2-09,442,2026-07-23
8930000009143,P-865388,Nuoc xa Oishi tiet kiem,235000,124,Ke E5-06,634,2026-08-09
8930000009144,P-838083,Tuong ot Sunlight chai 500ml,245000,69,Ke C2-02,323,2026-09-17
8930000009145,P-571932,Dau goi TH True Milk chai 500ml,355000,239,Ke J3-09,70,2026-08-24
8930000009146,P-440544,Nuoc giat Lavie goi 85g,64000,17,Ke A1-06,314,2026-08-25
8930000009147,P-888734,Nuoc giat Aquafina dam da,94000,138,Ke F4-04,488,2026-07-09
8930000009148,P-719446,Gia vi Lifebuoy goi 85g,140000,266,Ke A1-03,821,2026-10-03
8930000009149,P-202018,Hat nem Chin-su goi 85g,256000,31,Ke H5-07,731,2026-09-25
8930000009150,P-154581,Nuoc xa G7 truyen thong,450000,125,Ke C2-06,681,2026-09-26
8930000009151,P-282294,Khan giay Lifebuoy dam da,405000,193,Ke F4-04,162,2026-09-11
8930000009152,P-148159,Dau an Chin-su it duong,362000,74,Ke G1-02,464,2026-08-19
8930000009153,P-419348,Ca phe Omachi chai 1L,322000,276,Ke I2-03,61,2026-07-17
8930000009154,P-838857,Gia vi Comfort cao cap,43000,74,Ke E2-04,318,2026-07-25
8930000009155,P-396567,Tuong ot Colgate hop 200g,334000,24,Ke G1-09,277,2026-08-22
8930000009156,P-777558,Dau goi Lifebuoy truyen thong,250000,78,Ke H5-06,491,2026-09-08
8930000009157,P-197251,Sua tuoi Omachi truyen thong,482000,112,Ke K5-05,570,2026-08-27
8930000009158,P-264951,Nuoc xa Lifebuoy can 2L,43000,142,Ke G4-04,210,2026-07-13
8930000009159,P-896028,Gia vi Clear truyen thong,27000,83,Ke B2-08,40,2026-09-19
8930000009160,P-780714,Nuoc lau san Nam Ngu khong duong,251000,139,Ke A2-02,447,2026-07-20
8930000009161,P-301863,Ca phe Colgate truyen thong,247000,142,Ke D3-02,551,2026-07-28
8930000009162,P-580921,Nuoc ngot Sunsilk tiet kiem,187000,233,Ke K4-06,998,2026-09-23
8930000009163,P-280616,Kem danh rang Maggi huong vi tu nhien,75000,54,Ke I4-05,946,2026-08-21
8930000009164,P-810446,Khan giay Nescafe khong duong,47000,299,Ke E1-06,86,2026-08-04
8930000009165,P-562721,Sua tam Sunsilk it duong,264000,214,Ke B5-01,561,2026-08-20
8930000009166,P-119281,Ca phe Barona huong vi tu nhien,325000,119,Ke A2-03,1000,2026-08-19
8930000009167,P-216276,Hat nem Aquafina chai 500ml,171000,189,Ke D5-08,185,2026-10-02
8930000009168,P-927564,Snack Comfort chai 1L,11000,6,Ke K4-05,870,2026-09-16
8930000009169,P-761393,Sua tuoi Lay's khong duong,439000,77,Ke F5-08,828,2026-09-02
8930000009170,P-672079,Khan giay Comfort chai 1L,240000,29,Ke H1-01,398,2026-07-05
8930000009171,P-565230,Sua tuoi Barona dam da,383000,48,Ke D1-04,139,2026-09-13
8930000009172,P-780999,Tuong ot Closeup khong duong,130000,186,Ke E2-04,704,2026-08-01
8930000009173,P-841666,Nuoc suoi Lavie it duong,422000,225,Ke F4-01,809,2026-09-16
8930000009174,P-106182,Dau goi Red Bull truyen thong,162000,56,Ke C1-07,225,2026-07-30
8930000009175,P-149261,Nuoc mam Tuong An chai 500ml,301000,200,Ke C2-04,934,2026-07-16
8930000009176,P-851606,Nuoc xa Omachi loc 4 hop,356000,280,Ke E2-07,740,2026-07-06
8930000009177,P-745073,Banh quy Lay's hop 200g,197000,32,Ke H5-04,594,2026-09-23
8930000009178,P-563516,Sua tuoi Aquafina dam da,183000,20,Ke H1-01,959,2026-07-28
8930000009179,P-204998,Mi goi Pepsi tiet kiem,426000,194,Ke D3-09,370,2026-07-11
8930000009180,P-186345,Mi goi Sunsilk chai 500ml,332000,107,Ke K2-01,731,2026-07-17
8930000009181,P-689648,Nuoc mam Nescafe it duong,337000,195,Ke D3-03,666,2026-08-29
8930000009182,P-202365,Khan giay Lavie huong vi tu nhien,363000,45,Ke F2-09,984,2026-10-02
8930000009183,P-140115,Banh quy Clear tiet kiem,216000,139,Ke I4-02,974,2026-07-15
8930000009184,P-484150,Snack Sting cao cap,236000,113,Ke K2-05,412,2026-07-05
8930000009185,P-965814,Khan giay Colgate chai 1L,355000,141,Ke J2-09,941,2026-07-20
8930000009186,P-971002,Sua tam Nam Ngu tiet kiem,273000,293,Ke J4-09,11,2026-09-20
8930000009187,P-686464,Nuoc mam Lifebuoy chai 1L,196000,296,Ke J2-01,34,2026-08-24
8930000009188,P-297062,Ca phe Sting chai 1L,146000,91,Ke E5-05,314,2026-09-15
8930000009189,P-549112,Nuoc tuong Chin-su goi 85g,49000,268,Ke D2-06,372,2026-09-23
8930000009190,P-932794,Nuoc mam Coca Cola chai 1L,407000,38,Ke H5-03,862,2026-08-08
8930000009191,P-250703,Nuoc mam Lay's can 2L,444000,99,Ke B2-07,630,2026-07-07
8930000009192,P-819368,Sua tuoi Nescafe chai 1L,222000,14,Ke C2-07,234,2026-09-24
8930000009193,P-689107,Sua tam Aquafina huong vi tu nhien,62000,97,Ke E1-05,680,2026-10-02
8930000009194,P-330646,Tuong ot Knorr dam da,457000,250,Ke G1-08,116,2026-09-08
8930000009195,P-921533,Nuoc xa Red Bull can 2L,434000,115,Ke I4-05,22,2026-08-31
8930000009196,P-776913,Nuoc giat Comfort huong vi tu nhien,142000,82,Ke A5-07,820,2026-08-13
8930000009197,P-590795,Ca phe Red Bull truyen thong,274000,219,Ke D3-05,255,2026-10-02
8930000009198,P-320392,Mi goi OMO khong duong,69000,203,Ke J3-02,332,2026-09-02
8930000009199,P-292401,Snack Tuong An it duong,65000,263,Ke H1-06,770,2026-09-28
8930000009200,P-177558,Khan giay Nescafe khong duong,466000,80,Ke B4-03,740,2026-08-17
8930000009201,P-889460,Khan giay Sunlight it duong,91000,97,Ke E1-09,859,2026-08-27
8930000009202,P-203225,Sua tuoi Maggi cao cap,257000,155,Ke J2-09,248,2026-08-31
8930000009203,P-535037,Mi goi Pepsi khong duong,453000,129,Ke C3-03,522,2026-08-01
8930000009204,P-707040,Nuoc suoi Knorr huong vi tu nhien,74000,296,Ke B2-04,139,2026-09-14
8930000009205,P-907451,Nuoc xa Pepsi huong vi tu nhien,444000,110,Ke J2-02,576,2026-09-20
8930000009206,P-877948,Sua tam OMO chai 500ml,259000,24,Ke G3-04,927,2026-07-15
8930000009207,P-341099,Nuoc lau san Aquafina tiet kiem,172000,37,Ke C5-09,434,2026-08-13
8930000009208,P-354655,Hat nem Sunlight dam da,267000,20,Ke F5-04,820,2026-10-02
8930000009209,P-716886,Khan giay Sting chai 1L,302000,19,Ke K3-07,204,2026-08-24
8930000009210,P-566686,Sua tuoi Red Bull can 2L,122000,60,Ke I5-06,909,2026-07-16
8930000009211,P-194952,Hat nem Sunlight can 2L,238000,190,Ke D2-06,609,2026-07-10
8930000009212,P-855408,Nuoc suoi Colgate huong vi tu nhien,294000,166,Ke K2-04,931,2026-09-12
8930000009213,P-156157,Nuoc suoi Closeup cao cap,381000,131,Ke D3-01,402,2026-07-22
8930000009214,P-152657,Nuoc lau san Sunsilk loc 4 hop,445000,160,Ke D2-09,634,2026-10-01
8930000009215,P-426858,Nuoc mam Lavie loc 4 hop,258000,50,Ke K2-08,998,2026-07-26
8930000009216,P-442622,Sua tuoi Comfort tiet kiem,204000,198,Ke E3-09,373,2026-07-13
8930000009217,P-334865,Sua tam OMO can 2L,408000,285,Ke G5-03,407,2026-07-31
8930000009218,P-564478,Kem danh rang Lifebuoy chai 500ml,59000,80,Ke H1-02,105,2026-07-28
8930000009219,P-413833,Tuong ot Pepsi huong vi tu nhien,205000,120,Ke H1-06,344,2026-08-25
8930000009220,P-853681,Kem danh rang Pepsi truyen thong,175000,58,Ke F3-02,857,2026-08-29
8930000009221,P-109231,Nuoc mam Barona it duong,360000,280,Ke G1-05,322,2026-10-01
8930000009222,P-764693,Khan giay Knorr dam da,118000,289,Ke C2-06,790,2026-07-30
8930000009223,P-957710,Mi goi Tuong An truyen thong,20000,48,Ke K1-02,687,2026-09-18
8930000009224,P-741780,Gia vi Vinamilk chai 500ml,20000,159,Ke E2-09,104,2026-08-11
8930000009225,P-434198,Ca phe Lavie goi 85g,355000,22,Ke K5-02,35,2026-07-14
8930000009226,P-641590,Dau goi Lifebuoy it duong,468000,174,Ke F1-08,800,2026-09-15
8930000009227,P-377238,Dau goi Nam Ngu loc 4 hop,365000,144,Ke F3-07,380,2026-07-25
8930000009228,P-461076,Nuoc mam Knorr can 2L,216000,290,Ke C3-09,877,2026-09-01
8930000009229,P-644676,Kem danh rang Oishi can 2L,71000,81,Ke A3-01,123,2026-07-08
8930000009230,P-808340,Mi goi Coca Cola huong vi tu nhien,14000,76,Ke G5-05,690,2026-07-21
8930000009231,P-350484,Sua tam Red Bull can 2L,452000,258,Ke G1-03,48,2026-09-17
8930000009232,P-475911,Gia vi Comfort can 2L,208000,131,Ke H4-06,355,2026-08-18
8930000009233,P-479580,Nuoc giat Lay's loc 4 hop,373000,123,Ke B5-04,871,2026-08-15
8930000009234,P-638009,Dau goi Sting dam da,49000,209,Ke C3-04,343,2026-09-11
8930000009235,P-380310,Dau an Lay's it duong,500000,291,Ke G2-02,549,2026-08-04
8930000009236,P-466566,Gia vi Nam Ngu cao cap,382000,244,Ke F5-04,640,2026-08-06
8930000009237,P-786406,Dau an Red Bull chai 500ml,497000,55,Ke D1-06,532,2026-08-16
8930000009238,P-215830,Dau an Sunlight huong vi tu nhien,244000,42,Ke D5-05,487,2026-07-10
8930000009239,P-625387,Nuoc giat Closeup goi 85g,175000,158,Ke K1-08,599,2026-08-31
8930000009240,P-241176,Kem danh rang Simply hop 200g,111000,145,Ke B1-03,972,2026-09-06
8930000009241,P-885478,Sua tam Knorr chai 1L,357000,97,Ke K5-06,50,2026-08-16
8930000009242,P-409698,Gia vi Coca Cola can 2L,355000,84,Ke A4-05,471,2026-08-25
8930000009243,P-624563,Sua tuoi Lifebuoy chai 500ml,192000,13,Ke D4-06,12,2026-09-18
8930000009244,P-831063,Sua tam Vinamilk chai 500ml,189000,255,Ke A3-08,520,2026-08-07
8930000009245,P-218972,Mi goi Barona khong duong,121000,250,Ke C5-08,724,2026-09-03
8930000009246,P-891401,Kem danh rang Red Bull chai 1L,429000,270,Ke F4-05,155,2026-07-16
8930000009247,P-746154,Sua tam Aquafina it duong,390000,36,Ke J3-05,482,2026-09-23
8930000009248,P-233096,Nuoc xa Lifebuoy can 2L,413000,134,Ke B4-09,432,2026-08-02
8930000009249,P-835570,Ca phe Lifebuoy loc 4 hop,272000,294,Ke J4-02,706,2026-08-21
8930000009250,P-138399,Nuoc ngot Closeup cao cap,224000,12,Ke A5-01,260,2026-08-28
8930000009251,P-710169,Tuong ot Aquafina truyen thong,277000,121,Ke F1-01,48,2026-08-11
8930000009252,P-404598,Nuoc xa TH True Milk tiet kiem,476000,233,Ke K4-01,252,2026-07-08
8930000009253,P-539976,Nuoc suoi Sunsilk chai 500ml,116000,14,Ke A4-04,287,2026-09-22
8930000009254,P-148215,Kem danh rang Omachi can 2L,144000,83,Ke B2-09,124,2026-09-02
8930000009255,P-308727,Tuong ot TH True Milk hop 200g,494000,156,Ke D5-01,122,2026-07-25
8930000009256,P-148693,Banh quy Nescafe can 2L,450000,185,Ke D4-05,109,2026-09-11
8930000009257,P-692099,Sua tam Vinamilk huong vi tu nhien,478000,87,Ke G4-05,350,2026-07-08
8930000009258,P-793150,Nuoc lau san Coca Cola dam da,424000,272,Ke J3-03,774,2026-09-30
8930000009259,P-682765,Dau goi Omachi loc 4 hop,277000,278,Ke H5-03,908,2026-07-10
8930000009260,P-658198,Sua tuoi Comfort khong duong,387000,292,Ke C3-04,796,2026-08-10
8930000009261,P-163386,Kem danh rang OMO chai 500ml,79000,84,Ke A3-04,829,2026-07-27
8930000009262,P-208975,Ca phe Sunlight goi 85g,34000,124,Ke A2-06,104,2026-08-20
8930000009263,P-986438,Nuoc giat Sunsilk dam da,203000,37,Ke J3-05,419,2026-08-06
8930000009264,P-344316,Dau an Nam Ngu hop 200g,10000,152,Ke E1-09,375,2026-07-08
8930000009265,P-311469,Banh quy Sting dam da,427000,44,Ke D5-04,859,2026-07-12
8930000009266,P-964607,Kem danh rang Kinh Do loc 4 hop,226000,131,Ke F3-08,409,2026-08-17
8930000009267,P-260097,Nuoc tuong Tuong An goi 85g,358000,288,Ke F3-08,418,2026-09-11
8930000009268,P-133875,Sua tuoi Pepsi hop 200g,425000,123,Ke K3-09,898,2026-08-15
8930000009269,P-883159,Nuoc xa Nam Ngu can 2L,11000,99,Ke B5-08,401,2026-09-18
8930000009270,P-124223,Nuoc xa Comfort loc 4 hop,105000,75,Ke G3-02,492,2026-09-13
8930000009271,P-663996,Nuoc mam Aquafina chai 500ml,64000,154,Ke F5-09,336,2026-10-01
8930000009272,P-833247,Nuoc ngot Nescafe khong duong,302000,296,Ke A5-02,10,2026-09-20
8930000009273,P-163156,Banh quy Chin-su chai 1L,128000,25,Ke A1-01,458,2026-09-04
8930000009274,P-958747,Gia vi Tuong An goi 85g,390000,290,Ke D3-01,882,2026-09-06
8930000009275,P-352415,Khan giay TH True Milk chai 1L,349000,5,Ke H4-02,926,2026-07-27
8930000009276,P-560905,Nuoc giat Chin-su tiet kiem,453000,253,Ke A2-05,321,2026-09-26
8930000009277,P-634273,Kem danh rang Nescafe tiet kiem,325000,262,Ke C1-03,256,2026-09-01
8930000009278,P-275526,Dau goi Closeup tiet kiem,304000,150,Ke K2-08,297,2026-09-10
8930000009279,P-708979,Dau an Lavie can 2L,254000,266,Ke D1-05,877,2026-07-13
8930000009280,P-942700,Dau an Hao Hao loc 4 hop,167000,109,Ke I2-04,245,2026-09-12
8930000009281,P-666211,Mi goi Nam Ngu truyen thong,455000,23,Ke B5-04,562,2026-08-15
8930000009282,P-928766,Nuoc lau san Sunsilk khong duong,72000,208,Ke H2-04,351,2026-08-11
8930000009283,P-606109,Nuoc ngot Kinh Do hop 200g,450000,152,Ke D4-02,289,2026-08-02
8930000009284,P-956835,Snack Coca Cola khong duong,303000,234,Ke I5-03,253,2026-08-19
8930000009285,P-906066,Snack Nam Ngu dam da,476000,277,Ke K3-05,894,2026-08-25
8930000009286,P-122827,Dau goi Lay's huong vi tu nhien,156000,268,Ke I2-06,401,2026-09-08
8930000009287,P-243790,Ca phe Red Bull dam da,419000,225,Ke I5-01,108,2026-08-04
8930000009288,P-115997,Nuoc giat Kinh Do huong vi tu nhien,495000,284,Ke G5-07,375,2026-08-31
8930000009289,P-974190,Banh quy Coca Cola chai 500ml,477000,18,Ke A2-04,378,2026-08-13
8930000009290,P-505341,Ca phe Sunsilk dam da,155000,22,Ke H4-02,860,2026-09-01
8930000009291,P-693643,Dau an Kinh Do truyen thong,14000,167,Ke E2-06,761,2026-09-23
8930000009292,P-236074,Tuong ot Sting dam da,262000,124,Ke E5-08,717,2026-07-21
8930000009293,P-767814,Gia vi Omachi tiet kiem,81000,57,Ke A5-01,451,2026-08-07
8930000009294,P-398911,Nuoc tuong Sunlight chai 500ml,458000,264,Ke F5-02,694,2026-07-17
8930000009295,P-773918,Nuoc mam G7 hop 200g,348000,81,Ke B4-07,855,2026-07-20
8930000009296,P-452909,Sua tam OMO huong vi tu nhien,482000,121,Ke I2-05,502,2026-07-28
8930000009297,P-377312,Sua tam Omachi chai 1L,143000,221,Ke B4-02,339,2026-07-12
8930000009298,P-203896,Banh quy Kinh Do goi 85g,213000,16,Ke F1-04,334,2026-09-29
8930000009299,P-229592,Khan giay Vinamilk cao cap,258000,278,Ke G1-02,714,2026-09-01
8930000009300,P-874661,Sua tuoi Closeup can 2L,223000,236,Ke A2-05,982,2026-07-11
8930000009301,P-176461,Nuoc giat Vinamilk huong vi tu nhien,262000,72,Ke G2-08,965,2026-08-26
8930000009302,P-209167,Sua tam OMO loc 4 hop,195000,82,Ke C3-01,657,2026-08-07
8930000009303,P-894586,Nuoc suoi Sting chai 1L,88000,52,Ke J5-04,965,2026-07-26
8930000009304,P-871476,Tuong ot Clear cao cap,166000,297,Ke D1-02,402,2026-07-31
8930000009305,P-178315,Nuoc suoi Oishi can 2L,34000,231,Ke B5-03,370,2026-08-03
8930000009306,P-676363,Snack Hao Hao dam da,237000,44,Ke E3-01,894,2026-09-09
8930000009307,P-238320,Ca phe Chin-su goi 85g,419000,238,Ke F4-08,206,2026-07-07
8930000009308,P-855944,Nuoc ngot Clear dam da,395000,29,Ke B4-07,394,2026-10-03
8930000009309,P-350967,Nuoc mam Sting hop 200g,49000,72,Ke G1-06,283,2026-09-29
8930000009310,P-642899,Khan giay G7 cao cap,190000,210,Ke J1-01,234,2026-07-20
8930000009311,P-970068,Tuong ot Knorr goi 85g,65000,34,Ke A2-04,319,2026-07-14
8930000009312,P-335729,Snack Nam Ngu tiet kiem,296000,101,Ke B4-05,738,2026-09-17
8930000009313,P-644932,Dau an Kinh Do chai 1L,188000,261,Ke B1-06,753,2026-08-03
8930000009314,P-893969,Gia vi Sunsilk dam da,483000,106,Ke G4-09,669,2026-07-19
8930000009315,P-440189,Snack Simply can 2L,313000,79,Ke I1-07,909,2026-09-03
8930000009316,P-339669,Khan giay Maggi chai 1L,345000,284,Ke C3-09,76,2026-08-01
8930000009317,P-299869,Nuoc mam Lay's can 2L,56000,116,Ke B1-06,761,2026-07-30
8930000009318,P-721894,Nuoc mam Lavie huong vi tu nhien,278000,154,Ke D3-03,95,2026-09-18
8930000009319,P-317413,Nuoc mam Hao Hao truyen thong,282000,98,Ke I5-03,601,2026-09-21
8930000009320,P-755993,Nuoc suoi Aquafina loc 4 hop,453000,244,Ke A3-05,935,2026-09-02
8930000009321,P-283785,Tuong ot Chin-su dam da,81000,169,Ke J3-05,196,2026-09-15
8930000009322,P-211834,Nuoc suoi Knorr truyen thong,113000,98,Ke C1-08,526,2026-07-12
8930000009323,P-475308,Nuoc ngot Comfort huong vi tu nhien,172000,20,Ke I5-09,709,2026-07-11
8930000009324,P-868844,Khan giay Lifebuoy loc 4 hop,377000,31,Ke I1-07,643,2026-08-05
8930000009325,P-594580,Nuoc mam Simply tiet kiem,112000,210,Ke J2-06,102,2026-09-28
8930000009326,P-571132,Nuoc giat Nam Ngu goi 85g,194000,37,Ke F2-05,643,2026-09-06
8930000009327,P-233636,Kem danh rang Pepsi can 2L,458000,151,Ke B3-05,914,2026-07-10
8930000009328,P-959340,Sua tuoi Maggi hop 200g,157000,219,Ke B4-05,376,2026-08-24
8930000009329,P-448354,Sua tam Nam Ngu tiet kiem,253000,289,Ke A1-09,496,2026-09-21
8930000009330,P-921861,Snack Kinh Do it duong,418000,9,Ke A4-04,303,2026-09-29
8930000009331,P-625721,Gia vi Pepsi tiet kiem,52000,94,Ke K5-03,386,2026-09-14
8930000009332,P-377203,Hat nem Sunsilk chai 1L,59000,283,Ke B3-08,607,2026-08-05
8930000009333,P-392227,Nuoc giat Pepsi loc 4 hop,476000,72,Ke D4-09,731,2026-07-31
8930000009334,P-447843,Snack TH True Milk can 2L,471000,293,Ke A3-08,383,2026-08-20
8930000009335,P-574760,Nuoc mam Nam Ngu tiet kiem,403000,9,Ke D2-06,647,2026-10-01
8930000009336,P-303322,Nuoc ngot Chin-su it duong,88000,296,Ke A1-02,771,2026-09-19
8930000009337,P-583214,Nuoc mam OMO loc 4 hop,317000,125,Ke E1-06,702,2026-07-31
8930000009338,P-692960,Dau an Omachi dam da,446000,90,Ke B3-02,105,2026-09-28
8930000009339,P-986850,Nuoc tuong Nescafe huong vi tu nhien,361000,282,Ke J3-01,397,2026-08-12
8930000009340,P-980764,Kem danh rang Lay's tiet kiem,363000,120,Ke F4-02,727,2026-08-30
8930000009341,P-977857,Banh quy Vinamilk goi 85g,373000,55,Ke E3-03,912,2026-07-13
8930000009342,P-600590,Nuoc tuong Coca Cola huong vi tu nhien,209000,279,Ke J2-02,495,2026-08-25
8930000009343,P-642717,Nuoc suoi Red Bull truyen thong,11000,251,Ke E5-06,177,2026-09-16
8930000009344,P-742818,Ca phe Lay's hop 200g,138000,284,Ke J4-07,911,2026-09-04
8930000009345,P-760458,Gia vi Hao Hao chai 1L,18000,29,Ke H4-05,84,2026-07-07
8930000009346,P-161585,Sua tam Lavie cao cap,288000,242,Ke A1-06,129,2026-07-16
8930000009347,P-834061,Kem danh rang TH True Milk tiet kiem,417000,218,Ke D3-05,112,2026-07-14
8930000009348,P-810091,Sua tam Sting goi 85g,325000,175,Ke D1-05,311,2026-08-24
8930000009349,P-431246,Dau goi Sting tiet kiem,455000,181,Ke K5-09,959,2026-07-08
8930000009350,P-486945,Mi goi Nescafe cao cap,426000,211,Ke D2-05,775,2026-09-07
8930000009351,P-352023,Tuong ot Lavie huong vi tu nhien,494000,279,Ke K3-02,890,2026-09-19
8930000009352,P-341736,Dau an Maggi can 2L,136000,267,Ke K1-07,146,2026-08-11
8930000009353,P-883300,Khan giay G7 chai 500ml,91000,17,Ke F4-07,7,2026-08-22
8930000009354,P-575755,Gia vi Oishi hop 200g,377000,104,Ke C1-08,786,2026-08-30
8930000009355,P-429119,Dau goi Aquafina chai 1L,108000,276,Ke C3-07,613,2026-09-28
8930000009356,P-395192,Nuoc mam Sunsilk goi 85g,230000,206,Ke B5-08,731,2026-08-12
8930000009357,P-166340,Nuoc tuong Kinh Do it duong,262000,293,Ke B1-03,662,2026-09-28
8930000009358,P-987826,Nuoc tuong Red Bull truyen thong,162000,21,Ke C5-04,857,2026-08-11
8930000009359,P-100301,Snack Colgate truyen thong,12000,26,Ke K2-02,624,2026-10-01
8930000009360,P-767033,Nuoc tuong Lavie can 2L,287000,289,Ke C3-09,277,2026-09-15
8930000009361,P-146542,Nuoc mam Vinamilk goi 85g,475000,198,Ke F2-01,464,2026-08-01
8930000009362,P-287654,Ca phe Comfort goi 85g,202000,29,Ke C3-07,915,2026-09-04
8930000009363,P-719284,Nuoc xa Comfort goi 85g,490000,52,Ke B4-01,700,2026-07-18
8930000009364,P-222629,Nuoc giat Omachi can 2L,127000,93,Ke K5-06,381,2026-08-01
8930000009365,P-401244,Nuoc giat Oishi can 2L,139000,289,Ke E1-09,369,2026-09-12
8930000009366,P-151706,Nuoc mam G7 chai 1L,47000,275,Ke C4-03,418,2026-10-03
8930000009367,P-107704,Dau goi Lavie can 2L,225000,265,Ke C5-07,481,2026-09-15
8930000009368,P-660814,Nuoc lau san Chin-su loc 4 hop,56000,241,Ke I4-09,944,2026-09-28
8930000009369,P-965938,Nuoc suoi Chin-su goi 85g,278000,255,Ke I5-03,335,2026-07-23
8930000009370,P-857750,Nuoc lau san Coca Cola can 2L,356000,84,Ke E1-06,295,2026-09-18
8930000009371,P-798359,Kem danh rang Red Bull dam da,246000,228,Ke C4-07,473,2026-09-11
8930000009372,P-858243,Nuoc tuong Oishi khong duong,187000,253,Ke G3-06,875,2026-08-21
8930000009373,P-245131,Mi goi Tuong An chai 1L,470000,189,Ke J5-09,234,2026-09-25
8930000009374,P-758309,Nuoc suoi Nam Ngu huong vi tu nhien,307000,181,Ke D2-02,554,2026-07-22
8930000009375,P-566732,Hat nem Hao Hao cao cap,188000,132,Ke A3-09,739,2026-08-16
8930000009376,P-268099,Kem danh rang Tuong An goi 85g,109000,123,Ke K5-09,45,2026-08-10
8930000009377,P-786594,Nuoc xa Hao Hao hop 200g,56000,257,Ke E2-06,967,2026-09-23
8930000009378,P-915749,Nuoc lau san Sunlight cao cap,221000,243,Ke F4-07,684,2026-08-04
8930000009379,P-690653,Nuoc ngot Comfort tiet kiem,234000,191,Ke C3-01,628,2026-08-06
8930000009380,P-382894,Kem danh rang G7 chai 1L,58000,131,Ke K5-04,280,2026-08-04
8930000009381,P-180685,Nuoc suoi Closeup cao cap,300000,191,Ke A1-05,313,2026-09-25
8930000009382,P-973846,Nuoc tuong Sunlight chai 500ml,326000,33,Ke A4-01,198,2026-10-02
8930000009383,P-952336,Nuoc xa Sunsilk cao cap,367000,270,Ke E2-07,238,2026-08-29
8930000009384,P-555791,Nuoc lau san Coca Cola dam da,168000,224,Ke F5-09,985,2026-08-04
8930000009385,P-778636,Khan giay OMO it duong,152000,20,Ke K3-09,402,2026-07-18
8930000009386,P-607157,Hat nem Nescafe truyen thong,138000,41,Ke D4-01,453,2026-07-29
8930000009387,P-989227,Nuoc xa Vinamilk it duong,445000,102,Ke A1-05,67,2026-09-19
8930000009388,P-718831,Nuoc lau san Omachi chai 1L,326000,33,Ke G1-07,540,2026-09-12
8930000009389,P-480303,Mi goi Red Bull hop 200g,228000,219,Ke E4-08,20,2026-08-21
8930000009390,P-500112,Nuoc xa OMO loc 4 hop,463000,91,Ke A3-01,662,2026-09-26
8930000009391,P-262230,Nuoc tuong TH True Milk huong vi tu nhien,493000,23,Ke B5-03,428,2026-10-03
8930000009392,P-558737,Dau goi Chin-su huong vi tu nhien,491000,65,Ke B5-01,810,2026-08-15
8930000009393,P-495397,Nuoc tuong Nescafe can 2L,455000,7,Ke J1-01,816,2026-08-25
8930000009394,P-339303,Nuoc mam Simply khong duong,490000,214,Ke K4-04,720,2026-08-29
8930000009395,P-148118,Kem danh rang Coca Cola loc 4 hop,176000,23,Ke K3-01,720,2026-08-03
8930000009396,P-237654,Gia vi Closeup loc 4 hop,414000,80,Ke K3-03,128,2026-10-02
8930000009397,P-437237,Nuoc mam Kinh Do it duong,322000,172,Ke C1-08,840,2026-08-12
8930000009398,P-108574,Nuoc suoi Closeup it duong,178000,295,Ke D2-06,430,2026-09-18
8930000009399,P-619920,Nuoc lau san OMO it duong,355000,245,Ke A1-06,464,2026-08-03
8930000009400,P-520286,Ca phe Knorr dam da,330000,220,Ke G2-02,293,2026-07-06
8930000009401,P-323788,Snack Clear hop 200g,266000,161,Ke K5-05,491,2026-07-13
8930000009402,P-926596,Mi goi Pepsi cao cap,388000,298,Ke D4-02,505,2026-07-09
8930000009403,P-755420,Snack Coca Cola goi 85g,90000,209,Ke I1-05,685,2026-09-19
8930000009404,P-160738,Kem danh rang Lavie cao cap,18000,49,Ke K3-06,895,2026-08-06
8930000009405,P-453894,Sua tuoi Vinamilk loc 4 hop,348000,13,Ke B4-04,656,2026-09-04
8930000009406,P-629996,Nuoc giat Lavie hop 200g,487000,51,Ke B2-09,640,2026-08-11
8930000009407,P-580718,Mi goi Simply dam da,393000,272,Ke I2-06,337,2026-08-07
8930000009408,P-434165,Banh quy Kinh Do chai 1L,17000,54,Ke G1-06,842,2026-07-22
8930000009409,P-606222,Ca phe Chin-su chai 500ml,357000,132,Ke F2-06,242,2026-08-07
8930000009410,P-349736,Sua tuoi Lay's loc 4 hop,82000,19,Ke G3-06,667,2026-07-11
8930000009411,P-493663,Nuoc suoi Tuong An huong vi tu nhien,284000,11,Ke J5-06,573,2026-07-18
8930000009412,P-389366,Dau an Colgate cao cap,268000,76,Ke B3-05,877,2026-07-21
8930000009413,P-779776,Sua tam Nam Ngu huong vi tu nhien,261000,125,Ke J4-08,140,2026-07-11
8930000009414,P-787923,Snack Hao Hao goi 85g,469000,261,Ke D2-09,977,2026-07-15
8930000009415,P-481760,Gia vi Lavie it duong,157000,45,Ke A2-07,230,2026-07-19
8930000009416,P-358494,Nuoc tuong Clear chai 1L,150000,117,Ke F3-05,607,2026-07-16
8930000009417,P-907788,Nuoc xa Vinamilk can 2L,176000,168,Ke E3-04,546,2026-07-26
8930000009418,P-587213,Nuoc mam Omachi it duong,334000,144,Ke A5-02,456,2026-09-29
8930000009419,P-202344,Nuoc lau san Lifebuoy hop 200g,167000,253,Ke E2-09,147,2026-08-10
8930000009420,P-105547,Nuoc xa G7 khong duong,289000,86,Ke H3-09,952,2026-08-07
8930000009421,P-355506,Dau goi G7 huong vi tu nhien,241000,299,Ke I1-01,857,2026-08-19
8930000009422,P-179062,Nuoc ngot Lifebuoy it duong,58000,162,Ke G5-03,595,2026-07-16
8930000009423,P-310026,Hat nem Nam Ngu cao cap,259000,197,Ke K2-05,366,2026-07-31
8930000009424,P-834815,Nuoc xa Chin-su it duong,199000,132,Ke K4-03,537,2026-08-22
8930000009425,P-373903,Nuoc lau san Knorr cao cap,410000,283,Ke B1-05,863,2026-08-17
8930000009426,P-394234,Nuoc xa Aquafina goi 85g,371000,240,Ke D5-07,961,2026-07-26
8930000009427,P-416061,Nuoc lau san Vinamilk chai 500ml,27000,239,Ke E3-02,126,2026-08-22
8930000009428,P-577461,Nuoc mam Knorr can 2L,420000,43,Ke I4-02,829,2026-10-01
8930000009429,P-443199,Banh quy Vinamilk tiet kiem,104000,5,Ke A2-06,675,2026-09-16
8930000009430,P-851470,Nuoc xa Lavie dam da,240000,93,Ke I4-04,131,2026-08-29
8930000009431,P-333086,Khan giay Knorr tiet kiem,433000,286,Ke H5-04,434,2026-09-29
8930000009432,P-230272,Banh quy Maggi khong duong,314000,263,Ke E3-06,750,2026-07-26
8930000009433,P-523533,Nuoc mam OMO goi 85g,39000,156,Ke G1-08,894,2026-09-12
8930000009434,P-904373,Nuoc xa Vinamilk dam da,287000,296,Ke B2-09,571,2026-08-01
8930000009435,P-313588,Dau an Hao Hao can 2L,348000,72,Ke K5-04,412,2026-10-03
8930000009436,P-595002,Sua tam Lay's chai 1L,219000,280,Ke I3-05,558,2026-08-01
8930000009437,P-677236,Gia vi Knorr hop 200g,127000,49,Ke H2-04,951,2026-09-16
8930000009438,P-560767,Dau an Vinamilk chai 1L,438000,94,Ke E5-01,474,2026-09-13
8930000009439,P-939756,Nuoc giat Knorr it duong,174000,266,Ke K3-07,584,2026-09-06
8930000009440,P-653306,Dau an G7 can 2L,383000,140,Ke D3-03,891,2026-09-27
8930000009441,P-842057,Snack Vinamilk khong duong,149000,33,Ke J1-06,42,2026-07-24
8930000009442,P-742198,Tuong ot Lifebuoy truyen thong,148000,183,Ke A2-08,830,2026-09-04
8930000009443,P-934883,Kem danh rang Vinamilk hop 200g,94000,201,Ke J2-06,714,2026-07-08
8930000009444,P-886553,Nuoc mam Pepsi dam da,244000,195,Ke B3-05,88,2026-07-29
8930000009445,P-923975,Nuoc tuong Colgate khong duong,456000,96,Ke K5-08,32,2026-09-26
8930000009446,P-139557,Dau an Kinh Do it duong,222000,50,Ke D5-03,213,2026-09-14
8930000009447,P-782139,Tuong ot Oishi cao cap,261000,232,Ke E3-06,97,2026-09-13
8930000009448,P-651640,Dau an Sting chai 1L,336000,6,Ke H5-07,439,2026-10-03
8930000009449,P-223654,Nuoc giat Barona truyen thong,209000,153,Ke E2-01,934,2026-08-06
8930000009450,P-118080,Banh quy Red Bull can 2L,55000,123,Ke K3-03,737,2026-09-03
8930000009451,P-529088,Hat nem Kinh Do khong duong,283000,261,Ke F1-02,520,2026-08-09
8930000009452,P-678856,Sua tuoi Aquafina loc 4 hop,68000,107,Ke B1-03,386,2026-09-16
8930000009453,P-247442,Kem danh rang Sunsilk can 2L,141000,267,Ke J3-07,411,2026-07-05
8930000009454,P-993140,Nuoc xa Knorr chai 1L,369000,171,Ke F1-06,462,2026-08-24
8930000009455,P-740255,Mi goi Oishi loc 4 hop,121000,135,Ke C3-05,513,2026-09-15
8930000009456,P-904771,Snack Closeup huong vi tu nhien,487000,279,Ke F1-02,369,2026-08-25
8930000009457,P-820426,Gia vi Barona loc 4 hop,233000,196,Ke A3-07,939,2026-08-17
8930000009458,P-359414,Tuong ot Tuong An khong duong,177000,158,Ke K2-03,778,2026-07-31
8930000009459,P-991884,Nuoc tuong Vinamilk cao cap,119000,83,Ke G1-03,583,2026-08-03
8930000009460,P-446290,Ca phe Sunsilk goi 85g,15000,170,Ke H5-07,708,2026-07-14
8930000009461,P-580233,Nuoc tuong Sting cao cap,423000,106,Ke D3-03,36,2026-09-21
8930000009462,P-780776,Nuoc lau san Nescafe hop 200g,235000,207,Ke B1-01,700,2026-07-19
8930000009463,P-859396,Nuoc giat Comfort chai 1L,105000,24,Ke C5-07,434,2026-07-13
8930000009464,P-599948,Kem danh rang Simply chai 500ml,362000,289,Ke B5-09,362,2026-08-05
8930000009465,P-741674,Khan giay Maggi dam da,339000,231,Ke C1-05,532,2026-08-13
8930000009466,P-447067,Nuoc tuong Nescafe khong duong,328000,125,Ke I3-06,123,2026-07-10
8930000009467,P-761249,Kem danh rang Hao Hao huong vi tu nhien,400000,130,Ke E4-07,448,2026-09-03
8930000009468,P-961530,Banh quy G7 goi 85g,484000,8,Ke E5-01,541,2026-09-22
8930000009469,P-786385,Nuoc mam Clear can 2L,397000,70,Ke H3-07,14,2026-09-28
8930000009470,P-281162,Mi goi Sunsilk dam da,48000,192,Ke G4-04,963,2026-07-15
8930000009471,P-935457,Nuoc ngot Clear tiet kiem,36000,18,Ke I3-09,379,2026-08-21
8930000009472,P-655550,Nuoc giat Lifebuoy hop 200g,334000,103,Ke J2-09,103,2026-09-15
8930000009473,P-563339,Nuoc suoi Vinamilk dam da,410000,151,Ke H4-07,596,2026-08-14
8930000009474,P-212608,Nuoc suoi Nescafe loc 4 hop,223000,49,Ke F5-02,27,2026-09-19
8930000009475,P-102973,Ca phe Lavie khong duong,473000,298,Ke H1-08,679,2026-09-08
8930000009476,P-470037,Sua tuoi Tuong An it duong,347000,55,Ke B2-09,875,2026-08-08
8930000009477,P-514798,Snack Vinamilk hop 200g,100000,42,Ke K1-07,731,2026-09-20
8930000009478,P-891645,Nuoc xa Simply chai 500ml,362000,181,Ke K5-08,125,2026-08-03
8930000009479,P-606743,Nuoc xa Sting khong duong,444000,63,Ke G4-05,60,2026-09-23
8930000009480,P-889660,Dau goi Chin-su chai 500ml,291000,180,Ke D3-06,275,2026-08-06
8930000009481,P-284019,Khan giay Sunsilk can 2L,74000,278,Ke K1-09,857,2026-07-19
8930000009482,P-869933,Tuong ot Red Bull khong duong,167000,299,Ke F4-02,401,2026-07-27
8930000009483,P-466749,Khan giay Comfort goi 85g,105000,259,Ke K3-01,108,2026-08-25
8930000009484,P-767782,Nuoc tuong Barona dam da,388000,28,Ke C4-01,768,2026-07-08
8930000009485,P-645007,Hat nem Coca Cola loc 4 hop,369000,212,Ke F4-07,69,2026-07-15
8930000009486,P-929130,Banh quy Aquafina khong duong,419000,260,Ke C2-08,835,2026-08-20
8930000009487,P-986589,Ca phe Barona it duong,465000,171,Ke E4-08,568,2026-07-08
8930000009488,P-742108,Banh quy Hao Hao chai 500ml,91000,225,Ke K1-08,303,2026-07-27
8930000009489,P-601776,Dau goi Oishi truyen thong,320000,115,Ke F5-09,192,2026-07-22
8930000009490,P-144748,Nuoc xa Clear goi 85g,389000,141,Ke H5-02,963,2026-07-08
8930000009491,P-439817,Dau goi Maggi chai 1L,493000,170,Ke J1-05,308,2026-08-31
8930000009492,P-805448,Kem danh rang Vinamilk tiet kiem,118000,96,Ke D1-03,269,2026-07-14
8930000009493,P-181644,Nuoc lau san Colgate truyen thong,292000,62,Ke E2-08,270,2026-09-17
8930000009494,P-525151,Snack G7 hop 200g,55000,189,Ke J4-06,306,2026-08-22
8930000009495,P-110644,Nuoc tuong Omachi tiet kiem,249000,116,Ke H2-01,264,2026-09-19
8930000009496,P-174703,Sua tam G7 tiet kiem,303000,107,Ke J3-03,272,2026-09-18
8930000009497,P-474314,Nuoc lau san Sunlight chai 500ml,480000,14,Ke E5-01,11,2026-08-15
8930000009498,P-876909,Sua tuoi Coca Cola can 2L,9000,274,Ke H4-03,274,2026-09-30
8930000009499,P-282480,Nuoc lau san Omachi goi 85g,113000,115,Ke K1-01,689,2026-07-22
8930000009500,P-576805,Nuoc mam Red Bull it duong,121000,271,Ke F2-09,914,2026-07-19
8930000009501,P-582662,Nuoc mam Sunlight chai 500ml,255000,17,Ke C4-08,161,2026-09-25
8930000009502,P-704570,Nuoc tuong Chin-su chai 500ml,253000,43,Ke F4-08,237,2026-09-18
8930000009503,P-441974,Nuoc xa Lavie it duong,409000,212,Ke D5-08,551,2026-08-16
8930000009504,P-988456,Khan giay TH True Milk it duong,204000,64,Ke I3-04,628,2026-08-12
8930000009505,P-837733,Nuoc tuong Chin-su khong duong,414000,268,Ke K2-04,421,2026-07-21
8930000009506,P-491794,Mi goi Oishi chai 500ml,228000,60,Ke H5-04,10,2026-09-27
8930000009507,P-802685,Tuong ot Vinamilk cao cap,191000,199,Ke E3-02,329,2026-07-25
8930000009508,P-913934,Khan giay Coca Cola goi 85g,299000,253,Ke E5-03,672,2026-07-26
8930000009509,P-693024,Nuoc giat Lavie cao cap,277000,111,Ke K2-02,559,2026-07-12
8930000009510,P-852715,Hat nem Closeup hop 200g,12000,71,Ke B3-08,245,2026-07-14
8930000009511,P-452161,Dau an Vinamilk goi 85g,492000,112,Ke G1-07,719,2026-09-10
8930000009512,P-235461,Dau an G7 can 2L,304000,152,Ke H2-02,995,2026-09-25
8930000009513,P-646230,Sua tuoi Oishi goi 85g,425000,70,Ke A3-09,850,2026-09-19
8930000009514,P-695225,Sua tam Hao Hao dam da,99000,132,Ke G2-09,562,2026-07-08
8930000009515,P-589131,Kem danh rang Red Bull tiet kiem,331000,36,Ke B3-09,767,2026-07-18
8930000009516,P-605904,Sua tam Red Bull dam da,294000,217,Ke F2-07,668,2026-09-03
8930000009517,P-394450,Sua tuoi Chin-su cao cap,430000,213,Ke G5-09,47,2026-09-07
8930000009518,P-356430,Dau an Colgate cao cap,229000,112,Ke J5-07,444,2026-08-15
8930000009519,P-929868,Nuoc mam Oishi huong vi tu nhien,298000,39,Ke D4-05,68,2026-09-13
8930000009520,P-428628,Nuoc tuong OMO it duong,371000,41,Ke K4-06,683,2026-08-16
8930000009521,P-330283,Nuoc xa Nam Ngu tiet kiem,498000,178,Ke A5-03,133,2026-07-07
8930000009522,P-197966,Sua tuoi Comfort truyen thong,143000,257,Ke K2-01,97,2026-07-20
8930000009523,P-615060,Dau an Tuong An hop 200g,347000,19,Ke H3-09,999,2026-07-28
8930000009524,P-963333,Nuoc mam Tuong An dam da,447000,285,Ke D2-06,429,2026-08-05
8930000009525,P-423026,Dau an Vinamilk can 2L,350000,37,Ke K5-01,111,2026-08-30
8930000009526,P-603787,Nuoc xa Simply truyen thong,144000,76,Ke H2-03,50,2026-07-29
8930000009527,P-302087,Gia vi OMO chai 500ml,278000,10,Ke J1-02,369,2026-09-24
8930000009528,P-778553,Nuoc giat Comfort loc 4 hop,342000,281,Ke J5-07,135,2026-09-17
8930000009529,P-781446,Sua tuoi Pepsi goi 85g,487000,219,Ke H2-07,281,2026-09-03
8930000009530,P-786224,Nuoc tuong Lay's loc 4 hop,35000,195,Ke C2-06,602,2026-07-29
8930000009531,P-738551,Nuoc mam Colgate huong vi tu nhien,450000,74,Ke J1-02,403,2026-08-13
8930000009532,P-968668,Kem danh rang Maggi dam da,188000,40,Ke H3-08,451,2026-09-13
8930000009533,P-860180,Hat nem Closeup loc 4 hop,110000,225,Ke G4-05,448,2026-07-16
8930000009534,P-662986,Nuoc lau san Closeup tiet kiem,339000,154,Ke K4-06,817,2026-07-12
8930000009535,P-704660,Sua tuoi Nam Ngu it duong,186000,14,Ke E4-09,796,2026-07-06
8930000009536,P-895242,Banh quy Lifebuoy dam da,167000,73,Ke H4-06,38,2026-07-16
8930000009537,P-195643,Dau goi TH True Milk it duong,21000,237,Ke F5-06,418,2026-07-18
8930000009538,P-715895,Tuong ot Comfort tiet kiem,359000,217,Ke D2-03,602,2026-07-16
8930000009539,P-692447,Nuoc ngot Lay's loc 4 hop,372000,177,Ke H4-04,664,2026-09-01
8930000009540,P-902903,Tuong ot Sunlight it duong,309000,259,Ke B2-04,423,2026-09-05
8930000009541,P-753534,Banh quy Pepsi dam da,313000,119,Ke H4-01,405,2026-09-18
8930000009542,P-604012,Khan giay G7 can 2L,448000,278,Ke A1-09,476,2026-07-09
8930000009543,P-531262,Mi goi Pepsi chai 1L,338000,296,Ke D3-02,56,2026-08-22
8930000009544,P-849421,Snack Coca Cola can 2L,394000,89,Ke E2-08,830,2026-08-29
8930000009545,P-763393,Dau an TH True Milk cao cap,335000,231,Ke I3-03,648,2026-08-05
8930000009546,P-539122,Nuoc ngot Sunsilk can 2L,479000,37,Ke D4-06,901,2026-08-13
8930000009547,P-822063,Ca phe Nescafe chai 1L,425000,230,Ke B3-04,422,2026-08-29
8930000009548,P-477214,Nuoc tuong Oishi it duong,434000,197,Ke B4-06,918,2026-07-19
8930000009549,P-192055,Sua tuoi Maggi goi 85g,265000,249,Ke A1-03,377,2026-09-20
8930000009550,P-832168,Nuoc lau san Nescafe khong duong,288000,61,Ke G1-03,769,2026-08-23
8930000009551,P-507475,Hat nem Simply loc 4 hop,152000,40,Ke B1-03,178,2026-09-29
8930000009552,P-950544,Mi goi Simply hop 200g,71000,41,Ke G1-03,152,2026-07-28
8930000009553,P-770593,Khan giay Barona it duong,237000,5,Ke J5-08,948,2026-09-11
8930000009554,P-437960,Sua tam Simply it duong,79000,294,Ke D2-01,923,2026-10-02
8930000009555,P-910208,Dau an OMO it duong,90000,282,Ke F2-02,144,2026-08-30
8930000009556,P-893612,Sua tuoi TH True Milk chai 1L,432000,75,Ke C3-02,494,2026-08-26
8930000009557,P-581395,Nuoc lau san Coca Cola huong vi tu nhien,14000,210,Ke E5-09,515,2026-09-13
8930000009558,P-549865,Nuoc suoi Sting truyen thong,225000,17,Ke K2-01,885,2026-09-11
8930000009559,P-305587,Nuoc giat Coca Cola hop 200g,365000,16,Ke E3-01,688,2026-07-24
8930000009560,P-955088,Nuoc mam Vinamilk cao cap,469000,91,Ke G5-03,468,2026-07-25
8930000009561,P-568349,Nuoc mam Comfort cao cap,319000,256,Ke C3-04,590,2026-07-28
8930000009562,P-323072,Tuong ot Lifebuoy can 2L,151000,166,Ke D4-05,53,2026-09-24
8930000009563,P-779414,Nuoc mam Coca Cola goi 85g,139000,23,Ke I3-07,299,2026-09-08
8930000009564,P-429657,Dau an Colgate huong vi tu nhien,213000,174,Ke J2-02,149,2026-08-31
8930000009565,P-515287,Nuoc lau san Simply tiet kiem,396000,277,Ke C4-01,399,2026-07-15
8930000009566,P-146177,Snack Sunsilk tiet kiem,158000,177,Ke H2-05,687,2026-07-24
8930000009567,P-211341,Snack Tuong An dam da,114000,74,Ke D4-07,959,2026-09-24
8930000009568,P-316916,Sua tam Chin-su chai 500ml,96000,119,Ke A5-02,611,2026-07-10
8930000009569,P-592984,Nuoc giat Nam Ngu cao cap,385000,103,Ke K3-05,341,2026-09-15
8930000009570,P-668471,Sua tuoi Tuong An chai 500ml,401000,80,Ke E2-01,362,2026-09-12
8930000009571,P-610856,Sua tam Closeup can 2L,106000,270,Ke K5-01,660,2026-08-07
8930000009572,P-391622,Dau goi Clear dam da,130000,66,Ke K5-08,718,2026-08-15
8930000009573,P-646428,Hat nem Closeup tiet kiem,342000,178,Ke E1-01,831,2026-09-12
8930000009574,P-996536,Dau an Vinamilk truyen thong,84000,227,Ke H5-09,814,2026-08-11
8930000009575,P-966582,Gia vi Aquafina dam da,83000,249,Ke A3-08,29,2026-09-13
8930000009576,P-977633,Nuoc xa Nam Ngu cao cap,13000,124,Ke I2-01,55,2026-10-02
8930000009577,P-916704,Banh quy Nam Ngu hop 200g,9000,50,Ke B1-09,50,2026-09-27
8930000009578,P-520172,Gia vi Chin-su goi 85g,456000,91,Ke B1-04,872,2026-07-26
8930000009579,P-590094,Nuoc lau san Red Bull goi 85g,56000,176,Ke B3-02,476,2026-07-31
8930000009580,P-991638,Gia vi Comfort khong duong,220000,192,Ke E1-02,893,2026-08-14
8930000009581,P-982885,Nuoc mam Clear loc 4 hop,446000,76,Ke J3-06,377,2026-09-05
8930000009582,P-665990,Nuoc lau san Red Bull huong vi tu nhien,295000,249,Ke J1-06,678,2026-08-26
8930000009583,P-328486,Nuoc mam Chin-su truyen thong,384000,31,Ke F5-04,968,2026-09-16
8930000009584,P-390756,Nuoc lau san Simply can 2L,35000,196,Ke I4-06,319,2026-09-01
8930000009585,P-219971,Khan giay Coca Cola it duong,95000,140,Ke C3-07,414,2026-09-26
8930000009586,P-929672,Ca phe Red Bull khong duong,309000,136,Ke I3-03,188,2026-09-30
8930000009587,P-821942,Khan giay Vinamilk huong vi tu nhien,57000,154,Ke D1-01,986,2026-09-25
8930000009588,P-931247,Sua tam Colgate huong vi tu nhien,311000,231,Ke A4-08,664,2026-09-28
8930000009589,P-171087,Nuoc suoi Clear it duong,8000,87,Ke E1-04,947,2026-08-20
8930000009590,P-493417,Banh quy G7 truyen thong,418000,11,Ke F3-03,209,2026-09-05
8930000009591,P-197716,Kem danh rang Red Bull loc 4 hop,41000,187,Ke B5-02,768,2026-09-03
8930000009592,P-231869,Nuoc suoi Chin-su cao cap,280000,268,Ke B3-02,673,2026-08-29
8930000009593,P-516716,Nuoc giat Clear it duong,293000,299,Ke A3-04,475,2026-07-21
8930000009594,P-321659,Gia vi Oishi dam da,370000,181,Ke K3-08,153,2026-07-25
8930000009595,P-934438,Nuoc xa Coca Cola goi 85g,157000,55,Ke I1-07,130,2026-07-24
8930000009596,P-412886,Nuoc mam Coca Cola dam da,416000,106,Ke G2-05,239,2026-07-14
8930000009597,P-234443,Ca phe Closeup dam da,297000,48,Ke H2-06,578,2026-09-04
8930000009598,P-712356,Dau an Oishi chai 500ml,452000,161,Ke E1-06,745,2026-08-24
8930000009599,P-232731,Nuoc suoi Sunsilk cao cap,200000,126,Ke K2-02,567,2026-09-10
8930000009600,P-158639,Nuoc giat Vinamilk huong vi tu nhien,443000,205,Ke C4-09,858,2026-08-11
8930000009601,P-158132,Nuoc ngot Comfort huong vi tu nhien,288000,158,Ke E4-07,988,2026-09-29
8930000009602,P-726979,Nuoc xa Red Bull hop 200g,263000,274,Ke J4-03,533,2026-08-12
8930000009603,P-722503,Nuoc xa Knorr it duong,121000,106,Ke J5-09,821,2026-08-21
8930000009604,P-485548,Dau an Lavie tiet kiem,410000,289,Ke I1-05,584,2026-07-12
8930000009605,P-729180,Dau goi Lifebuoy khong duong,185000,90,Ke F3-09,30,2026-09-02
8930000009606,P-691655,Nuoc ngot OMO chai 500ml,116000,176,Ke D1-04,75,2026-09-06
8930000009607,P-517035,Kem danh rang Sunlight khong duong,37000,159,Ke I3-08,1000,2026-08-21
8930000009608,P-913864,Mi goi Sting loc 4 hop,123000,37,Ke J2-07,131,2026-09-23
8930000009609,P-790995,Gia vi Sting tiet kiem,355000,131,Ke B3-06,462,2026-09-10
8930000009610,P-282973,Sua tam Colgate chai 500ml,157000,100,Ke F5-07,755,2026-08-14
8930000009611,P-325465,Sua tuoi Comfort dam da,294000,139,Ke G1-02,433,2026-10-03
8930000009612,P-864605,Nuoc tuong Hao Hao huong vi tu nhien,251000,157,Ke K3-03,363,2026-08-26
8930000009613,P-679720,Nuoc tuong Barona chai 1L,63000,173,Ke A5-06,334,2026-09-19
8930000009614,P-668843,Mi goi TH True Milk cao cap,387000,280,Ke A2-01,410,2026-07-08
8930000009615,P-256465,Nuoc ngot Aquafina loc 4 hop,247000,52,Ke A3-08,550,2026-08-05
8930000009616,P-265055,Banh quy Simply cao cap,239000,58,Ke D1-02,931,2026-07-21
8930000009617,P-654640,Ca phe Colgate khong duong,468000,238,Ke B1-01,202,2026-08-11
8930000009618,P-370196,Dau goi Pepsi huong vi tu nhien,225000,112,Ke C5-08,634,2026-07-28
8930000009619,P-158777,Nuoc tuong Kinh Do tiet kiem,182000,144,Ke K3-07,992,2026-09-26
8930000009620,P-723155,Dau goi Oishi cao cap,446000,178,Ke F5-02,338,2026-09-11
8930000009621,P-350867,Nuoc suoi Chin-su can 2L,357000,165,Ke K1-01,104,2026-08-16
8930000009622,P-734836,Nuoc ngot Lavie it duong,459000,205,Ke E3-04,782,2026-09-25
8930000009623,P-769567,Dau goi Chin-su it duong,10000,18,Ke D1-01,315,2026-07-09
8930000009624,P-583100,Kem danh rang Sunsilk cao cap,90000,27,Ke I2-04,320,2026-10-03
8930000009625,P-113026,Khan giay Coca Cola goi 85g,276000,267,Ke K5-04,68,2026-09-22
8930000009626,P-350675,Ca phe Oishi chai 1L,104000,265,Ke G4-07,554,2026-09-01
8930000009627,P-519904,Nuoc suoi Tuong An dam da,339000,81,Ke B5-02,494,2026-09-27
8930000009628,P-528705,Dau goi Omachi khong duong,323000,61,Ke H5-05,129,2026-08-12
8930000009629,P-724702,Sua tuoi Nam Ngu khong duong,10000,8,Ke D5-01,163,2026-07-16
8930000009630,P-867115,Nuoc ngot Lavie loc 4 hop,72000,185,Ke J3-03,519,2026-09-02
8930000009631,P-841139,Gia vi Lifebuoy goi 85g,55000,61,Ke C1-01,343,2026-07-20
8930000009632,P-936726,Nuoc xa Sunlight huong vi tu nhien,464000,48,Ke C3-05,916,2026-09-14
8930000009633,P-785491,Tuong ot Coca Cola huong vi tu nhien,360000,77,Ke F4-08,240,2026-09-11
8930000009634,P-566991,Nuoc mam Lay's dam da,234000,57,Ke C2-03,53,2026-07-19
8930000009635,P-860557,Snack Comfort chai 500ml,455000,161,Ke A5-04,286,2026-09-04
8930000009636,P-725969,Dau goi Lifebuoy goi 85g,330000,281,Ke G5-02,286,2026-07-25
8930000009637,P-988811,Banh quy Nam Ngu huong vi tu nhien,203000,214,Ke F4-04,20,2026-09-30
8930000009638,P-587575,Khan giay TH True Milk it duong,263000,251,Ke F3-07,824,2026-08-07
8930000009639,P-583550,Dau goi Maggi dam da,122000,141,Ke C5-03,236,2026-09-09
8930000009640,P-684632,Nuoc suoi Sunlight loc 4 hop,123000,15,Ke E4-02,315,2026-09-11
8930000009641,P-271742,Nuoc xa Omachi truyen thong,414000,10,Ke F1-04,617,2026-08-19
8930000009642,P-443341,Ca phe OMO dam da,151000,296,Ke B4-02,659,2026-09-22
8930000009643,P-785436,Mi goi Omachi goi 85g,133000,80,Ke F4-02,986,2026-07-19
8930000009644,P-311976,Dau goi Comfort khong duong,459000,128,Ke C4-09,428,2026-09-15
8930000009645,P-810526,Kem danh rang Kinh Do it duong,242000,249,Ke C4-07,684,2026-07-19
8930000009646,P-249077,Sua tuoi Aquafina chai 500ml,186000,10,Ke I3-09,211,2026-09-20
8930000009647,P-583757,Sua tuoi Nam Ngu loc 4 hop,161000,214,Ke J3-04,58,2026-08-07
8930000009648,P-745512,Ca phe Barona hop 200g,483000,262,Ke K2-01,620,2026-08-04
8930000009649,P-818651,Dau goi G7 dam da,77000,244,Ke I5-09,727,2026-07-16
8930000009650,P-639111,Sua tuoi Maggi tiet kiem,37000,96,Ke C4-06,90,2026-07-18
8930000009651,P-916814,Banh quy Sunlight chai 1L,89000,160,Ke E2-01,379,2026-09-11
8930000009652,P-238976,Sua tuoi Comfort it duong,22000,221,Ke F4-02,810,2026-09-15
8930000009653,P-998348,Nuoc tuong Red Bull chai 500ml,370000,111,Ke D3-09,20,2026-07-12
8930000009654,P-861842,Nuoc tuong Sunsilk huong vi tu nhien,40000,105,Ke G1-05,837,2026-07-23
8930000009655,P-509985,Ca phe Red Bull loc 4 hop,369000,71,Ke B3-03,344,2026-08-31
8930000009656,P-400487,Nuoc tuong Chin-su can 2L,53000,291,Ke J5-01,301,2026-08-24
8930000009657,P-383060,Nuoc giat OMO chai 1L,301000,96,Ke C5-07,160,2026-08-19
8930000009658,P-581906,Nuoc tuong Lifebuoy loc 4 hop,392000,248,Ke K1-08,701,2026-09-14
8930000009659,P-315379,Nuoc ngot Red Bull chai 1L,419000,191,Ke J1-06,231,2026-09-28
8930000009660,P-609462,Nuoc suoi Tuong An tiet kiem,116000,49,Ke K5-08,307,2026-09-26
8930000009661,P-776838,Dau goi Simply tiet kiem,333000,189,Ke J1-08,1,2026-09-28
8930000009662,P-166165,Khan giay Sting loc 4 hop,34000,244,Ke D2-08,222,2026-08-23
8930000009663,P-438503,Nuoc ngot Sunsilk huong vi tu nhien,402000,8,Ke J2-04,91,2026-07-29
8930000009664,P-478427,Sua tam Lifebuoy goi 85g,434000,128,Ke K5-09,701,2026-08-23
8930000009665,P-631221,Gia vi Kinh Do loc 4 hop,356000,201,Ke J2-07,385,2026-08-15
8930000009666,P-895338,Hat nem Oishi dam da,349000,285,Ke J1-01,596,2026-09-18
8930000009667,P-897273,Nuoc lau san Lifebuoy huong vi tu nhien,457000,249,Ke D2-02,531,2026-07-20
8930000009668,P-677321,Kem danh rang Hao Hao loc 4 hop,332000,37,Ke J4-04,284,2026-07-28
8930000009669,P-877407,Dau goi TH True Milk can 2L,352000,50,Ke H4-06,297,2026-08-18
8930000009670,P-514913,Sua tuoi Red Bull cao cap,376000,190,Ke G5-07,561,2026-09-30
8930000009671,P-452457,Ca phe Sunsilk can 2L,257000,298,Ke A1-02,829,2026-07-15
8930000009672,P-499669,Tuong ot Nescafe tiet kiem,358000,277,Ke F5-08,688,2026-07-26
8930000009673,P-561567,Nuoc giat Barona dam da,299000,51,Ke D5-03,65,2026-09-18
8930000009674,P-427626,Nuoc xa TH True Milk truyen thong,169000,155,Ke G4-07,109,2026-08-31
8930000009675,P-349565,Nuoc xa Oishi can 2L,345000,294,Ke D5-03,400,2026-07-19
8930000009676,P-813666,Nuoc suoi G7 dam da,118000,131,Ke F2-06,755,2026-08-29
8930000009677,P-776001,Banh quy Colgate cao cap,18000,183,Ke E3-04,28,2026-08-25
8930000009678,P-287155,Dau an Maggi dam da,149000,128,Ke B4-07,357,2026-09-19
8930000009679,P-734775,Nuoc tuong Maggi hop 200g,454000,135,Ke A2-07,677,2026-08-31
8930000009680,P-132709,Banh quy Omachi hop 200g,279000,51,Ke G5-08,931,2026-07-24
8930000009681,P-932336,Tuong ot Nam Ngu khong duong,197000,85,Ke B1-01,230,2026-07-10
8930000009682,P-147936,Nuoc tuong Lavie goi 85g,317000,141,Ke H2-02,857,2026-08-22
8930000009683,P-802812,Kem danh rang Hao Hao chai 500ml,343000,93,Ke B5-09,777,2026-09-09
8930000009684,P-943671,Sua tam Lifebuoy khong duong,112000,19,Ke I1-08,144,2026-07-05
8930000009685,P-961198,Dau goi Vinamilk can 2L,223000,50,Ke C3-03,51,2026-08-25
8930000009686,P-731262,Nuoc suoi Kinh Do chai 500ml,204000,282,Ke K2-01,817,2026-08-04
8930000009687,P-471106,Dau an Red Bull cao cap,456000,296,Ke J5-05,585,2026-07-07
8930000009688,P-756401,Khan giay Tuong An tiet kiem,325000,33,Ke B5-09,591,2026-09-11
8930000009689,P-787584,Dau goi Pepsi khong duong,459000,299,Ke D4-08,257,2026-09-26
8930000009690,P-847748,Nuoc lau san Colgate chai 1L,191000,214,Ke A1-03,888,2026-09-11
8930000009691,P-576728,Gia vi Lavie tiet kiem,363000,256,Ke A2-05,604,2026-09-09
8930000009692,P-848021,Kem danh rang Clear chai 500ml,111000,143,Ke B4-07,60,2026-08-03
8930000009693,P-331230,Khan giay Maggi truyen thong,270000,256,Ke G4-04,909,2026-08-11
8930000009694,P-261859,Nuoc tuong Sunsilk hop 200g,66000,188,Ke C1-09,315,2026-08-16
8930000009695,P-386090,Hat nem Barona loc 4 hop,254000,232,Ke H3-02,355,2026-08-26
8930000009696,P-229598,Sua tam Sunlight it duong,323000,116,Ke E3-02,627,2026-09-29
8930000009697,P-835244,Mi goi Chin-su goi 85g,17000,96,Ke J1-05,205,2026-07-22
8930000009698,P-743473,Nuoc suoi Omachi tiet kiem,30000,232,Ke E5-01,69,2026-08-22
8930000009699,P-288073,Kem danh rang Lay's can 2L,87000,34,Ke F4-06,139,2026-09-12
8930000009700,P-269396,Nuoc giat Maggi dam da,312000,75,Ke G5-01,475,2026-08-17
8930000009701,P-983472,Banh quy Colgate huong vi tu nhien,295000,203,Ke H1-09,241,2026-09-07
8930000009702,P-744718,Nuoc lau san G7 truyen thong,485000,274,Ke A4-08,950,2026-09-03
8930000009703,P-208111,Tuong ot G7 khong duong,262000,252,Ke I5-02,701,2026-08-08
8930000009704,P-386604,Dau an Nam Ngu chai 500ml,499000,98,Ke I5-02,364,2026-09-21
8930000009705,P-887042,Tuong ot Pepsi hop 200g,400000,91,Ke I4-02,998,2026-07-05
8930000009706,P-526156,Sua tuoi Vinamilk khong duong,110000,246,Ke H1-05,226,2026-09-25
8930000009707,P-976530,Tuong ot Knorr chai 500ml,404000,194,Ke B4-04,542,2026-07-30
8930000009708,P-520252,Nuoc lau san Sunsilk it duong,94000,263,Ke J5-08,695,2026-09-19
8930000009709,P-910894,Banh quy Aquafina can 2L,167000,140,Ke J5-02,118,2026-09-24
8930000009710,P-311741,Nuoc tuong Vinamilk hop 200g,289000,51,Ke G4-01,741,2026-07-26
8930000009711,P-195071,Gia vi Nescafe cao cap,496000,60,Ke B2-09,114,2026-08-26
8930000009712,P-456480,Nuoc xa Hao Hao loc 4 hop,124000,287,Ke K3-01,109,2026-09-22
8930000009713,P-359168,Snack Comfort cao cap,148000,19,Ke K2-04,956,2026-08-21
8930000009714,P-368402,Khan giay Pepsi hop 200g,31000,36,Ke H1-06,321,2026-09-07
8930000009715,P-323717,Sua tuoi Lay's chai 1L,451000,73,Ke H4-02,565,2026-08-11
8930000009716,P-598369,Gia vi G7 chai 1L,277000,106,Ke A1-08,506,2026-08-10
8930000009717,P-856445,Nuoc mam Coca Cola huong vi tu nhien,316000,134,Ke J2-08,694,2026-08-25
8930000009718,P-260891,Kem danh rang Simply can 2L,310000,195,Ke K4-07,563,2026-09-12
8930000009719,P-335203,Dau goi OMO truyen thong,32000,211,Ke J2-09,841,2026-10-01
8930000009720,P-570735,Ca phe Hao Hao can 2L,318000,196,Ke I5-04,42,2026-09-03
8930000009721,P-597938,Hat nem Lavie huong vi tu nhien,16000,115,Ke H4-07,40,2026-09-29
8930000009722,P-836833,Nuoc mam Comfort goi 85g,447000,165,Ke F1-04,568,2026-08-29
8930000009723,P-828834,Nuoc giat Sunsilk tiet kiem,44000,8,Ke G5-08,198,2026-09-24
8930000009724,P-116112,Nuoc giat Simply chai 1L,232000,81,Ke D1-01,952,2026-07-09
8930000009725,P-263917,Nuoc ngot Lifebuoy huong vi tu nhien,322000,153,Ke F5-08,363,2026-07-11
8930000009726,P-669578,Nuoc ngot Simply huong vi tu nhien,58000,89,Ke A4-04,23,2026-07-26
8930000009727,P-380150,Mi goi Coca Cola it duong,498000,152,Ke I1-02,21,2026-08-21
8930000009728,P-317723,Sua tuoi Omachi tiet kiem,239000,90,Ke F4-08,987,2026-09-11
8930000009729,P-611174,Sua tam Kinh Do hop 200g,165000,277,Ke E2-07,115,2026-07-06
8930000009730,P-621530,Nuoc mam Red Bull it duong,465000,184,Ke I3-09,672,2026-09-15
8930000009731,P-341292,Ca phe Nam Ngu loc 4 hop,272000,83,Ke C5-01,878,2026-07-30
8930000009732,P-533856,Snack Sting chai 1L,491000,91,Ke K2-07,174,2026-09-03
8930000009733,P-496737,Gia vi Kinh Do chai 1L,369000,58,Ke D3-01,146,2026-08-25
8930000009734,P-788772,Nuoc tuong Sunlight cao cap,375000,180,Ke F2-06,400,2026-07-30
8930000009735,P-413791,Nuoc giat Lifebuoy tiet kiem,324000,31,Ke I5-01,401,2026-07-06
8930000009736,P-678116,Tuong ot Aquafina can 2L,404000,77,Ke J5-09,150,2026-09-28
8930000009737,P-626611,Kem danh rang Knorr dam da,125000,244,Ke C5-03,629,2026-09-21
8930000009738,P-884140,Nuoc mam Sting dam da,207000,150,Ke D1-07,635,2026-08-22
8930000009739,P-642895,Nuoc tuong Barona huong vi tu nhien,33000,215,Ke I3-02,778,2026-07-08
8930000009740,P-589491,Mi goi OMO chai 1L,20000,89,Ke K1-02,172,2026-09-15
8930000009741,P-726667,Nuoc ngot Sunsilk khong duong,184000,281,Ke E4-03,242,2026-07-28
8930000009742,P-682316,Nuoc giat OMO loc 4 hop,266000,151,Ke I5-04,780,2026-07-13
8930000009743,P-746253,Sua tam Oishi goi 85g,10000,70,Ke C3-01,576,2026-09-20
8930000009744,P-413357,Tuong ot Aquafina cao cap,474000,244,Ke K5-02,220,2026-08-04
8930000009745,P-435109,Nuoc suoi Chin-su tiet kiem,425000,59,Ke E1-06,768,2026-08-04
8930000009746,P-272892,Sua tuoi Oishi hop 200g,194000,72,Ke B1-05,413,2026-10-03
8930000009747,P-817956,Snack Lay's goi 85g,306000,294,Ke C4-02,113,2026-09-30
8930000009748,P-654531,Ca phe Comfort loc 4 hop,376000,253,Ke K4-02,719,2026-08-28
8930000009749,P-321449,Gia vi Sunsilk loc 4 hop,105000,156,Ke A3-01,81,2026-09-04
8930000009750,P-809641,Sua tam Barona goi 85g,54000,161,Ke K3-08,823,2026-08-24
8930000009751,P-821466,Nuoc suoi Lifebuoy truyen thong,188000,91,Ke D3-06,771,2026-07-30
8930000009752,P-638214,Khan giay Sting khong duong,301000,166,Ke F1-06,839,2026-08-18
8930000009753,P-933071,Dau an Tuong An dam da,53000,6,Ke I4-02,332,2026-08-25
8930000009754,P-132663,Sua tuoi OMO hop 200g,291000,91,Ke C5-04,296,2026-08-12
8930000009755,P-267914,Dau goi Chin-su hop 200g,233000,86,Ke F3-09,229,2026-08-19
8930000009756,P-221916,Nuoc suoi OMO chai 500ml,369000,167,Ke H2-07,212,2026-08-26
8930000009757,P-596564,Nuoc lau san Clear chai 500ml,418000,176,Ke K1-01,158,2026-09-02
8930000009758,P-117367,Sua tuoi Lay's truyen thong,336000,241,Ke C5-07,700,2026-08-06
8930000009759,P-309365,Nuoc tuong Maggi khong duong,280000,208,Ke G1-09,140,2026-07-30
8930000009760,P-313933,Snack Lay's huong vi tu nhien,140000,26,Ke G2-01,582,2026-07-14
8930000009761,P-183840,Ca phe Sunlight it duong,411000,149,Ke B1-03,846,2026-09-04
8930000009762,P-130782,Sua tuoi Hao Hao tiet kiem,342000,105,Ke A1-02,250,2026-09-16
8930000009763,P-685126,Dau goi Simply it duong,309000,280,Ke I4-09,305,2026-07-20
8930000009764,P-254887,Sua tam Pepsi chai 1L,274000,212,Ke H2-05,752,2026-07-30
8930000009765,P-704596,Nuoc ngot Sunlight chai 500ml,353000,127,Ke J1-03,172,2026-09-23
8930000009766,P-294851,Khan giay Vinamilk loc 4 hop,101000,210,Ke A3-07,584,2026-09-26
8930000009767,P-927909,Nuoc suoi Sunsilk it duong,214000,160,Ke E3-07,770,2026-07-17
8930000009768,P-282150,Nuoc suoi Knorr khong duong,334000,38,Ke B1-07,453,2026-10-02
8930000009769,P-547798,Khan giay Lay's cao cap,25000,189,Ke D1-04,175,2026-08-12
8930000009770,P-757193,Mi goi Sunlight chai 500ml,51000,289,Ke H1-01,263,2026-10-01
8930000009771,P-430828,Ca phe Tuong An chai 1L,136000,210,Ke D5-09,593,2026-09-14
8930000009772,P-440802,Dau an G7 loc 4 hop,22000,38,Ke E3-08,585,2026-09-28
8930000009773,P-996840,Snack Colgate can 2L,492000,117,Ke F5-01,340,2026-08-30
8930000009774,P-935309,Nuoc ngot Pepsi it duong,56000,266,Ke J2-08,946,2026-08-19
8930000009775,P-980660,Banh quy Sunsilk huong vi tu nhien,214000,294,Ke C1-06,194,2026-07-17
8930000009776,P-923024,Sua tuoi Closeup huong vi tu nhien,491000,171,Ke A4-08,730,2026-07-05
8930000009777,P-114768,Ca phe Sunsilk goi 85g,477000,68,Ke H5-09,726,2026-07-23
8930000009778,P-238943,Banh quy Nam Ngu cao cap,326000,124,Ke A2-04,494,2026-08-19
8930000009779,P-259493,Nuoc lau san Hao Hao tiet kiem,113000,5,Ke B2-02,470,2026-10-01
8930000009780,P-266956,Khan giay Oishi truyen thong,148000,150,Ke J3-08,71,2026-07-27
8930000009781,P-505343,Mi goi Nam Ngu loc 4 hop,61000,36,Ke C5-01,446,2026-09-18
8930000009782,P-604884,Dau goi Oishi dam da,427000,283,Ke F2-07,78,2026-09-26
8930000009783,P-294816,Sua tam Red Bull huong vi tu nhien,242000,207,Ke J4-08,6,2026-09-10
8930000009784,P-937995,Snack Lifebuoy goi 85g,321000,67,Ke C4-02,481,2026-08-03
8930000009785,P-550081,Hat nem OMO khong duong,206000,280,Ke K3-08,547,2026-09-24
8930000009786,P-186023,Banh quy OMO chai 500ml,379000,70,Ke I5-05,64,2026-08-12
8930000009787,P-462831,Nuoc tuong OMO chai 1L,411000,124,Ke B5-06,380,2026-09-17
8930000009788,P-266131,Snack Pepsi can 2L,196000,253,Ke I4-01,329,2026-08-26
8930000009789,P-952679,Nuoc ngot Barona dam da,219000,199,Ke J1-02,933,2026-08-19
8930000009790,P-531641,Tuong ot Knorr huong vi tu nhien,496000,167,Ke C3-03,434,2026-07-18
8930000009791,P-356787,Khan giay Pepsi cao cap,486000,225,Ke J4-07,528,2026-08-10
8930000009792,P-223586,Khan giay OMO hop 200g,420000,10,Ke A4-09,178,2026-07-31
8930000009793,P-926823,Nuoc ngot Coca Cola huong vi tu nhien,136000,63,Ke D4-07,277,2026-07-10
8930000009794,P-923914,Banh quy Knorr hop 200g,496000,251,Ke A2-09,240,2026-08-25
8930000009795,P-425301,Nuoc ngot Vinamilk it duong,38000,56,Ke B3-06,496,2026-07-14
8930000009796,P-807764,Nuoc xa TH True Milk dam da,278000,118,Ke A4-09,313,2026-07-17
8930000009797,P-146853,Sua tuoi G7 khong duong,387000,133,Ke F4-01,700,2026-07-05
8930000009798,P-973844,Khan giay Knorr it duong,474000,82,Ke A1-04,45,2026-09-14
8930000009799,P-819871,Dau an Nam Ngu hop 200g,396000,132,Ke K3-05,52,2026-09-02
8930000009800,P-502233,Kem danh rang Sting dam da,122000,106,Ke I3-05,497,2026-09-13
8930000009801,P-416232,Nuoc giat Nescafe dam da,69000,61,Ke J4-06,655,2026-07-06
8930000009802,P-404043,Nuoc xa Simply chai 500ml,471000,48,Ke F3-07,49,2026-07-09
8930000009803,P-464354,Dau goi Pepsi huong vi tu nhien,232000,227,Ke G3-08,92,2026-09-15
8930000009804,P-794395,Nuoc suoi Nam Ngu loc 4 hop,377000,212,Ke K5-04,268,2026-07-28
8930000009805,P-486473,Snack Knorr hop 200g,236000,179,Ke B3-08,610,2026-07-29
8930000009806,P-545405,Banh quy Vinamilk chai 500ml,434000,265,Ke D2-07,656,2026-07-21
8930000009807,P-898100,Nuoc xa Colgate it duong,210000,31,Ke G2-01,72,2026-08-08
8930000009808,P-530816,Khan giay G7 cao cap,82000,51,Ke A5-06,638,2026-09-11
8930000009809,P-278852,Nuoc xa Nescafe it duong,457000,124,Ke C5-06,639,2026-07-06
8930000009810,P-825318,Dau goi Comfort goi 85g,120000,139,Ke F1-02,437,2026-07-06
8930000009811,P-767542,Mi goi Lifebuoy huong vi tu nhien,425000,201,Ke F1-06,669,2026-09-21
8930000009812,P-190674,Tuong ot G7 khong duong,480000,92,Ke C4-03,629,2026-09-08
8930000009813,P-179392,Dau goi Sunsilk chai 500ml,264000,285,Ke D3-07,866,2026-09-27
8930000009814,P-483551,Snack Omachi huong vi tu nhien,372000,159,Ke I5-03,909,2026-08-24
8930000009815,P-117072,Dau an Coca Cola cao cap,241000,44,Ke D5-09,383,2026-09-22
8930000009816,P-213132,Kem danh rang G7 chai 1L,298000,150,Ke A5-05,853,2026-07-30
8930000009817,P-946305,Nuoc giat Maggi dam da,273000,276,Ke C5-02,650,2026-08-05
8930000009818,P-849398,Nuoc tuong Vinamilk tiet kiem,257000,205,Ke G1-06,260,2026-08-19
8930000009819,P-338475,Nuoc lau san Clear huong vi tu nhien,339000,223,Ke B5-08,53,2026-09-30
8930000009820,P-844163,Mi goi Nam Ngu chai 1L,163000,40,Ke C2-01,64,2026-08-11
8930000009821,P-198524,Tuong ot Aquafina can 2L,204000,58,Ke D4-05,661,2026-08-07
8930000009822,P-853629,Nuoc mam Sunlight cao cap,417000,174,Ke J5-06,391,2026-07-26
8930000009823,P-938900,Nuoc suoi Chin-su tiet kiem,54000,92,Ke C5-09,324,2026-09-07
8930000009824,P-849014,Snack Comfort loc 4 hop,421000,57,Ke E2-01,96,2026-07-14
8930000009825,P-684791,Gia vi Tuong An khong duong,205000,241,Ke D4-04,917,2026-09-14
8930000009826,P-768676,Snack Maggi tiet kiem,413000,59,Ke F2-02,44,2026-07-05
8930000009827,P-548580,Nuoc suoi Colgate it duong,14000,282,Ke A3-06,226,2026-09-22
8930000009828,P-542306,Banh quy Sunsilk huong vi tu nhien,90000,170,Ke J1-05,459,2026-08-17
8930000009829,P-645928,Ca phe Lifebuoy tiet kiem,249000,228,Ke J1-08,111,2026-09-05
8930000009830,P-428914,Kem danh rang Oishi chai 500ml,37000,264,Ke E4-02,484,2026-09-14
8930000009831,P-571413,Nuoc lau san Knorr can 2L,424000,48,Ke C4-02,624,2026-07-19
8930000009832,P-390607,Dau an Red Bull khong duong,406000,160,Ke B5-09,720,2026-08-02
8930000009833,P-112960,Nuoc tuong Comfort it duong,419000,127,Ke D2-01,433,2026-08-18
8930000009834,P-944657,Kem danh rang Closeup hop 200g,475000,235,Ke G1-04,364,2026-08-21
8930000009835,P-813341,Dau an Lifebuoy khong duong,5000,83,Ke C4-07,101,2026-07-11
8930000009836,P-924265,Nuoc xa Sting cao cap,17000,22,Ke B2-09,46,2026-07-25
8930000009837,P-903741,Kem danh rang Sunsilk truyen thong,423000,180,Ke B4-03,665,2026-07-20
8930000009838,P-800305,Nuoc suoi Nescafe goi 85g,367000,286,Ke D2-02,94,2026-07-23
8930000009839,P-516359,Nuoc lau san Oishi chai 1L,284000,130,Ke F3-01,377,2026-09-16
8930000009840,P-391369,Snack Colgate chai 1L,405000,135,Ke A4-01,647,2026-08-21
8930000009841,P-659024,Dau goi Knorr it duong,469000,75,Ke J1-01,523,2026-07-25
8930000009842,P-806774,Khan giay Lavie huong vi tu nhien,414000,299,Ke B3-08,700,2026-09-11
8930000009843,P-263690,Nuoc xa Barona chai 500ml,4000,225,Ke D4-03,156,2026-07-18
8930000009844,P-589710,Nuoc tuong Maggi khong duong,446000,87,Ke F1-06,250,2026-07-30
8930000009845,P-571907,Dau goi Lavie it duong,50000,71,Ke D3-09,272,2026-07-29
8930000009846,P-487345,Nuoc suoi Omachi huong vi tu nhien,295000,140,Ke B5-05,302,2026-08-29
8930000009847,P-695748,Sua tam Lifebuoy tiet kiem,83000,27,Ke E2-05,345,2026-08-01
8930000009848,P-650311,Gia vi Sting khong duong,232000,103,Ke B2-03,845,2026-07-05
8930000009849,P-317782,Mi goi Hao Hao cao cap,263000,22,Ke I2-04,882,2026-07-26
8930000009850,P-891638,Banh quy Sting loc 4 hop,112000,275,Ke F4-03,622,2026-09-28
8930000009851,P-108454,Hat nem Barona khong duong,46000,225,Ke F1-06,901,2026-08-18
8930000009852,P-876936,Sua tam Colgate can 2L,124000,102,Ke H4-02,49,2026-08-06
8930000009853,P-525800,Dau an OMO can 2L,242000,290,Ke H4-06,985,2026-07-13
8930000009854,P-795951,Khan giay Red Bull it duong,80000,153,Ke G1-06,679,2026-08-04
8930000009855,P-361250,Banh quy Aquafina huong vi tu nhien,456000,74,Ke B1-03,338,2026-10-02
8930000009856,P-802371,Kem danh rang G7 cao cap,396000,116,Ke G5-03,337,2026-09-25
8930000009857,P-690882,Nuoc giat Sunsilk huong vi tu nhien,329000,80,Ke E3-06,664,2026-09-15
8930000009858,P-587115,Dau goi Maggi can 2L,470000,135,Ke G5-04,984,2026-08-28
8930000009859,P-427040,Ca phe Nam Ngu khong duong,390000,72,Ke C5-04,456,2026-09-12
8930000009860,P-409440,Mi goi Barona it duong,7000,99,Ke K4-04,190,2026-09-17
8930000009861,P-690984,Sua tuoi Knorr loc 4 hop,283000,152,Ke A1-01,279,2026-08-19
8930000009862,P-381880,Tuong ot Knorr loc 4 hop,143000,206,Ke C2-08,985,2026-07-18
8930000009863,P-717889,Dau an G7 dam da,255000,83,Ke H2-05,791,2026-09-02
8930000009864,P-548324,Tuong ot Tuong An can 2L,232000,90,Ke K1-05,884,2026-07-27
8930000009865,P-243876,Nuoc suoi Knorr it duong,491000,255,Ke G2-09,837,2026-09-14
8930000009866,P-172274,Snack Closeup chai 500ml,295000,162,Ke I3-09,166,2026-08-01
8930000009867,P-178463,Kem danh rang Oishi chai 1L,189000,193,Ke J5-08,444,2026-07-15
8930000009868,P-650912,Gia vi Tuong An dam da,497000,126,Ke A1-09,819,2026-07-08
8930000009869,P-593152,Nuoc giat Kinh Do huong vi tu nhien,219000,80,Ke D3-02,403,2026-07-23
8930000009870,P-817897,Tuong ot Sunsilk dam da,261000,99,Ke K3-05,855,2026-08-15
8930000009871,P-660226,Ca phe Oishi chai 500ml,435000,209,Ke G3-07,714,2026-08-11
8930000009872,P-753453,Sua tuoi Chin-su cao cap,17000,257,Ke G2-05,818,2026-08-24
8930000009873,P-227324,Mi goi Maggi it duong,376000,35,Ke J4-02,872,2026-09-15
8930000009874,P-932932,Nuoc giat Clear it duong,152000,272,Ke F4-05,639,2026-08-26
8930000009875,P-711116,Mi goi Sunsilk goi 85g,150000,157,Ke C4-06,692,2026-08-29
8930000009876,P-287567,Gia vi Colgate chai 500ml,117000,230,Ke A3-08,898,2026-08-20
8930000009877,P-864544,Nuoc suoi Lay's loc 4 hop,45000,174,Ke I4-05,277,2026-07-19
8930000009878,P-978157,Nuoc ngot Lavie cao cap,9000,93,Ke C2-06,68,2026-07-26
8930000009879,P-744481,Kem danh rang Closeup goi 85g,308000,229,Ke G5-02,76,2026-08-16
8930000009880,P-123682,Snack Aquafina huong vi tu nhien,427000,272,Ke J1-05,609,2026-09-26
8930000009881,P-814703,Nuoc lau san Sting chai 1L,312000,293,Ke B3-08,285,2026-07-25
8930000009882,P-291755,Sua tuoi TH True Milk loc 4 hop,376000,263,Ke K4-01,537,2026-07-11
8930000009883,P-155708,Sua tuoi Sunlight truyen thong,82000,197,Ke H5-03,164,2026-09-01
8930000009884,P-645009,Gia vi Vinamilk truyen thong,410000,126,Ke E2-08,275,2026-07-18
8930000009885,P-425469,Nuoc giat G7 loc 4 hop,237000,169,Ke C2-09,808,2026-09-25
8930000009886,P-144770,Kem danh rang Lavie dam da,164000,212,Ke C3-04,757,2026-08-02
8930000009887,P-830302,Dau an Oishi hop 200g,164000,74,Ke A3-04,34,2026-09-21
8930000009888,P-324345,Dau goi TH True Milk loc 4 hop,74000,217,Ke D4-06,639,2026-07-19
8930000009889,P-253347,Nuoc xa Lifebuoy truyen thong,96000,297,Ke I3-07,642,2026-07-29
8930000009890,P-133164,Kem danh rang G7 tiet kiem,488000,179,Ke H4-01,379,2026-10-01
8930000009891,P-171262,Snack Red Bull chai 500ml,308000,299,Ke H3-04,753,2026-07-16
8930000009892,P-673896,Nuoc mam Comfort hop 200g,348000,47,Ke I5-02,636,2026-09-01
8930000009893,P-826501,Banh quy Aquafina loc 4 hop,259000,133,Ke G3-03,594,2026-09-23
8930000009894,P-206857,Nuoc tuong Oishi it duong,187000,272,Ke A3-09,920,2026-09-08
8930000009895,P-275284,Banh quy Sting chai 1L,419000,283,Ke C1-06,257,2026-09-16
8930000009896,P-463546,Dau goi Vinamilk khong duong,387000,147,Ke E2-02,95,2026-08-03
8930000009897,P-538184,Hat nem Sunsilk goi 85g,147000,202,Ke C4-05,255,2026-07-07
8930000009898,P-531712,Sua tam Nescafe truyen thong,160000,282,Ke F1-08,22,2026-09-25
8930000009899,P-865654,Hat nem Lifebuoy loc 4 hop,74000,94,Ke D3-06,763,2026-09-30
8930000009900,P-348235,Nuoc suoi Knorr truyen thong,382000,17,Ke F4-02,982,2026-09-27
8930000009901,P-592489,Sua tam Omachi huong vi tu nhien,263000,21,Ke C1-02,665,2026-09-20
8930000009902,P-579975,Banh quy Tuong An dam da,76000,190,Ke I5-07,704,2026-09-28
8930000009903,P-584714,Ca phe Lay's cao cap,204000,5,Ke C2-06,45,2026-07-16
8930000009904,P-119264,Nuoc mam Closeup huong vi tu nhien,66000,58,Ke J5-09,332,2026-08-21
8930000009905,P-287677,Nuoc mam Coca Cola dam da,253000,76,Ke I2-08,41,2026-09-17
8930000009906,P-116703,Dau goi Hao Hao khong duong,194000,293,Ke C4-08,909,2026-08-13
8930000009907,P-195620,Sua tuoi Tuong An huong vi tu nhien,96000,235,Ke B5-04,797,2026-10-02
8930000009908,P-567541,Nuoc ngot Vinamilk huong vi tu nhien,266000,144,Ke J3-03,350,2026-08-31
8930000009909,P-799731,Banh quy Sunlight huong vi tu nhien,384000,113,Ke F1-09,521,2026-07-13
8930000009910,P-168540,Khan giay Nam Ngu loc 4 hop,385000,166,Ke H4-05,577,2026-08-26
8930000009911,P-315425,Nuoc giat G7 cao cap,305000,237,Ke J2-07,716,2026-07-10
8930000009912,P-908206,Gia vi Colgate dam da,45000,212,Ke K1-07,710,2026-07-10
8930000009913,P-314656,Nuoc suoi Coca Cola chai 1L,204000,115,Ke C4-07,228,2026-07-10
8930000009914,P-586830,Mi goi G7 goi 85g,72000,230,Ke I4-07,556,2026-07-06
8930000009915,P-104792,Dau an Knorr chai 500ml,269000,160,Ke I3-02,403,2026-08-09
8930000009916,P-739244,Nuoc mam Barona chai 1L,117000,180,Ke H3-05,708,2026-07-30
8930000009917,P-960408,Ca phe Lavie khong duong,156000,20,Ke F3-02,422,2026-07-27
8930000009918,P-906325,Tuong ot Sunsilk it duong,64000,140,Ke C1-05,478,2026-09-11
8930000009919,P-415743,Hat nem OMO goi 85g,19000,102,Ke C4-01,949,2026-08-23
8930000009920,P-804758,Snack Knorr loc 4 hop,7000,91,Ke H3-02,927,2026-09-11
8930000009921,P-188341,Nuoc suoi Simply khong duong,6000,174,Ke I5-03,30,2026-08-04
8930000009922,P-873584,Khan giay Comfort huong vi tu nhien,333000,138,Ke K2-07,955,2026-07-09
8930000009923,P-706174,Sua tam Hao Hao cao cap,382000,130,Ke G4-07,198,2026-08-25
8930000009924,P-260263,Nuoc lau san Aquafina khong duong,456000,280,Ke F2-06,889,2026-07-30
8930000009925,P-199994,Sua tuoi Nam Ngu truyen thong,353000,53,Ke C1-02,232,2026-09-12
8930000009926,P-608307,Nuoc xa Clear hop 200g,206000,267,Ke F3-07,329,2026-07-15
8930000009927,P-797557,Nuoc mam Kinh Do truyen thong,47000,248,Ke H5-01,11,2026-09-12
8930000009928,P-680493,Nuoc lau san Hao Hao huong vi tu nhien,166000,293,Ke D5-01,823,2026-09-02
8930000009929,P-146228,Banh quy Coca Cola loc 4 hop,413000,67,Ke G4-01,168,2026-09-23
8930000009930,P-771425,Ca phe Oishi khong duong,414000,33,Ke H5-04,282,2026-10-03
8930000009931,P-169918,Nuoc ngot Vinamilk can 2L,238000,73,Ke F1-03,124,2026-09-28
8930000009932,P-207391,Gia vi Nescafe chai 500ml,301000,116,Ke A4-01,884,2026-07-30
8930000009933,P-344959,Nuoc suoi Nam Ngu goi 85g,328000,80,Ke J1-04,382,2026-09-09
8930000009934,P-363592,Gia vi Sunsilk loc 4 hop,442000,51,Ke K1-09,856,2026-08-03
8930000009935,P-781403,Dau an Sting loc 4 hop,92000,104,Ke D1-08,352,2026-08-09
8930000009936,P-618746,Mi goi Nam Ngu chai 1L,104000,64,Ke B3-07,663,2026-07-18
8930000009937,P-317722,Kem danh rang Colgate chai 500ml,463000,160,Ke J1-08,563,2026-09-26
8930000009938,P-648736,Nuoc tuong Nescafe chai 500ml,469000,180,Ke H4-04,268,2026-09-18
8930000009939,P-180595,Sua tam Chin-su chai 500ml,117000,61,Ke G3-01,663,2026-09-11
8930000009940,P-551607,Tuong ot Sting it duong,296000,116,Ke A3-06,730,2026-07-07
8930000009941,P-729153,Nuoc giat Maggi loc 4 hop,52000,69,Ke J5-07,21,2026-07-11
8930000009942,P-122390,Hat nem Red Bull can 2L,455000,294,Ke A3-05,159,2026-08-24
8930000009943,P-788201,Hat nem Kinh Do can 2L,328000,17,Ke C4-08,926,2026-08-02
8930000009944,P-316823,Nuoc mam Hao Hao cao cap,440000,239,Ke K5-09,670,2026-08-02
8930000009945,P-508024,Dau an Nescafe tiet kiem,235000,265,Ke C4-06,9,2026-09-27
8930000009946,P-161324,Tuong ot Kinh Do truyen thong,90000,111,Ke F3-09,765,2026-09-04
8930000009947,P-852524,Sua tam Pepsi khong duong,166000,121,Ke J4-08,115,2026-07-25
8930000009948,P-610135,Tuong ot Omachi tiet kiem,113000,173,Ke D1-03,72,2026-08-21
8930000009949,P-630538,Snack Oishi chai 500ml,98000,84,Ke D5-04,960,2026-09-20
8930000009950,P-118632,Snack Lay's truyen thong,498000,45,Ke A3-02,557,2026-08-22
8930000009951,P-302338,Banh quy Colgate can 2L,496000,295,Ke H2-03,520,2026-09-21
8930000009952,P-869105,Banh quy Clear goi 85g,299000,62,Ke I5-08,8,2026-07-29
8930000009953,P-441806,Khan giay Nescafe chai 500ml,27000,26,Ke A2-09,560,2026-07-15
8930000009954,P-576782,Khan giay Hao Hao dam da,384000,118,Ke C1-04,408,2026-10-01
8930000009955,P-429164,Gia vi Coca Cola huong vi tu nhien,100000,121,Ke H3-07,882,2026-09-24
8930000009956,P-746036,Nuoc mam Coca Cola hop 200g,424000,5,Ke H2-09,61,2026-08-04
8930000009957,P-793024,Khan giay Simply truyen thong,149000,154,Ke G5-07,621,2026-10-03
8930000009958,P-131064,Gia vi Hao Hao huong vi tu nhien,83000,115,Ke B5-04,453,2026-07-21
8930000009959,P-498197,Nuoc lau san Barona huong vi tu nhien,141000,142,Ke G1-01,505,2026-07-22
8930000009960,P-363165,Mi goi Maggi hop 200g,469000,134,Ke J2-04,338,2026-07-16
8930000009961,P-742686,Nuoc mam TH True Milk khong duong,251000,112,Ke K1-05,873,2026-07-22
8930000009962,P-268637,Gia vi Red Bull goi 85g,441000,22,Ke F3-01,109,2026-08-26
8930000009963,P-685472,Nuoc suoi Simply huong vi tu nhien,53000,58,Ke B4-08,28,2026-08-20
8930000009964,P-295472,Nuoc ngot Omachi cao cap,40000,34,Ke H3-04,967,2026-08-23
8930000009965,P-414608,Tuong ot Aquafina tiet kiem,350000,155,Ke K2-04,437,2026-08-17
8930000009966,P-256557,Tuong ot Barona tiet kiem,248000,183,Ke F5-05,621,2026-09-21
8930000009967,P-528184,Dau an Colgate goi 85g,94000,201,Ke E2-05,581,2026-09-23
8930000009968,P-670053,Nuoc suoi Sunsilk goi 85g,174000,209,Ke B5-05,851,2026-08-13
8930000009969,P-144235,Snack Colgate tiet kiem,275000,178,Ke E4-04,841,2026-07-16
8930000009970,P-469283,Nuoc tuong Barona hop 200g,126000,12,Ke B4-02,994,2026-09-11
8930000009971,P-939030,Nuoc xa Barona hop 200g,75000,157,Ke C4-03,935,2026-07-30
8930000009972,P-307731,Mi goi Kinh Do chai 500ml,430000,15,Ke H1-07,544,2026-07-23
8930000009973,P-673929,Dau an Nam Ngu khong duong,399000,65,Ke H1-02,285,2026-08-16
8930000009974,P-603935,Nuoc giat Lavie it duong,499000,21,Ke B3-08,58,2026-08-22
8930000009975,P-752011,Kem danh rang Sting truyen thong,21000,57,Ke E2-01,149,2026-08-08
8930000009976,P-869177,Dau goi Sting cao cap,320000,297,Ke B5-03,280,2026-08-29
8930000009977,P-918207,Sua tuoi Tuong An khong duong,371000,277,Ke D2-05,173,2026-09-30
8930000009978,P-720517,Banh quy Lay's chai 500ml,139000,46,Ke A5-05,129,2026-07-19
8930000009979,P-519029,Nuoc giat Lay's truyen thong,211000,247,Ke G3-03,420,2026-09-02
8930000009980,P-862760,Hat nem Lifebuoy it duong,499000,67,Ke D2-06,425,2026-09-10
8930000009981,P-808446,Mi goi Maggi khong duong,326000,243,Ke E1-05,13,2026-07-05
8930000009982,P-945372,Snack Aquafina dam da,225000,70,Ke J4-08,935,2026-09-14
8930000009983,P-362865,Khan giay Kinh Do chai 1L,66000,220,Ke J2-05,589,2026-08-11
8930000009984,P-528436,Mi goi Sting loc 4 hop,205000,134,Ke I4-09,191,2026-09-26
8930000009985,P-561976,Nuoc xa Sunlight cao cap,303000,174,Ke C1-08,346,2026-08-04
8930000009986,P-728500,Sua tuoi Tuong An tiet kiem,324000,201,Ke E5-04,904,2026-07-10
8930000009987,P-302458,Nuoc giat Kinh Do chai 500ml,110000,35,Ke D4-07,194,2026-07-09
8930000009988,P-493049,Nuoc ngot Red Bull loc 4 hop,417000,263,Ke B4-08,258,2026-09-05
8930000009989,P-667036,Nuoc ngot OMO khong duong,65000,282,Ke C4-03,357,2026-07-23
8930000009990,P-623125,Sua tam Sting it duong,154000,259,Ke F2-02,490,2026-07-24
8930000009991,P-665940,Ca phe Lifebuoy dam da,425000,222,Ke K3-08,910,2026-08-21
8930000009992,P-855948,Dau goi Vinamilk hop 200g,477000,60,Ke F4-06,283,2026-09-20
8930000009993,P-442099,Kem danh rang Sting hop 200g,222000,66,Ke K3-03,572,2026-09-10
8930000009994,P-856211,Hat nem Tuong An khong duong,361000,285,Ke C1-08,539,2026-07-31
8930000009995,P-348411,Sua tam Omachi khong duong,130000,171,Ke D3-03,153,2026-09-18
8930000009996,P-411120,Hat nem Maggi cao cap,82000,290,Ke G5-08,710,2026-07-21
8930000009997,P-521536,Nuoc xa Nam Ngu khong duong,170000,295,Ke I5-07,52,2026-07-17
8930000009998,P-705397,Gia vi OMO truyen thong,127000,149,Ke H3-09,382,2026-07-16
8930000009999,P-912863,Nuoc lau san Lay's it duong,157000,138,Ke D2-09,44,2026-09-21
8930000010000,P-739717,Khan giay Tuong An cao cap,10000,146,Ke F1-08,467,2026-10-04
