INVOICE,BILL-469545,1790960664,1445000,Completed
PRODUCT,P-119627,Ca phe Sting dam da,5,0,291000,2000

INVOICE,BILL-379645,1790397789,6342000,Completed
PRODUCT,P-494976,Sua tam OMO truyen thong,5,1,407000,0
PRODUCT,P-747033,Nuoc tuong Lay's cao cap,3,1,437000,0
PRODUCT,P-777370,Nuoc giat Lavie tiet kiem,4,0,448000,5000
PRODUCT,P-327114,Nuoc tuong Red Bull dam da,4,0,306000,0

INVOICE,BILL-169285,1790963751,1556000,Completed
PRODUCT,P-904858,Nuoc lau san Nescafe can 2L,5,0,149000,0
PRODUCT,P-570880,Ca phe Comfort it duong,2,0,230000,2000
PRODUCT,P-414777,Nuoc lau san Oishi truyen thong,1,0,355000,0

INVOICE,BILL-687832,1790857572,2069000,Completed
PRODUCT,P-387892,Nuoc giat Chin-su dam da,1,0,298000,1000
PRODUCT,P-174301,Nuoc lau san Hao Hao goi 85g,1,0,399000,1000
PRODUCT,P-156440,Nuoc xa OMO chai 500ml,1,0,398000,0
PRODUCT,P-492483,Nuoc tuong Aquafina truyen thong,2,1,91000,1000
PRODUCT,P-306647,Tuong ot Nescafe khong duong,4,0,179000,1000
PRODUCT,P-466346,Sua tam Nescafe can 2L,2,0,44000,2000

INVOICE,BILL-564952,1790546228,1395000,Completed
PRODUCT,P-586208,Snack Sting truyen thong,2,0,328000,5000
PRODUCT,P-857997,Dau an Lavie chai 500ml,2,0,342000,5000
PRODUCT,P-380746,Dau an Simply can 2L,5,0,15000,0

INVOICE,BILL-236796,1790456808,4552000,Completed
PRODUCT,P-854024,Dau an Nescafe huong vi tu nhien,3,0,106000,2000
PRODUCT,P-749208,Snack Colgate loc 4 hop,5,0,353000,0
PRODUCT,P-549660,Nuoc xa Aquafina dam da,5,0,497000,2000

INVOICE,BILL-243659,1790525429,1320000,Completed
PRODUCT,P-221552,Nuoc mam Sunsilk loc 4 hop,1,0,429000,1000
PRODUCT,P-971084,Nuoc suoi Clear khong duong,4,0,224000,1000

INVOICE,BILL-734716,1790847135,4943000,Completed
PRODUCT,P-466813,Tuong ot Sunsilk can 2L,5,0,383000,0
PRODUCT,P-221620,Gia vi Lay's cao cap,2,0,391000,0
PRODUCT,P-798435,Gia vi Knorr truyen thong,3,0,308000,0
PRODUCT,P-835716,Khan giay Hao Hao chai 1L,2,0,165000,2000
PRODUCT,P-986278,Ca phe Lifebuoy chai 500ml,3,0,332000,0

INVOICE,BILL-111044,1790594565,385000,Completed
PRODUCT,P-340341,Mi goi Lavie khong duong,1,0,390000,5000

INVOICE,BILL-790964,1790638769,2200000,Completed
PRODUCT,P-435109,Nuoc suoi Chin-su tiet kiem,3,0,425000,5000
PRODUCT,P-119676,Nuoc tuong Pepsi chai 500ml,2,0,282000,0
PRODUCT,P-644932,Dau an Kinh Do chai 1L,2,0,188000,0

INVOICE,BILL-553139,1790591247,3101000,Completed
PRODUCT,P-356736,Nuoc tuong Sunlight chai 1L,3,0,407000,0
PRODUCT,P-712056,Nuoc ngot Lavie cao cap,4,0,232000,0
PRODUCT,P-261760,Kem danh rang Omachi huong vi tu nhien,3,0,13000,1000
PRODUCT,P-978157,Nuoc ngot Lavie cao cap,1,0,9000,1000
PRODUCT,P-202759,Kem danh rang Vinamilk chai 1L,4,0,8000,1000
PRODUCT,P-838797,Tuong ot Nescafe can 2L,2,0,442000,2000

INVOICE,BILL-414327,1790630637,2482000,Completed
PRODUCT,P-293319,Nuoc suoi Sunlight it duong,3,0,123000,0
PRODUCT,P-139286,Gia vi Pepsi can 2L,4,0,159000,2000
PRODUCT,P-802667,Banh quy Barona cao cap,3,0,495000,0

INVOICE,BILL-635132,1791022532,960000,Completed
PRODUCT,P-920685,Gia vi Lavie khong duong,2,0,482000,2000

INVOICE,BILL-734249,1790340092,2293000,Completed
PRODUCT,P-796772,Hat nem Lifebuoy khong duong,2,0,416000,2000
PRODUCT,P-496905,Dau goi Lavie it duong,5,0,84000,2000
PRODUCT,P-338703,Ca phe Red Bull chai 500ml,1,0,183000,0
PRODUCT,P-729371,Nuoc xa Pepsi can 2L,4,0,219000,1000

INVOICE,BILL-419515,1790910176,1142000,Completed
PRODUCT,P-422623,Nuoc xa TH True Milk khong duong,2,0,198000,1000
PRODUCT,P-498249,Nuoc mam Oishi chai 1L,1,0,368000,0
PRODUCT,P-153190,Gia vi Omachi huong vi tu nhien,2,0,166000,1000
PRODUCT,P-329344,Nuoc lau san G7 goi 85g,1,0,50000,0

INVOICE,BILL-132752,1790798267,2868000,Completed
PRODUCT,P-822730,Tuong ot Chin-su it duong,5,1,378000,2000
PRODUCT,P-188501,Snack Red Bull loc 4 hop,4,0,247000,0

INVOICE,BILL-626605,1790205021,3721000,Completed
PRODUCT,P-564971,Nuoc mam Knorr loc 4 hop,4,0,274000,0
PRODUCT,P-579318,Nuoc ngot Simply it duong,1,0,130000,1000
PRODUCT,P-793939,Snack Lifebuoy cao cap,1,0,351000,0
PRODUCT,P-529008,Nuoc tuong Sting tiet kiem,5,0,429000,0

INVOICE,BILL-320333,1790309519,2495000,Completed
PRODUCT,P-376142,Nuoc suoi Maggi it duong,3,0,196000,1000
PRODUCT,P-962074,Nuoc xa Lifebuoy loc 4 hop,5,0,65000,2000
PRODUCT,P-173372,Hat nem Red Bull can 2L,5,0,321000,2000

INVOICE,BILL-249932,1790395840,1352000,Completed
PRODUCT,P-330019,Nuoc giat Barona hop 200g,1,0,301000,5000
PRODUCT,P-262656,Nuoc ngot Red Bull huong vi tu nhien,3,0,357000,5000

INVOICE,BILL-827025,1790709099,5967000,Completed
PRODUCT,P-645209,Dau goi Tuong An dam da,1,0,120000,0
PRODUCT,P-752966,Nuoc suoi Nam Ngu tiet kiem,3,0,308000,0
PRODUCT,P-649526,Kem danh rang Closeup goi 85g,5,0,401000,2000
PRODUCT,P-966286,Nuoc xa Comfort dam da,1,0,499000,0
PRODUCT,P-243260,Nuoc mam Red Bull goi 85g,4,0,151000,0
PRODUCT,P-744674,Dau goi Sunlight can 2L,5,0,366000,1000

INVOICE,BILL-499396,1790203122,4240000,Completed
PRODUCT,P-956949,Ca phe Barona chai 500ml,2,0,267000,0
PRODUCT,P-301255,Nuoc lau san Sunsilk tiet kiem,5,0,308000,0
PRODUCT,P-966286,Nuoc xa Comfort dam da,4,0,499000,1000
PRODUCT,P-357420,Nuoc ngot Sunlight truyen thong,2,0,87000,0

INVOICE,BILL-574403,1790168501,2775000,Completed
PRODUCT,P-588002,Banh quy Comfort tiet kiem,3,0,64000,0
PRODUCT,P-680290,Nuoc giat Closeup loc 4 hop,2,0,319000,2000
PRODUCT,P-624783,Nuoc mam Tuong An dam da,2,0,349000,1000
PRODUCT,P-642081,Banh quy Lay's chai 500ml,5,0,132000,0
PRODUCT,P-966028,Khan giay Pepsi truyen thong,1,0,145000,0
PRODUCT,P-804737,Nuoc giat Colgate chai 500ml,1,0,453000,5000

INVOICE,BILL-880206,1790833941,2766000,Completed
PRODUCT,P-350905,Nuoc xa Lay's can 2L,3,0,447000,0
PRODUCT,P-690525,Sua tuoi Nescafe can 2L,3,0,19000,1000
PRODUCT,P-614259,Nuoc giat Lay's tiet kiem,1,0,371000,1000
PRODUCT,P-248533,Khan giay Barona loc 4 hop,1,0,405000,0
PRODUCT,P-789606,Gia vi Aquafina tiet kiem,2,0,303000,5000

INVOICE,BILL-394621,1790280312,2726000,Completed
PRODUCT,P-979827,Khan giay Simply it duong,1,0,144000,2000
PRODUCT,P-741079,Snack Comfort can 2L,1,0,157000,0
PRODUCT,P-380901,Banh quy Aquafina loc 4 hop,5,0,309000,0
PRODUCT,P-256574,Nuoc xa Pepsi chai 500ml,1,0,262000,0
PRODUCT,P-696707,Nuoc ngot G7 dam da,5,0,124000,0

INVOICE,BILL-335817,1790352211,1820000,Completed
PRODUCT,P-608307,Nuoc xa Clear hop 200g,3,0,206000,2000
PRODUCT,P-690996,Nuoc giat Coca Cola huong vi tu nhien,2,0,53000,0
PRODUCT,P-464750,Nuoc tuong Maggi cao cap,3,0,108000,2000
PRODUCT,P-797229,Dau an OMO chai 500ml,4,0,198000,2000

INVOICE,BILL-300952,1790449725,4729000,Completed
PRODUCT,P-244892,Kem danh rang Nam Ngu chai 500ml,3,0,295000,0
PRODUCT,P-568349,Nuoc mam Comfort cao cap,3,0,319000,0
PRODUCT,P-682145,Gia vi Coca Cola can 2L,3,0,491000,0
PRODUCT,P-673108,Dau goi Chin-su dam da,2,0,393000,1000
PRODUCT,P-737846,Sua tam Knorr cao cap,2,0,316000,1000

INVOICE,BILL-903863,1790270269,3217000,Completed
PRODUCT,P-530728,Khan giay Barona truyen thong,5,0,391000,2000
PRODUCT,P-221552,Nuoc mam Sunsilk loc 4 hop,3,0,429000,5000

INVOICE,BILL-412145,1790662299,260000,Completed
PRODUCT,P-292811,Gia vi Sting can 2L,2,0,130000,0

INVOICE,BILL-162178,1790812904,3000000,Completed
PRODUCT,P-299055,Gia vi Maggi tiet kiem,5,0,126000,5000
PRODUCT,P-913864,Mi goi Sting loc 4 hop,5,0,123000,0
PRODUCT,P-174301,Nuoc lau san Hao Hao goi 85g,1,0,399000,5000
PRODUCT,P-802559,Hat nem Vinamilk tiet kiem,3,0,462000,0

INVOICE,BILL-190367,1790333927,3275000,Completed
PRODUCT,P-672133,Nuoc tuong Sting loc 4 hop,4,0,479000,2000
PRODUCT,P-178629,Gia vi Knorr it duong,1,0,171000,0
PRODUCT,P-659951,Sua tuoi Comfort hop 200g,4,0,102000,5000
PRODUCT,P-718226,Mi goi Nescafe loc 4 hop,4,0,207000,5000

INVOICE,BILL-599317,1790733825,3122000,Completed
PRODUCT,P-139211,Ca phe Pepsi chai 1L,5,0,463000,0
PRODUCT,P-672536,Nuoc suoi Sunlight goi 85g,1,0,391000,1000
PRODUCT,P-101773,Gia vi Sunlight dam da,3,0,139000,0

INVOICE,BILL-286209,1790869000,4392000,Completed
PRODUCT,P-195620,Sua tuoi Tuong An huong vi tu nhien,5,0,96000,2000
PRODUCT,P-661091,Nuoc mam Lavie tiet kiem,5,0,327000,2000
PRODUCT,P-267082,Tuong ot Closeup tiet kiem,3,0,449000,1000
PRODUCT,P-212512,Mi goi Barona chai 500ml,2,0,337000,0
PRODUCT,P-121053,Hat nem Lay's cao cap,1,0,279000,0

INVOICE,BILL-830558,1790571972,4900000,Completed
PRODUCT,P-973294,Tuong ot Lay's can 2L,5,0,48000,0
PRODUCT,P-309612,Banh quy Sunlight can 2L,5,0,434000,2000
PRODUCT,P-260263,Nuoc lau san Aquafina khong duong,2,0,456000,1000
PRODUCT,P-465973,Nuoc ngot OMO hop 200g,5,0,319000,1000

INVOICE,BILL-382640,1790395318,4435000,Completed
PRODUCT,P-312559,Banh quy Sunlight loc 4 hop,1,0,125000,0
PRODUCT,P-162165,Nuoc ngot Sting tiet kiem,5,0,487000,5000
PRODUCT,P-543555,Nuoc ngot Colgate dam da,1,0,236000,0
PRODUCT,P-872519,Nuoc xa G7 tiet kiem,1,0,263000,0
PRODUCT,P-524068,Sua tam Comfort can 2L,3,0,469000,2000

INVOICE,BILL-911048,1790259747,5845000,Completed
PRODUCT,P-207629,Sua tam Nescafe chai 1L,3,0,422000,5000
PRODUCT,P-670792,Sua tam Hao Hao hop 200g,2,0,405000,5000
PRODUCT,P-381433,Sua tuoi Lavie hop 200g,3,0,454000,0
PRODUCT,P-688866,Snack Vinamilk tiet kiem,4,0,380000,0
PRODUCT,P-116389,Mi goi Lavie chai 500ml,3,0,305000,1000

INVOICE,BILL-202030,1790818612,2933000,Completed
PRODUCT,P-760830,Nuoc lau san Lifebuoy cao cap,3,0,237000,5000
PRODUCT,P-986209,Sua tuoi Lay's chai 1L,4,0,160000,2000
PRODUCT,P-889882,Nuoc mam Lifebuoy truyen thong,1,0,425000,0
PRODUCT,P-181724,Sua tam Comfort loc 4 hop,5,0,111000,5000
PRODUCT,P-658131,Khan giay Simply hop 200g,5,1,135000,5000

INVOICE,BILL-557868,1790981091,2000000,Completed
PRODUCT,P-401338,Tuong ot Clear can 2L,4,0,500000,0

INVOICE,BILL-268752,1790306484,1461000,Completed
PRODUCT,P-920652,Hat nem Lay's truyen thong,3,1,489000,2000

INVOICE,BILL-433250,1790441697,5356000,Completed
PRODUCT,P-828361,Hat nem Colgate loc 4 hop,3,0,405000,2000
PRODUCT,P-365018,Nuoc mam Tuong An chai 500ml,5,0,394000,0
PRODUCT,P-571404,Gia vi OMO chai 500ml,4,0,104000,1000
PRODUCT,P-831770,Hat nem OMO truyen thong,3,0,16000,1000
PRODUCT,P-865470,Nuoc ngot Sting chai 1L,4,0,386000,0
PRODUCT,P-424500,Kem danh rang Oishi cao cap,2,0,93000,5000

INVOICE,BILL-104462,1790472473,6175000,Completed
PRODUCT,P-523037,Tuong ot Coca Cola hop 200g,4,0,442000,1000
PRODUCT,P-654816,Dau goi Maggi it duong,5,0,415000,0
PRODUCT,P-681687,Nuoc tuong Lifebuoy goi 85g,1,0,285000,0
PRODUCT,P-926471,Tuong ot Coca Cola tiet kiem,1,0,274000,0
PRODUCT,P-988662,Nuoc xa Closeup huong vi tu nhien,3,0,449000,2000
PRODUCT,P-498724,Tuong ot Pepsi can 2L,1,0,437000,1000

INVOICE,BILL-613283,1790313271,2417000,Completed
PRODUCT,P-337288,Tuong ot Knorr khong duong,1,0,259000,0
PRODUCT,P-384685,Mi goi Oishi loc 4 hop,2,0,357000,0
PRODUCT,P-308781,Mi goi Lifebuoy loc 4 hop,1,0,15000,2000
PRODUCT,P-780956,Nuoc xa Sting loc 4 hop,5,0,189000,0
PRODUCT,P-934638,Sua tuoi Nam Ngu can 2L,2,0,244000,1000

INVOICE,BILL-617468,1790881677,1548000,Completed
PRODUCT,P-629208,Tuong ot Nescafe goi 85g,5,0,54000,0
PRODUCT,P-191962,Sua tuoi Simply chai 1L,3,0,426000,0

INVOICE,BILL-835891,1790372925,4708000,Completed
PRODUCT,P-768545,Mi goi Red Bull huong vi tu nhien,1,0,254000,0
PRODUCT,P-656011,Nuoc lau san Closeup tiet kiem,2,0,39000,0
PRODUCT,P-326665,Mi goi Red Bull chai 1L,4,0,276000,0
PRODUCT,P-955662,Nuoc tuong Omachi dam da,2,0,471000,2000
PRODUCT,P-133653,Nuoc ngot TH True Milk hop 200g,3,0,346000,0
PRODUCT,P-710224,Mi goi OMO goi 85g,3,0,432000,0

INVOICE,BILL-506719,1790918730,543000,Completed
PRODUCT,P-921967,Dau an Maggi dam da,5,0,63000,0
PRODUCT,P-865990,Sua tam Coca Cola chai 500ml,3,0,78000,2000

INVOICE,BILL-624585,1791012613,808000,Completed
PRODUCT,P-987599,Dau an Sting can 2L,4,0,202000,0

INVOICE,BILL-313252,1790222442,2891000,Completed
PRODUCT,P-606222,Ca phe Chin-su chai 500ml,3,0,357000,0
PRODUCT,P-992647,Mi goi Omachi cao cap,5,0,366000,2000

INVOICE,BILL-917078,1790288332,640000,Completed
PRODUCT,P-855731,Nuoc tuong OMO chai 1L,2,0,72000,0
PRODUCT,P-103883,Kem danh rang Chin-su huong vi tu nhien,2,0,248000,0

INVOICE,BILL-144443,1790482048,2877000,Completed
PRODUCT,P-926965,Sua tuoi Sunlight chai 1L,2,0,386000,0
PRODUCT,P-699166,Dau goi Aquafina truyen thong,5,0,421000,0

INVOICE,BILL-541028,1790234559,1134000,Completed
PRODUCT,P-436653,Nuoc tuong Sting dam da,4,0,77000,2000
PRODUCT,P-165602,Nuoc suoi Sting tiet kiem,1,0,147000,1000
PRODUCT,P-682144,Nuoc giat Hao Hao chai 1L,2,0,67000,0
PRODUCT,P-262520,Tuong ot Sunsilk loc 4 hop,2,0,279000,2000

INVOICE,BILL-125284,1790707851,2666000,Completed
PRODUCT,P-610311,Dau an Tuong An chai 500ml,2,0,104000,2000
PRODUCT,P-362801,Mi goi TH True Milk tiet kiem,2,1,315000,0
PRODUCT,P-509018,Kem danh rang Oishi cao cap,2,0,366000,0
PRODUCT,P-931928,Hat nem Sunsilk cao cap,5,0,225000,5000

INVOICE,BILL-102041,1790638345,1906000,Completed
PRODUCT,P-677210,Khan giay Barona chai 1L,1,0,159000,5000
PRODUCT,P-145649,Khan giay Sunsilk goi 85g,4,0,380000,0
PRODUCT,P-571029,Kem danh rang Coca Cola goi 85g,4,0,58000,0

INVOICE,BILL-448900,1790442351,2906000,Completed
PRODUCT,P-813813,Ca phe Maggi can 2L,1,0,312000,0
PRODUCT,P-615318,Sua tuoi Lay's cao cap,2,0,187000,0
PRODUCT,P-639403,Ca phe Nam Ngu chai 1L,4,0,98000,2000
PRODUCT,P-924451,Dau goi Lavie goi 85g,5,0,300000,2000
PRODUCT,P-960899,Tuong ot Tuong An chai 1L,1,0,49000,1000
PRODUCT,P-145421,Dau an Sting tiet kiem,1,0,303000,5000

INVOICE,BILL-202852,1790918957,3144000,Completed
PRODUCT,P-842470,Ca phe Clear dam da,1,0,174000,0
PRODUCT,P-733941,Nuoc ngot Colgate chai 500ml,2,0,448000,1000
PRODUCT,P-843788,Mi goi Lavie cao cap,2,0,438000,2000
PRODUCT,P-144894,Nuoc tuong Tuong An khong duong,4,0,301000,0

INVOICE,BILL-953807,1790916173,90000,Completed
PRODUCT,P-160738,Kem danh rang Lavie cao cap,5,0,18000,0

INVOICE,BILL-741277,1790254711,1912000,Completed
PRODUCT,P-642121,Nuoc giat Maggi truyen thong,2,0,295000,2000
PRODUCT,P-861949,Tuong ot Red Bull truyen thong,1,0,22000,0
PRODUCT,P-395818,Dau an Sting dam da,4,0,327000,1000

INVOICE,BILL-730498,1790971915,2556000,Completed
PRODUCT,P-847251,Kem danh rang Knorr chai 500ml,1,0,487000,5000
PRODUCT,P-479625,Hat nem TH True Milk can 2L,5,0,268000,2000
PRODUCT,P-683286,Kem danh rang G7 can 2L,3,0,234000,2000
PRODUCT,P-732789,Ca phe Knorr chai 1L,4,0,13000,1000

INVOICE,BILL-240389,1790537955,257000,Completed
PRODUCT,P-980521,Nuoc suoi Colgate hop 200g,1,0,257000,0

INVOICE,BILL-689927,1790311685,4065000,Completed
PRODUCT,P-401036,Nuoc ngot Omachi can 2L,4,0,180000,0
PRODUCT,P-761685,Ca phe Red Bull cao cap,4,0,133000,1000
PRODUCT,P-319869,Nuoc lau san Hao Hao chai 1L,5,0,75000,0
PRODUCT,P-992596,Banh quy Clear khong duong,5,0,486000,5000
PRODUCT,P-817923,Kem danh rang Nescafe goi 85g,1,0,39000,2000

INVOICE,BILL-563211,1790952566,2280000,Completed
PRODUCT,P-599380,Snack Closeup can 2L,5,0,72000,0
PRODUCT,P-191014,Nuoc mam Lavie tiet kiem,2,0,451000,1000
PRODUCT,P-200219,Nuoc xa Nescafe goi 85g,4,0,255000,0

INVOICE,BILL-475831,1790462672,80000,Completed
PRODUCT,P-567576,Mi goi OMO tiet kiem,2,0,40000,0

INVOICE,BILL-265088,1790794747,3986000,Completed
PRODUCT,P-970699,Khan giay Sunsilk dam da,1,0,468000,2000
PRODUCT,P-267914,Dau goi Chin-su hop 200g,5,0,233000,1000
PRODUCT,P-917629,Nuoc tuong Simply chai 500ml,3,0,30000,5000
PRODUCT,P-337547,Nuoc giat Lavie chai 500ml,5,0,458000,1000

INVOICE,BILL-959304,1790478823,1341000,Completed
PRODUCT,P-626491,Tuong ot Nam Ngu can 2L,2,0,325000,0
PRODUCT,P-363626,Nuoc suoi Nam Ngu khong duong,3,0,127000,2000
PRODUCT,P-900190,Kem danh rang Tuong An hop 200g,4,0,79000,0

INVOICE,BILL-358881,1790826238,2835000,Completed
PRODUCT,P-104666,Tuong ot Hao Hao chai 1L,5,0,16000,2000
PRODUCT,P-933592,Nuoc lau san Lavie dam da,5,0,494000,0
PRODUCT,P-576086,Dau goi Clear loc 4 hop,1,0,296000,1000

INVOICE,BILL-981424,1790259532,6109000,Completed
PRODUCT,P-281926,Sua tam Sunsilk hop 200g,4,0,430000,1000
PRODUCT,P-783740,Dau goi Pepsi huong vi tu nhien,3,0,366000,1000
PRODUCT,P-913308,Nuoc mam Lifebuoy hop 200g,2,1,31000,1000
PRODUCT,P-748276,Nuoc tuong Lay's chai 500ml,5,0,457000,5000
PRODUCT,P-498138,Dau an Pepsi loc 4 hop,2,0,489000,0

INVOICE,BILL-713726,1790865411,3280000,Completed
PRODUCT,P-694587,Sua tuoi Vinamilk cao cap,3,0,439000,2000
PRODUCT,P-677599,Kem danh rang Kinh Do it duong,1,0,29000,5000
PRODUCT,P-969226,Gia vi Lavie hop 200g,1,0,246000,0
PRODUCT,P-606390,Ca phe G7 chai 1L,5,0,173000,0
PRODUCT,P-315379,Nuoc ngot Red Bull chai 1L,2,0,419000,2000

INVOICE,BILL-148558,1790883692,2470000,Completed
PRODUCT,P-822040,Banh quy Chin-su cao cap,2,0,163000,2000
PRODUCT,P-608257,Banh quy TH True Milk khong duong,4,0,169000,2000
PRODUCT,P-572161,Ca phe Comfort hop 200g,5,0,298000,2000

INVOICE,BILL-245446,1790366589,7773000,Completed
PRODUCT,P-238394,Tuong ot Sting cao cap,5,0,377000,0
PRODUCT,P-477712,Dau goi Lavie khong duong,2,0,95000,0
PRODUCT,P-408528,Nuoc ngot Nescafe tiet kiem,5,0,494000,0
PRODUCT,P-499534,Mi goi Comfort chai 1L,4,0,497000,2000
PRODUCT,P-645561,Gia vi Comfort hop 200g,3,0,349000,0
PRODUCT,P-153266,Gia vi Chin-su tiet kiem,3,0,68000,1000

INVOICE,BILL-983718,1790810525,3989000,Completed
PRODUCT,P-131734,Gia vi Maggi chai 500ml,2,0,383000,0
PRODUCT,P-391740,Snack Omachi truyen thong,5,0,500000,0
PRODUCT,P-477400,Dau goi Red Bull chai 1L,1,0,357000,0
PRODUCT,P-585331,Nuoc suoi Chin-su it duong,1,0,322000,0
PRODUCT,P-857111,Ca phe Nescafe can 2L,2,0,24000,2000

INVOICE,BILL-186495,1790422264,3944000,Completed
PRODUCT,P-245095,Hat nem Oishi tiet kiem,3,0,55000,0
PRODUCT,P-688534,Khan giay Colgate huong vi tu nhien,4,0,356000,5000
PRODUCT,P-656127,Tuong ot Closeup cao cap,5,0,477000,2000

INVOICE,BILL-292443,1790716939,3066000,Completed
PRODUCT,P-630535,Nuoc tuong Oishi can 2L,5,0,452000,0
PRODUCT,P-583367,Nuoc ngot G7 loc 4 hop,2,0,213000,1000
PRODUCT,P-859364,Mi goi Maggi can 2L,3,0,13000,0
PRODUCT,P-274912,Nuoc suoi Clear chai 500ml,1,0,344000,1000

INVOICE,BILL-380804,1790703293,1160000,Completed
PRODUCT,P-542666,Banh quy Pepsi chai 1L,5,0,65000,1000
PRODUCT,P-489438,Nuoc lau san Pepsi khong duong,3,0,280000,0

INVOICE,BILL-754922,1790527441,2169000,Completed
PRODUCT,P-876764,Banh quy Omachi chai 500ml,5,0,343000,1000
PRODUCT,P-194782,Nuoc suoi Lay's loc 4 hop,1,0,459000,0

INVOICE,BILL-380879,1790844163,401000,Completed
PRODUCT,P-182034,Nuoc suoi Maggi loc 4 hop,1,0,401000,0

INVOICE,BILL-500973,1790899064,3156000,Completed
PRODUCT,P-961866,Hat nem Red Bull loc 4 hop,5,0,177000,0
PRODUCT,P-908977,Nuoc xa Barona cao cap,1,0,457000,2000
PRODUCT,P-191884,Snack Clear goi 85g,3,0,431000,1000
PRODUCT,P-868020,Sua tam Sunlight goi 85g,2,0,263000,0

INVOICE,BILL-776232,1790343997,4480000,Completed
PRODUCT,P-421549,Dau goi Lay's cao cap,5,0,465000,1000
PRODUCT,P-725969,Dau goi Lifebuoy goi 85g,5,0,330000,1000
PRODUCT,P-267520,Nuoc lau san Barona huong vi tu nhien,1,0,313000,0
PRODUCT,P-329437,Dau an Maggi can 2L,2,0,106000,5000

INVOICE,BILL-788904,1790245880,3628000,Completed
PRODUCT,P-932204,Snack Lay's hop 200g,1,0,37000,1000
PRODUCT,P-413118,Dau goi Chin-su huong vi tu nhien,4,0,243000,0
PRODUCT,P-489438,Nuoc lau san Pepsi khong duong,2,0,280000,0
PRODUCT,P-799143,Dau an Comfort cao cap,5,0,412000,0

INVOICE,BILL-651582,1790342755,4304000,Completed
PRODUCT,P-258971,Sua tuoi Pepsi chai 1L,1,0,29000,1000
PRODUCT,P-760351,Nuoc xa Vinamilk dam da,3,0,500000,1000
PRODUCT,P-580921,Nuoc ngot Sunsilk tiet kiem,3,0,187000,0
PRODUCT,P-830132,Sua tuoi G7 can 2L,4,0,473000,1000
PRODUCT,P-416768,Nuoc ngot OMO truyen thong,5,0,67000,1000

INVOICE,BILL-923023,1790244365,1190000,Completed
PRODUCT,P-583214,Nuoc mam OMO loc 4 hop,1,0,317000,0
PRODUCT,P-254887,Sua tam Pepsi chai 1L,1,0,274000,0
PRODUCT,P-802448,Tuong ot Vinamilk hop 200g,5,0,76000,1000
PRODUCT,P-811351,Nuoc xa Simply it duong,2,0,112000,0

INVOICE,BILL-966852,1790772562,2654000,Completed
PRODUCT,P-791798,Nuoc tuong Simply huong vi tu nhien,2,0,330000,2000
PRODUCT,P-429780,Snack Vinamilk can 2L,3,0,123000,5000
PRODUCT,P-186345,Mi goi Sunsilk chai 500ml,3,0,332000,0
PRODUCT,P-667776,Dau goi TH True Milk dam da,3,0,216000,0

INVOICE,BILL-998939,1790907485,3236000,Completed
PRODUCT,P-771088,Nuoc tuong G7 tiet kiem,2,0,64000,5000
PRODUCT,P-883826,Tuong ot OMO khong duong,5,0,33000,0
PRODUCT,P-543555,Nuoc ngot Colgate dam da,4,1,236000,0
PRODUCT,P-895242,Banh quy Lifebuoy dam da,4,0,167000,0
PRODUCT,P-182804,Nuoc xa Pepsi huong vi tu nhien,5,0,130000,1000
PRODUCT,P-739979,Nuoc giat Hao Hao chai 500ml,4,0,174000,0

INVOICE,BILL-713252,1790493941,1264000,Completed
PRODUCT,P-188425,Sua tuoi OMO tiet kiem,2,0,500000,0
PRODUCT,P-404466,Sua tam Nescafe goi 85g,3,0,55000,1000
PRODUCT,P-362230,Nuoc lau san Closeup goi 85g,3,0,35000,1000

INVOICE,BILL-724936,1790418531,680000,Completed
PRODUCT,P-399803,Sua tam Chin-su truyen thong,5,0,141000,5000

INVOICE,BILL-388926,1790277943,2451000,Completed
PRODUCT,P-637544,Sua tam Kinh Do chai 500ml,3,0,492000,0
PRODUCT,P-154944,Nuoc tuong Lay's tiet kiem,4,0,9000,0
PRODUCT,P-771440,Mi goi Tuong An goi 85g,3,0,246000,1000
PRODUCT,P-859782,Banh quy Colgate huong vi tu nhien,2,0,104000,2000

INVOICE,BILL-737457,1790708166,4873000,Completed
PRODUCT,P-773440,Sua tuoi Knorr loc 4 hop,1,0,260000,2000
PRODUCT,P-960109,Nuoc ngot Pepsi can 2L,4,0,295000,1000
PRODUCT,P-824156,Kem danh rang TH True Milk can 2L,3,0,319000,1000
PRODUCT,P-619389,Nuoc giat Pepsi goi 85g,5,0,255000,0
PRODUCT,P-716126,Nuoc suoi Omachi loc 4 hop,5,0,247000,5000

INVOICE,BILL-865054,1790568520,2846000,Completed
PRODUCT,P-975271,Nuoc mam Clear chai 500ml,4,0,491000,5000
PRODUCT,P-245117,Sua tam Vinamilk loc 4 hop,1,0,485000,5000
PRODUCT,P-884782,Nuoc suoi OMO can 2L,1,0,26000,2000
PRODUCT,P-331768,Nuoc giat Colgate goi 85g,1,0,398000,0

INVOICE,BILL-527507,1790929791,1365000,Completed
PRODUCT,P-644559,Snack Tuong An cao cap,4,0,11000,0
PRODUCT,P-557409,Kem danh rang Aquafina khong duong,3,1,402000,0
PRODUCT,P-867333,Gia vi Coca Cola truyen thong,5,1,24000,1000

INVOICE,BILL-200080,1790891091,1860000,Completed
PRODUCT,P-961957,Sua tuoi Sunsilk chai 1L,2,0,451000,0
PRODUCT,P-662636,Snack TH True Milk cao cap,2,0,480000,1000

INVOICE,BILL-122750,1790410146,4232000,Completed
PRODUCT,P-404955,Snack Vinamilk cao cap,5,0,187000,0
PRODUCT,P-130094,Nuoc tuong Sunsilk huong vi tu nhien,1,0,403000,1000
PRODUCT,P-786789,Hat nem Sunsilk huong vi tu nhien,5,0,455000,5000
PRODUCT,P-875501,Nuoc giat Aquafina chai 1L,5,0,129000,0

INVOICE,BILL-792912,1790417683,3165000,Completed
PRODUCT,P-716126,Nuoc suoi Omachi loc 4 hop,3,0,247000,0
PRODUCT,P-356702,Mi goi OMO loc 4 hop,4,1,121000,5000
PRODUCT,P-884170,Khan giay Oishi can 2L,5,0,393000,1000

INVOICE,BILL-784644,1790177624,3065000,Completed
PRODUCT,P-317782,Mi goi Hao Hao cao cap,1,0,263000,0
PRODUCT,P-406278,Nuoc lau san Closeup truyen thong,5,1,453000,0
PRODUCT,P-677438,Dau an Comfort chai 500ml,3,0,181000,2000

INVOICE,BILL-740627,1790257365,1270000,Completed
PRODUCT,P-695225,Sua tam Hao Hao dam da,1,0,99000,2000
PRODUCT,P-916449,Nuoc tuong Maggi it duong,3,0,198000,2000
PRODUCT,P-906731,Tuong ot Tuong An huong vi tu nhien,5,0,117000,0

INVOICE,BILL-634102,1790494020,2807000,Completed
PRODUCT,P-254739,Nuoc giat Omachi loc 4 hop,3,0,75000,2000
PRODUCT,P-871153,Tuong ot Sting it duong,1,0,183000,0
PRODUCT,P-236937,Banh quy Barona it duong,1,0,53000,2000
PRODUCT,P-877991,Snack Comfort goi 85g,3,1,417000,1000
PRODUCT,P-220768,Nuoc giat Knorr tiet kiem,3,0,368000,0
PRODUCT,P-329927,Nuoc tuong Sunsilk it duong,1,0,4000,2000

INVOICE,BILL-665328,1790668901,387000,Completed
PRODUCT,P-289630,Ca phe Red Bull huong vi tu nhien,3,0,130000,1000

INVOICE,BILL-292114,1790747425,5995000,Completed
PRODUCT,P-626214,Mi goi Kinh Do chai 1L,1,0,279000,0
PRODUCT,P-820767,Nuoc giat Red Bull chai 500ml,2,0,145000,0
PRODUCT,P-745474,Gia vi Tuong An chai 1L,4,0,273000,2000
PRODUCT,P-157738,Sua tuoi Kinh Do dam da,4,0,231000,0
PRODUCT,P-452944,Nuoc mam Hao Hao dam da,5,0,448000,2000
PRODUCT,P-297509,Mi goi Hao Hao goi 85g,4,1,302000,5000

INVOICE,BILL-136886,1790414231,3352000,Completed
PRODUCT,P-322086,Nuoc ngot Oishi tiet kiem,3,0,334000,0
PRODUCT,P-383201,Gia vi TH True Milk goi 85g,5,0,423000,1000
PRODUCT,P-739008,Dau goi Comfort loc 4 hop,4,0,60000,0

INVOICE,BILL-756267,1790459810,2178000,Completed
PRODUCT,P-889410,Dau an Lay's truyen thong,4,0,104000,5000
PRODUCT,P-694223,Khan giay Clear huong vi tu nhien,5,0,51000,5000
PRODUCT,P-439403,Sua tam Comfort hop 200g,2,0,332000,0
PRODUCT,P-203550,Kem danh rang Red Bull dam da,3,0,298000,2000

INVOICE,BILL-976029,1790336468,5273000,Completed
PRODUCT,P-958136,Nuoc xa Tuong An huong vi tu nhien,4,0,421000,2000
PRODUCT,P-589554,Gia vi Lifebuoy chai 500ml,3,0,445000,0
PRODUCT,P-176115,Gia vi Simply huong vi tu nhien,1,0,488000,0
PRODUCT,P-344762,Snack Oishi truyen thong,2,0,45000,0
PRODUCT,P-287110,Nuoc ngot Colgate hop 200g,2,0,330000,1000
PRODUCT,P-213000,Nuoc suoi Knorr loc 4 hop,3,0,342000,0

INVOICE,BILL-836439,1790378948,4822000,Completed
PRODUCT,P-699405,Dau goi Sunlight cao cap,1,0,372000,2000
PRODUCT,P-360330,Sua tuoi Vinamilk tiet kiem,4,0,285000,2000
PRODUCT,P-960109,Nuoc ngot Pepsi can 2L,5,0,295000,1000
PRODUCT,P-221462,Sua tam Sunsilk goi 85g,5,0,371000,1000

INVOICE,BILL-729187,1790776897,5718000,Completed
PRODUCT,P-393308,Ca phe Lay's dam da,4,0,498000,5000
PRODUCT,P-343420,Hat nem Simply goi 85g,5,0,199000,1000
PRODUCT,P-625465,Banh quy Hao Hao huong vi tu nhien,5,0,246000,5000
PRODUCT,P-119627,Ca phe Sting dam da,3,0,291000,1000
PRODUCT,P-229221,Dau an Coca Cola khong duong,3,0,227000,0

INVOICE,BILL-707873,1790611561,5245000,Completed
PRODUCT,P-749342,Nuoc lau san Red Bull khong duong,5,0,464000,1000
PRODUCT,P-706403,Nuoc lau san Barona hop 200g,2,1,159000,2000
PRODUCT,P-216242,Nuoc giat Knorr huong vi tu nhien,4,0,65000,0
PRODUCT,P-691119,Banh quy Maggi goi 85g,2,0,362000,0
PRODUCT,P-106687,Nuoc mam Chin-su khong duong,3,0,487000,5000
PRODUCT,P-440536,Dau an Barona chai 500ml,1,0,186000,0

INVOICE,BILL-713549,1790636488,966000,Completed
PRODUCT,P-571778,Hat nem Maggi chai 500ml,3,0,322000,0

INVOICE,BILL-242448,1790711125,5357000,Completed
PRODUCT,P-726667,Nuoc ngot Sunsilk khong duong,1,0,184000,2000
PRODUCT,P-493580,Tuong ot G7 chai 500ml,3,0,93000,2000
PRODUCT,P-465648,Kem danh rang TH True Milk khong duong,4,0,335000,0
PRODUCT,P-587575,Khan giay TH True Milk it duong,4,0,263000,0
PRODUCT,P-657062,Sua tam Closeup dam da,5,0,411000,0
PRODUCT,P-536740,Nuoc lau san Sting chai 1L,5,0,91000,0

INVOICE,BILL-659671,1790328366,1246000,Completed
PRODUCT,P-194782,Nuoc suoi Lay's loc 4 hop,2,0,459000,1000
PRODUCT,P-546173,Nuoc suoi Comfort goi 85g,3,0,110000,0

INVOICE,BILL-951202,1790876085,3130000,Completed
PRODUCT,P-514521,Nuoc mam Sting tiet kiem,5,0,500000,0
PRODUCT,P-576467,Nuoc mam Lifebuoy it duong,3,0,210000,0

INVOICE,BILL-518535,1790349060,568000,Completed
PRODUCT,P-452207,Nuoc mam Tuong An dam da,1,0,353000,5000
PRODUCT,P-427305,Sua tuoi Clear huong vi tu nhien,3,0,35000,0
PRODUCT,P-675191,Nuoc ngot Omachi chai 500ml,1,0,115000,0

INVOICE,BILL-558233,1790615804,1880000,Completed
PRODUCT,P-952679,Nuoc ngot Barona dam da,5,0,219000,0
PRODUCT,P-997734,Dau goi Chin-su loc 4 hop,1,0,232000,0
PRODUCT,P-365618,Dau an Aquafina cao cap,1,0,474000,1000
PRODUCT,P-507523,Nuoc xa OMO hop 200g,2,0,40000,0

INVOICE,BILL-806265,1790300536,1068000,Completed
PRODUCT,P-347582,Nuoc giat Lavie truyen thong,3,0,356000,0

INVOICE,BILL-691970,1790903680,4674000,Completed
PRODUCT,P-515287,Nuoc lau san Simply tiet kiem,1,0,396000,2000
PRODUCT,P-563187,Hat nem Tuong An tiet kiem,4,0,482000,0
PRODUCT,P-886626,Nuoc giat Clear cao cap,3,0,439000,0
PRODUCT,P-895242,Banh quy Lifebuoy dam da,1,0,167000,0
PRODUCT,P-436768,Nuoc suoi Oishi truyen thong,4,0,217000,0

INVOICE,BILL-284186,1790919937,2601000,Completed
PRODUCT,P-741780,Gia vi Vinamilk chai 500ml,3,0,20000,1000
PRODUCT,P-563339,Nuoc suoi Vinamilk dam da,1,0,410000,2000
PRODUCT,P-105274,Hat nem Barona khong duong,2,0,446000,2000
PRODUCT,P-681868,Gia vi Omachi khong duong,3,0,174000,0
PRODUCT,P-239999,Mi goi Maggi it duong,3,0,242000,0

INVOICE,BILL-651765,1790293534,378000,Completed
PRODUCT,P-550137,Snack Sunsilk goi 85g,1,0,379000,1000

INVOICE,BILL-425956,1790367038,752000,Completed
PRODUCT,P-141797,Sua tuoi Tuong An tiet kiem,5,1,56000,0
PRODUCT,P-804737,Nuoc giat Colgate chai 500ml,1,0,453000,0
PRODUCT,P-195643,Dau goi TH True Milk it duong,1,0,21000,2000

INVOICE,BILL-726531,1790707403,3228000,Completed
PRODUCT,P-452207,Nuoc mam Tuong An dam da,3,0,353000,0
PRODUCT,P-933510,Nuoc mam OMO truyen thong,2,0,423000,0
PRODUCT,P-783823,Nuoc ngot OMO loc 4 hop,2,0,468000,0
PRODUCT,P-817552,Nuoc xa Chin-su truyen thong,1,0,387000,0

INVOICE,BILL-955059,1790895782,1468000,Completed
PRODUCT,P-613898,Hat nem Pepsi chai 500ml,2,0,497000,2000
PRODUCT,P-916118,Nuoc ngot Simply loc 4 hop,1,0,478000,0

INVOICE,BILL-124516,1790852726,5342000,Completed
PRODUCT,P-778998,Nuoc xa Maggi loc 4 hop,4,0,289000,2000
PRODUCT,P-435476,Nuoc ngot Sunlight it duong,4,0,469000,0
PRODUCT,P-544815,Nuoc ngot Lavie cao cap,3,0,273000,2000
PRODUCT,P-138817,Gia vi Maggi tiet kiem,1,0,468000,1000
PRODUCT,P-872246,Nuoc suoi Maggi huong vi tu nhien,2,0,85000,0
PRODUCT,P-971482,Kem danh rang Sunlight cao cap,4,0,218000,1000

INVOICE,BILL-483070,1790521152,780000,Completed
PRODUCT,P-288066,Nuoc xa Nam Ngu dam da,2,0,390000,0

INVOICE,BILL-144739,1790455886,540000,Completed
PRODUCT,P-197627,Nuoc tuong OMO loc 4 hop,5,0,8000,0
PRODUCT,P-534572,Nuoc xa Sting hop 200g,1,0,98000,0
PRODUCT,P-461264,Kem danh rang Comfort dam da,1,0,339000,0
PRODUCT,P-425138,Banh quy Simply khong duong,3,0,21000,0

INVOICE,BILL-884758,1790981134,2325000,Completed
PRODUCT,P-663483,Nuoc suoi Coca Cola loc 4 hop,5,0,465000,0

INVOICE,BILL-833872,1790631110,862000,Completed
PRODUCT,P-700538,Banh quy Lavie goi 85g,2,0,431000,0

INVOICE,BILL-621046,1790759381,2335000,Completed
PRODUCT,P-239816,Gia vi Simply truyen thong,3,0,185000,0
PRODUCT,P-593446,Khan giay Kinh Do truyen thong,4,0,424000,2000
PRODUCT,P-450533,Nuoc giat Omachi it duong,4,0,23000,0

INVOICE,BILL-300547,1790520592,510000,Completed
PRODUCT,P-453796,Nuoc mam Nam Ngu huong vi tu nhien,1,0,214000,0
PRODUCT,P-655132,Nuoc lau san Colgate chai 1L,4,0,74000,0

INVOICE,BILL-425709,1790372937,2563000,Completed
PRODUCT,P-531262,Mi goi Pepsi chai 1L,4,0,338000,1000
PRODUCT,P-922412,Tuong ot Lavie chai 1L,2,0,245000,0
PRODUCT,P-590094,Nuoc lau san Red Bull goi 85g,3,1,56000,1000
PRODUCT,P-888939,Nuoc giat Simply khong duong,2,0,122000,0
PRODUCT,P-163386,Kem danh rang OMO chai 500ml,4,1,79000,0

INVOICE,BILL-546318,1790671585,2525000,Completed
PRODUCT,P-475190,Nuoc ngot Chin-su chai 1L,5,0,457000,2000
PRODUCT,P-908812,Kem danh rang Sunlight can 2L,5,0,51000,1000

INVOICE,BILL-304966,1790880086,2377000,Completed
PRODUCT,P-776364,Nuoc ngot Sunsilk truyen thong,3,0,23000,2000
PRODUCT,P-714590,Nuoc giat OMO cao cap,5,0,43000,0
PRODUCT,P-929912,Khan giay Nescafe huong vi tu nhien,5,0,84000,0
PRODUCT,P-408467,Nuoc mam Sunsilk tiet kiem,1,0,224000,0
PRODUCT,P-193826,Sua tam G7 cao cap,5,0,48000,2000
PRODUCT,P-175902,Sua tam Lifebuoy goi 85g,5,0,245000,0

INVOICE,BILL-176883,1790880910,935000,Completed
PRODUCT,P-309902,Dau an Aquafina tiet kiem,3,0,33000,0
PRODUCT,P-182216,Khan giay Closeup hop 200g,2,0,419000,1000

INVOICE,BILL-658743,1790711262,6265000,Completed
PRODUCT,P-910065,Dau an Colgate dam da,4,0,128000,5000
PRODUCT,P-535820,Mi goi Closeup goi 85g,5,0,355000,0
PRODUCT,P-408721,Mi goi Nam Ngu khong duong,3,0,342000,0
PRODUCT,P-409727,Nuoc ngot Kinh Do tiet kiem,5,0,409000,5000
PRODUCT,P-385577,Nuoc ngot Clear loc 4 hop,4,0,239000,1000

INVOICE,BILL-173681,1790848440,3994000,Completed
PRODUCT,P-776856,Tuong ot Closeup truyen thong,5,0,483000,1000
PRODUCT,P-120480,Nuoc tuong Maggi khong duong,2,0,345000,0
PRODUCT,P-993650,Sua tam G7 khong duong,2,0,452000,5000

INVOICE,BILL-621030,1790214689,1374000,Completed
PRODUCT,P-559450,Banh quy Maggi cao cap,3,0,344000,0
PRODUCT,P-787326,Snack Lavie huong vi tu nhien,3,0,114000,0

INVOICE,BILL-715044,1790466886,6070000,Completed
PRODUCT,P-144109,Nuoc tuong Colgate loc 4 hop,5,0,417000,1000
PRODUCT,P-274987,Nuoc ngot TH True Milk dam da,2,0,498000,0
PRODUCT,P-342389,Tuong ot Sting chai 1L,2,0,91000,0
PRODUCT,P-812413,Dau an Barona truyen thong,4,1,232000,1000
PRODUCT,P-370211,Banh quy Comfort chai 500ml,2,0,301000,5000
PRODUCT,P-665497,Nuoc suoi Tuong An hop 200g,4,1,324000,0

INVOICE,BILL-380832,1790985277,982000,Completed
PRODUCT,P-542828,Khan giay Colgate chai 500ml,2,0,491000,0

INVOICE,BILL-827233,1790352273,5764000,Completed
PRODUCT,P-808640,Sua tuoi Barona truyen thong,3,0,450000,0
PRODUCT,P-977345,Snack Omachi hop 200g,1,0,85000,0
PRODUCT,P-962057,Dau an Nam Ngu dam da,4,0,40000,0
PRODUCT,P-256911,Nuoc xa Tuong An huong vi tu nhien,5,0,463000,2000
PRODUCT,P-938817,Gia vi Sunlight cao cap,3,0,184000,0
PRODUCT,P-455193,Nuoc suoi Maggi loc 4 hop,4,0,330000,2000

INVOICE,BILL-770881,1790580102,4374000,Completed
PRODUCT,P-335729,Snack Nam Ngu tiet kiem,5,0,296000,0
PRODUCT,P-587115,Dau goi Maggi can 2L,1,0,470000,0
PRODUCT,P-977740,Kem danh rang Coca Cola chai 1L,4,0,455000,0
PRODUCT,P-307757,Banh quy Aquafina hop 200g,2,0,302000,0

INVOICE,BILL-274581,1790734394,2070000,Completed
PRODUCT,P-404309,Banh quy Hao Hao goi 85g,4,0,237000,5000
PRODUCT,P-393308,Ca phe Lay's dam da,1,0,498000,0
PRODUCT,P-690996,Nuoc giat Coca Cola huong vi tu nhien,4,0,53000,5000
PRODUCT,P-207282,Mi goi Colgate goi 85g,4,0,113000,0

INVOICE,BILL-216760,1790924161,1968000,Completed
PRODUCT,P-147504,Nuoc giat Clear goi 85g,5,0,314000,2000
PRODUCT,P-286450,Nuoc ngot Barona truyen thong,4,0,103000,1000

INVOICE,BILL-636234,1790357022,2917000,Completed
PRODUCT,P-829716,Nuoc xa Clear dam da,4,0,119000,5000
PRODUCT,P-648530,Gia vi Aquafina huong vi tu nhien,2,0,246000,1000
PRODUCT,P-221620,Gia vi Lay's cao cap,1,0,391000,0
PRODUCT,P-388078,Sua tam Simply cao cap,4,0,397000,2000

INVOICE,BILL-936815,1790229310,1546000,Completed
PRODUCT,P-950941,Snack Clear hop 200g,1,0,225000,5000
PRODUCT,P-963333,Nuoc mam Tuong An dam da,3,0,447000,5000

INVOICE,BILL-871171,1790876843,77000,Completed
PRODUCT,P-292401,Snack Tuong An it duong,1,0,65000,0
PRODUCT,P-706005,Sua tam Lavie khong duong,4,0,5000,2000

INVOICE,BILL-256023,1790939605,6032000,Completed
PRODUCT,P-663356,Dau an Omachi hop 200g,4,0,62000,0
PRODUCT,P-832168,Nuoc lau san Nescafe khong duong,4,0,288000,2000
PRODUCT,P-352356,Snack Tuong An cao cap,5,0,290000,0
PRODUCT,P-456005,Nuoc giat Lavie chai 1L,5,1,190000,2000
PRODUCT,P-738551,Nuoc mam Colgate huong vi tu nhien,5,0,450000,0

INVOICE,BILL-100725,1790959126,1734000,Completed
PRODUCT,P-880762,Nuoc xa Clear khong duong,1,0,386000,0
PRODUCT,P-419644,Sua tuoi Omachi cao cap,4,0,338000,1000

INVOICE,BILL-604185,1790168419,320000,Completed
PRODUCT,P-819380,Sua tam Closeup can 2L,4,0,64000,0
PRODUCT,P-449247,Dau goi Vinamilk hop 200g,4,0,16000,0

INVOICE,BILL-225738,1790216010,1083000,Completed
PRODUCT,P-559259,Sua tuoi Coca Cola hop 200g,3,0,179000,0
PRODUCT,P-656837,Nuoc xa TH True Milk loc 4 hop,2,0,218000,0
PRODUCT,P-526156,Sua tuoi Vinamilk khong duong,1,0,110000,0

INVOICE,BILL-661304,1790723909,2383000,Completed
PRODUCT,P-903506,Nuoc ngot Hao Hao cao cap,1,0,395000,0
PRODUCT,P-487896,Tuong ot Sunlight truyen thong,5,0,197000,2000
PRODUCT,P-346729,Dau an Maggi loc 4 hop,5,0,123000,5000
PRODUCT,P-612997,Khan giay Red Bull dam da,3,0,141000,0

INVOICE,BILL-231245,1790379399,3285000,Completed
PRODUCT,P-419491,Khan giay Red Bull loc 4 hop,1,0,467000,0
PRODUCT,P-827497,Gia vi Kinh Do loc 4 hop,1,0,70000,1000
PRODUCT,P-987599,Dau an Sting can 2L,1,0,202000,0
PRODUCT,P-433451,Nuoc giat Aquafina goi 85g,4,0,44000,5000
PRODUCT,P-766738,Gia vi Simply dam da,3,0,197000,5000
PRODUCT,P-576728,Gia vi Lavie tiet kiem,5,0,363000,0

INVOICE,BILL-494292,1791012806,539000,Completed
PRODUCT,P-587957,Ca phe Closeup can 2L,2,0,253000,0
PRODUCT,P-268772,Hat nem Oishi cao cap,3,0,16000,5000

INVOICE,BILL-619606,1790416252,3227000,Completed
PRODUCT,P-355709,Nuoc giat Vinamilk truyen thong,2,0,108000,2000
PRODUCT,P-130610,Dau an Red Bull chai 1L,3,0,14000,0
PRODUCT,P-179392,Dau goi Sunsilk chai 500ml,2,0,264000,0
PRODUCT,P-621533,Nuoc xa Sunsilk dam da,4,0,246000,2000
PRODUCT,P-155004,Dau goi TH True Milk chai 1L,4,0,235000,5000
PRODUCT,P-885386,Nuoc lau san Simply chai 1L,3,0,188000,5000

INVOICE,BILL-569389,1790357108,127000,Completed
PRODUCT,P-431067,Dau goi Lifebuoy tiet kiem,1,0,128000,1000

INVOICE,BILL-594266,1790344329,1672000,Completed
PRODUCT,P-959340,Sua tuoi Maggi hop 200g,3,0,157000,0
PRODUCT,P-324993,Sua tuoi Omachi hop 200g,3,0,302000,5000
PRODUCT,P-535352,Tuong ot Oishi tiet kiem,2,0,155000,0

INVOICE,BILL-837221,1790708376,4324000,Completed
PRODUCT,P-567951,Hat nem Lifebuoy dam da,3,0,371000,0
PRODUCT,P-513296,Nuoc giat Oishi truyen thong,2,0,441000,1000
PRODUCT,P-635482,Banh quy Nescafe huong vi tu nhien,3,0,274000,2000
PRODUCT,P-145421,Dau an Sting tiet kiem,5,0,303000,0

INVOICE,BILL-682581,1790507408,5605000,Completed
PRODUCT,P-366431,Dau an Vinamilk hop 200g,5,0,410000,2000
PRODUCT,P-568436,Nuoc tuong Knorr goi 85g,3,0,339000,2000
PRODUCT,P-927043,Banh quy Oishi tiet kiem,5,1,101000,1000
PRODUCT,P-469438,Gia vi Simply it duong,4,0,172000,0
PRODUCT,P-782141,Dau an Vinamilk it duong,2,0,49000,2000
PRODUCT,P-593446,Khan giay Kinh Do truyen thong,3,0,424000,0

INVOICE,BILL-157580,1790767151,950000,Completed
PRODUCT,P-135138,Nuoc lau san Clear khong duong,4,0,179000,0
PRODUCT,P-134985,Dau goi Coca Cola huong vi tu nhien,1,0,210000,0
PRODUCT,P-149405,Nuoc lau san G7 huong vi tu nhien,1,0,24000,0

INVOICE,BILL-836558,1790631813,4412000,Completed
PRODUCT,P-247720,Khan giay Sting cao cap,4,0,353000,0
PRODUCT,P-461939,Hat nem Hao Hao goi 85g,4,0,262000,1000
PRODUCT,P-459316,Tuong ot Comfort can 2L,4,0,494000,5000

INVOICE,BILL-158850,1790881635,2611000,Completed
PRODUCT,P-316612,Nuoc giat TH True Milk chai 1L,2,0,8000,5000
PRODUCT,P-886730,Nuoc mam Tuong An khong duong,2,0,340000,0
PRODUCT,P-901677,Sua tuoi Hao Hao huong vi tu nhien,5,0,290000,2000
PRODUCT,P-769320,Dau an Comfort cao cap,1,0,3000,2000
PRODUCT,P-955653,Nuoc suoi Lavie goi 85g,4,0,122000,1000

INVOICE,BILL-634675,1790467816,3089000,Completed
PRODUCT,P-656932,Nuoc xa Lay's it duong,3,0,219000,0
PRODUCT,P-855053,Sua tam Sunsilk cao cap,3,0,71000,5000
PRODUCT,P-380150,Mi goi Coca Cola it duong,3,0,498000,0
PRODUCT,P-858724,Nuoc ngot OMO huong vi tu nhien,4,0,186000,1000

INVOICE,BILL-226724,1790861484,100000,Completed
PRODUCT,P-413369,Tuong ot Red Bull truyen thong,4,0,26000,1000

INVOICE,BILL-594209,1790787673,3525000,Completed
PRODUCT,P-462831,Nuoc tuong OMO chai 1L,3,0,411000,2000
PRODUCT,P-792818,Dau goi Hao Hao loc 4 hop,5,1,455000,0
PRODUCT,P-121215,Nuoc suoi Sunsilk chai 1L,1,0,28000,5000

INVOICE,BILL-623257,1790604921,2828000,Completed
PRODUCT,P-886325,Nuoc lau san Aquafina dam da,3,0,110000,5000
PRODUCT,P-248989,Dau goi TH True Milk chai 500ml,2,0,153000,5000
PRODUCT,P-117094,Hat nem Nam Ngu dam da,4,0,93000,0
PRODUCT,P-934904,Khan giay Closeup tiet kiem,5,0,291000,1000
PRODUCT,P-609232,Snack Aquafina loc 4 hop,5,0,84000,5000

INVOICE,BILL-243270,1790623602,1965000,Completed
PRODUCT,P-297062,Ca phe Sting chai 1L,2,0,146000,0
PRODUCT,P-819335,Gia vi Knorr khong duong,2,0,302000,1000
PRODUCT,P-280908,Ca phe Nam Ngu huong vi tu nhien,3,0,299000,0
PRODUCT,P-287330,Nuoc giat Colgate hop 200g,3,0,58000,0

INVOICE,BILL-562750,1790533162,4162000,Completed
PRODUCT,P-891645,Nuoc xa Simply chai 500ml,3,0,362000,0
PRODUCT,P-136415,Dau goi Lifebuoy dam da,2,0,377000,0
PRODUCT,P-533911,Nuoc ngot OMO it duong,1,0,488000,0
PRODUCT,P-367271,Dau goi Nam Ngu khong duong,4,0,432000,1000
PRODUCT,P-307428,Sua tuoi Chin-su khong duong,5,0,23000,1000

INVOICE,BILL-184150,1790545082,3387000,Completed
PRODUCT,P-935457,Nuoc ngot Clear tiet kiem,5,0,36000,0
PRODUCT,P-322409,Nuoc ngot Omachi huong vi tu nhien,3,1,419000,0
PRODUCT,P-993522,Nuoc lau san Simply khong duong,5,0,58000,1000
PRODUCT,P-388519,Dau goi Sunlight truyen thong,2,0,451000,5000
PRODUCT,P-695361,Sua tuoi Knorr loc 4 hop,2,0,215000,5000
PRODUCT,P-207175,Nuoc giat Pepsi chai 1L,1,0,358000,5000

INVOICE,BILL-299963,1790230124,3316000,Completed
PRODUCT,P-380028,Mi goi Sunsilk chai 1L,4,0,329000,2000
PRODUCT,P-503097,Dau an Clear dam da,3,0,270000,0
PRODUCT,P-151470,Khan giay Barona chai 1L,5,0,56000,0
PRODUCT,P-929151,Nuoc suoi Vinamilk cao cap,2,0,461000,2000

INVOICE,BILL-837095,1790878041,4731000,Completed
PRODUCT,P-359409,Sua tam TH True Milk it duong,5,0,461000,5000
PRODUCT,P-485896,Nuoc ngot Tuong An huong vi tu nhien,2,0,333000,2000
PRODUCT,P-432125,Dau an Sting dam da,4,0,334000,2000
PRODUCT,P-929151,Nuoc suoi Vinamilk cao cap,1,0,461000,0

INVOICE,BILL-927349,1790360574,1230000,Completed
PRODUCT,P-877747,Mi goi Lavie chai 1L,3,0,412000,2000

INVOICE,BILL-213225,1790561919,4638000,Completed
PRODUCT,P-413791,Nuoc giat Lifebuoy tiet kiem,4,0,324000,1000
PRODUCT,P-532699,Nuoc giat Chin-su dam da,1,0,439000,5000
PRODUCT,P-486490,Snack Kinh Do hop 200g,1,0,81000,5000
PRODUCT,P-803024,Nuoc suoi Kinh Do hop 200g,4,0,358000,0
PRODUCT,P-214532,Nuoc ngot Kinh Do chai 500ml,3,0,469000,1000

INVOICE,BILL-289620,1790486069,1514000,Completed
PRODUCT,P-100909,Sua tam Coca Cola chai 1L,4,0,147000,0
PRODUCT,P-296059,Nuoc ngot Closeup chai 1L,1,0,483000,5000
PRODUCT,P-479052,Nuoc ngot Pepsi dam da,2,0,229000,5000

INVOICE,BILL-818577,1790463712,2270000,Completed
PRODUCT,P-279517,Hat nem G7 can 2L,4,0,411000,1000
PRODUCT,P-772561,Hat nem Sting it duong,5,0,128000,2000

INVOICE,BILL-257492,1790254722,3481000,Completed
PRODUCT,P-721748,Mi goi Aquafina truyen thong,4,0,154000,5000
PRODUCT,P-381444,Gia vi Vinamilk it duong,5,1,134000,1000
PRODUCT,P-589554,Gia vi Lifebuoy chai 500ml,5,0,445000,1000

INVOICE,BILL-524129,1790893537,1333000,Completed
PRODUCT,P-934883,Kem danh rang Vinamilk hop 200g,4,0,94000,0
PRODUCT,P-580718,Mi goi Simply dam da,2,0,393000,1000
PRODUCT,P-584498,Nuoc giat Aquafina huong vi tu nhien,1,0,175000,2000

INVOICE,BILL-107146,1790428014,1060000,Completed
PRODUCT,P-564276,Nuoc ngot Kinh Do goi 85g,4,0,270000,5000

INVOICE,BILL-953586,1790348980,1417000,Completed
PRODUCT,P-598598,Khan giay Kinh Do khong duong,4,0,301000,0
PRODUCT,P-443254,Banh quy Barona khong duong,1,0,215000,2000

INVOICE,BILL-713651,1790379908,5312000,Completed
PRODUCT,P-245308,Snack Barona cao cap,5,0,313000,2000
PRODUCT,P-112166,Hat nem Sunlight goi 85g,5,0,85000,0
PRODUCT,P-517643,Nuoc xa Nescafe tiet kiem,5,0,50000,2000
PRODUCT,P-865979,Nuoc giat Chin-su can 2L,4,0,138000,2000
PRODUCT,P-263573,Nuoc lau san Clear huong vi tu nhien,2,0,136000,2000
PRODUCT,P-640828,Khan giay Sting chai 500ml,5,0,461000,5000

INVOICE,BILL-393349,1790594184,3947000,Completed
PRODUCT,P-976792,Nuoc ngot OMO truyen thong,2,0,424000,5000
PRODUCT,P-682959,Mi goi Closeup tiet kiem,4,0,424000,0
PRODUCT,P-272769,Tuong ot Hao Hao khong duong,2,0,201000,2000
PRODUCT,P-964749,Khan giay Pepsi dam da,1,0,493000,0
PRODUCT,P-871976,Dau an Red Bull truyen thong,3,0,175000,1000

INVOICE,BILL-224825,1790354297,1200000,Completed
PRODUCT,P-865433,Ca phe Lavie huong vi tu nhien,5,0,240000,0

INVOICE,BILL-978693,1790279864,1491000,Completed
PRODUCT,P-127645,Hat nem Sunsilk loc 4 hop,5,0,153000,5000
PRODUCT,P-959972,Ca phe Comfort goi 85g,3,0,44000,5000
PRODUCT,P-233391,Hat nem Sunlight cao cap,2,0,317000,0

INVOICE,BILL-906289,1790294508,5736000,Completed
PRODUCT,P-466566,Gia vi Nam Ngu cao cap,5,0,382000,0
PRODUCT,P-868170,Nuoc lau san Simply chai 1L,4,0,5000,0
PRODUCT,P-199807,Snack Sting cao cap,1,0,464000,5000
PRODUCT,P-776856,Tuong ot Closeup truyen thong,3,0,483000,2000
PRODUCT,P-540656,Sua tam G7 loc 4 hop,4,0,476000,0

INVOICE,BILL-188324,1790472214,5255000,Completed
PRODUCT,P-656251,Nuoc ngot Closeup truyen thong,3,0,454000,1000
PRODUCT,P-405509,Ca phe Hao Hao truyen thong,1,0,165000,2000
PRODUCT,P-823378,Snack Nescafe khong duong,5,0,208000,0
PRODUCT,P-660081,Gia vi Sunlight goi 85g,2,0,271000,2000
PRODUCT,P-884475,Nuoc giat G7 it duong,5,0,217000,1000
PRODUCT,P-774558,Mi goi Kinh Do goi 85g,5,0,217000,2000

INVOICE,BILL-478311,1790378161,3093000,Completed
PRODUCT,P-837290,Dau goi Nam Ngu hop 200g,2,0,63000,5000
PRODUCT,P-185884,Nuoc tuong Comfort cao cap,2,0,332000,1000
PRODUCT,P-876636,Nuoc tuong Tuong An cao cap,3,0,474000,5000
PRODUCT,P-244192,Dau goi Tuong An dam da,3,0,227000,1000
PRODUCT,P-330533,Mi goi Comfort can 2L,2,0,115000,0

INVOICE,BILL-973044,1791008568,4004000,Completed
PRODUCT,P-441183,Kem danh rang Chin-su it duong,4,0,475000,0
PRODUCT,P-241176,Kem danh rang Simply hop 200g,1,0,111000,0
PRODUCT,P-961493,Mi goi Pepsi can 2L,3,0,58000,2000
PRODUCT,P-690462,Tuong ot Lay's chai 500ml,3,0,253000,0
PRODUCT,P-856320,Tuong ot Lifebuoy goi 85g,2,1,464000,5000
PRODUCT,P-885161,Nuoc giat Colgate dam da,4,0,37000,0

INVOICE,BILL-648401,1790900137,4097000,Completed
PRODUCT,P-898169,Nuoc lau san Pepsi can 2L,3,0,33000,5000
PRODUCT,P-239164,Sua tuoi Omachi truyen thong,4,0,450000,2000
PRODUCT,P-202827,Tuong ot Oishi chai 500ml,3,0,495000,2000
PRODUCT,P-825990,Nuoc suoi Barona chai 500ml,5,0,93000,1000
PRODUCT,P-351516,Banh quy Lay's khong duong,3,0,94000,0

INVOICE,BILL-670888,1790781125,214000,Completed
PRODUCT,P-395459,Tuong ot Oishi chai 1L,2,0,107000,0

INVOICE,BILL-738743,1790598027,2740000,Completed
PRODUCT,P-825318,Dau goi Comfort goi 85g,4,0,120000,0
PRODUCT,P-378428,Nuoc tuong Oishi khong duong,2,0,463000,1000
PRODUCT,P-831063,Sua tam Vinamilk chai 500ml,1,0,189000,0
PRODUCT,P-488196,Sua tam Red Bull truyen thong,1,0,93000,2000
PRODUCT,P-854024,Dau an Nescafe huong vi tu nhien,2,0,106000,0
PRODUCT,P-348728,Dau goi OMO truyen thong,2,0,422000,0

INVOICE,BILL-328456,1790407346,4710000,Completed
PRODUCT,P-316823,Nuoc mam Hao Hao cao cap,3,0,440000,5000
PRODUCT,P-321275,Nuoc lau san Sunsilk chai 1L,4,0,441000,1000
PRODUCT,P-992647,Mi goi Omachi cao cap,4,0,366000,5000
PRODUCT,P-584935,Nuoc suoi Clear chai 500ml,3,0,67000,0

INVOICE,BILL-556714,1790813054,3942000,Completed
PRODUCT,P-355528,Snack Kinh Do truyen thong,5,0,324000,0
PRODUCT,P-919394,Mi goi Colgate truyen thong,1,0,369000,1000
PRODUCT,P-993590,Sua tam Tuong An huong vi tu nhien,4,0,256000,0
PRODUCT,P-116078,Nuoc xa Knorr tiet kiem,2,0,467000,2000

INVOICE,BILL-619210,1790595173,3948000,Completed
PRODUCT,P-891401,Kem danh rang Red Bull chai 1L,2,0,429000,1000
PRODUCT,P-102693,Nuoc suoi Aquafina hop 200g,3,0,153000,0
PRODUCT,P-738635,Nuoc ngot Coca Cola goi 85g,3,0,303000,2000
PRODUCT,P-263568,Sua tam Colgate tiet kiem,2,0,445000,5000
PRODUCT,P-341099,Nuoc lau san Aquafina tiet kiem,5,0,172000,2000

INVOICE,BILL-754430,1790323582,5123000,Completed
PRODUCT,P-479781,Hat nem Red Bull goi 85g,5,0,139000,5000
PRODUCT,P-906519,Nuoc xa G7 it duong,1,0,291000,5000
PRODUCT,P-474894,Ca phe Lay's cao cap,2,0,301000,1000
PRODUCT,P-991993,Nuoc ngot G7 dam da,5,0,369000,0
PRODUCT,P-827744,Nuoc ngot Red Bull can 2L,5,0,308000,5000
PRODUCT,P-644676,Kem danh rang Oishi can 2L,3,0,71000,2000

INVOICE,BILL-648238,1790744208,3044000,Completed
PRODUCT,P-186518,Nuoc ngot Closeup chai 1L,4,0,65000,5000
PRODUCT,P-670792,Sua tam Hao Hao hop 200g,3,0,405000,2000
PRODUCT,P-766269,Nuoc ngot Omachi can 2L,5,0,91000,5000
PRODUCT,P-947568,Nuoc xa Closeup goi 85g,5,0,233000,0

INVOICE,BILL-467727,1790875991,2287000,Completed
PRODUCT,P-523808,Kem danh rang Nam Ngu khong duong,3,1,220000,5000
PRODUCT,P-980919,Nuoc ngot OMO goi 85g,3,0,84000,5000
PRODUCT,P-265722,Gia vi Aquafina goi 85g,1,0,148000,1000
PRODUCT,P-332785,Nuoc xa Omachi goi 85g,2,0,325000,0
PRODUCT,P-522419,Mi goi Chin-su huong vi tu nhien,1,0,482000,0
PRODUCT,P-113390,Khan giay Red Bull goi 85g,3,0,43000,1000

INVOICE,BILL-405051,1790210997,3867000,Completed
PRODUCT,P-273565,Sua tuoi Sunlight cao cap,5,0,148000,1000
PRODUCT,P-321099,Khan giay Closeup chai 500ml,3,0,395000,0
PRODUCT,P-350675,Ca phe Oishi chai 1L,3,0,104000,5000
PRODUCT,P-558089,Gia vi Pepsi it duong,3,0,156000,0
PRODUCT,P-931621,Dau an Knorr chai 1L,1,0,443000,5000
PRODUCT,P-557058,Sua tuoi Comfort goi 85g,4,0,188000,2000

INVOICE,BILL-280633,1790654880,668000,Completed
PRODUCT,P-434165,Banh quy Kinh Do chai 1L,4,0,17000,0
PRODUCT,P-721121,Nuoc lau san Lay's huong vi tu nhien,4,0,151000,1000

INVOICE,BILL-362599,1790745519,575000,Completed
PRODUCT,P-814825,Nuoc xa Maggi chai 500ml,5,0,116000,1000

INVOICE,BILL-229755,1790730008,3517000,Completed
PRODUCT,P-776856,Tuong ot Closeup truyen thong,2,0,483000,0
PRODUCT,P-385765,Dau goi Pepsi huong vi tu nhien,2,0,178000,5000
PRODUCT,P-780714,Nuoc lau san Nam Ngu khong duong,1,0,251000,2000
PRODUCT,P-458332,Ca phe Nescafe truyen thong,4,0,119000,0
PRODUCT,P-582446,Nuoc ngot Lifebuoy khong duong,4,0,170000,0
PRODUCT,P-656639,Nuoc ngot Tuong An it duong,2,1,400000,0

INVOICE,BILL-737492,1791010947,3742000,Completed
PRODUCT,P-656926,Kem danh rang G7 hop 200g,2,0,168000,0
PRODUCT,P-797416,Nuoc lau san G7 goi 85g,5,0,53000,0
PRODUCT,P-846247,Dau goi Vinamilk tiet kiem,1,0,107000,0
PRODUCT,P-373094,Nuoc ngot Nam Ngu goi 85g,5,0,436000,0
PRODUCT,P-174852,Dau goi Simply hop 200g,2,0,427000,0

INVOICE,BILL-642570,1790445525,3702000,Completed
PRODUCT,P-856157,Gia vi Vinamilk dam da,3,0,58000,5000
PRODUCT,P-493247,Mi goi Nescafe it duong,4,0,74000,1000
PRODUCT,P-450006,Nuoc xa Clear hop 200g,4,0,301000,5000
PRODUCT,P-803904,Nuoc mam Hao Hao goi 85g,2,0,223000,0
PRODUCT,P-189913,Snack Coca Cola chai 1L,2,0,83000,0
PRODUCT,P-699929,Gia vi Clear cao cap,5,0,293000,2000

INVOICE,BILL-932695,1790314058,3361000,Completed
PRODUCT,P-624776,Banh quy Omachi chai 500ml,1,0,239000,1000
PRODUCT,P-292930,Tuong ot Kinh Do loc 4 hop,5,0,459000,0
PRODUCT,P-232413,Dau goi Lavie hop 200g,3,0,257000,0
PRODUCT,P-572536,Sua tuoi Colgate hop 200g,3,0,20000,1000

INVOICE,BILL-866774,1790648652,792000,Completed
PRODUCT,P-261450,Nuoc giat Tuong An chai 500ml,3,0,206000,5000
PRODUCT,P-621433,Mi goi Lavie chai 1L,1,0,190000,1000

INVOICE,BILL-573513,1790689771,406000,Completed
PRODUCT,P-475911,Gia vi Comfort can 2L,2,0,208000,5000

INVOICE,BILL-664828,1790968549,3518000,Completed
PRODUCT,P-891030,Khan giay Nam Ngu dam da,4,0,318000,0
PRODUCT,P-249644,Banh quy Barona chai 500ml,1,0,365000,5000
PRODUCT,P-682959,Mi goi Closeup tiet kiem,4,0,424000,5000
PRODUCT,P-635618,Sua tuoi Sting hop 200g,1,0,212000,2000

INVOICE,BILL-435199,1790217326,2837000,Completed
PRODUCT,P-462479,Mi goi Lavie truyen thong,3,0,84000,5000
PRODUCT,P-299659,Gia vi OMO dam da,3,0,137000,1000
PRODUCT,P-430926,Nuoc ngot OMO khong duong,4,0,460000,2000
PRODUCT,P-257375,Nuoc lau san Vinamilk chai 500ml,2,0,180000,0

INVOICE,BILL-666849,1790711299,3616000,Completed
PRODUCT,P-987624,Ca phe Lifebuoy goi 85g,2,0,462000,0
PRODUCT,P-253999,Nuoc xa Oishi tiet kiem,5,0,196000,0
PRODUCT,P-460589,Tuong ot Nam Ngu hop 200g,4,0,243000,5000
PRODUCT,P-237509,Banh quy Coca Cola hop 200g,2,0,380000,0

INVOICE,BILL-882940,1790524112,1098000,Completed
PRODUCT,P-676802,Gia vi Omachi goi 85g,3,0,366000,0

INVOICE,BILL-837094,1790348332,2313000,Completed
PRODUCT,P-305837,Banh quy G7 goi 85g,1,0,278000,0
PRODUCT,P-893005,Gia vi Colgate chai 500ml,4,0,73000,2000
PRODUCT,P-870571,Mi goi Pepsi dam da,2,0,184000,0
PRODUCT,P-295892,Nuoc ngot Chin-su loc 4 hop,3,0,463000,2000

INVOICE,BILL-898830,1790975310,2728000,Completed
PRODUCT,P-810929,Banh quy Lavie khong duong,2,0,479000,0
PRODUCT,P-464863,Sua tuoi Pepsi huong vi tu nhien,5,0,355000,1000

INVOICE,BILL-669801,1790713586,2613000,Completed
PRODUCT,P-803950,Sua tuoi Nam Ngu it duong,1,0,189000,2000
PRODUCT,P-327999,Hat nem Lifebuoy loc 4 hop,3,0,324000,2000
PRODUCT,P-499095,Nuoc ngot Closeup loc 4 hop,5,0,292000,0

INVOICE,BILL-773258,1790242562,4418000,Completed
PRODUCT,P-365641,Banh quy Barona dam da,1,0,446000,5000
PRODUCT,P-238595,Nuoc ngot Closeup cao cap,3,0,454000,0
PRODUCT,P-373943,Gia vi Colgate huong vi tu nhien,5,0,163000,0
PRODUCT,P-930555,Sua tam Tuong An loc 4 hop,3,0,436000,0
PRODUCT,P-216587,Mi goi Lavie it duong,2,0,22000,0
PRODUCT,P-997904,Kem danh rang Sunsilk can 2L,1,0,448000,0

INVOICE,BILL-214088,1790520458,66000,Completed
PRODUCT,P-762904,Khan giay Kinh Do loc 4 hop,1,0,66000,0

INVOICE,BILL-571955,1790336122,2775000,Completed
PRODUCT,P-339669,Khan giay Maggi chai 1L,2,0,345000,0
PRODUCT,P-952657,Dau an Coca Cola huong vi tu nhien,5,0,422000,5000

INVOICE,BILL-463949,1790324779,356000,Completed
PRODUCT,P-515018,Mi goi Hao Hao goi 85g,4,0,89000,0

INVOICE,BILL-645685,1790779249,3457000,Completed
PRODUCT,P-970127,Sua tam TH True Milk huong vi tu nhien,4,0,330000,0
PRODUCT,P-534061,Nuoc giat Nescafe dam da,1,0,289000,1000
PRODUCT,P-409307,Nuoc xa Chin-su tiet kiem,3,0,472000,0
PRODUCT,P-244000,Khan giay Simply goi 85g,1,0,433000,0

INVOICE,BILL-838813,1790233986,2164000,Completed
PRODUCT,P-943776,Dau goi Sunsilk chai 1L,4,0,105000,5000
PRODUCT,P-326130,Nuoc lau san Tuong An dam da,4,0,441000,0

INVOICE,BILL-321391,1790409414,2604000,Completed
PRODUCT,P-415830,Nuoc tuong G7 chai 500ml,2,0,455000,2000
PRODUCT,P-651356,Ca phe Tuong An goi 85g,4,0,91000,1000
PRODUCT,P-656937,Ca phe Colgate can 2L,3,0,447000,1000

INVOICE,BILL-972152,1790583254,2251000,Completed
PRODUCT,P-366431,Dau an Vinamilk hop 200g,5,0,410000,5000
PRODUCT,P-114760,Nuoc ngot Omachi huong vi tu nhien,2,0,113000,0

INVOICE,BILL-683823,1790475257,1021000,Completed
PRODUCT,P-772612,Nuoc lau san Hao Hao dam da,1,0,478000,1000
PRODUCT,P-349489,Tuong ot Oishi tiet kiem,2,0,272000,0

INVOICE,BILL-367296,1790238001,3041000,Completed
PRODUCT,P-525750,Tuong ot Kinh Do chai 500ml,5,0,418000,5000
PRODUCT,P-694397,Banh quy Omachi it duong,3,0,26000,0
PRODUCT,P-134305,Khan giay Chin-su chai 1L,4,0,75000,0
PRODUCT,P-202444,Nuoc xa Knorr hop 200g,5,0,44000,2000
PRODUCT,P-212255,Ca phe Lavie can 2L,1,0,390000,2000

INVOICE,BILL-602095,1790338837,3136000,Completed
PRODUCT,P-612855,Nuoc ngot Knorr loc 4 hop,5,0,166000,0
PRODUCT,P-660081,Gia vi Sunlight goi 85g,4,0,271000,1000
PRODUCT,P-682316,Nuoc giat OMO loc 4 hop,2,0,266000,5000
PRODUCT,P-246748,Nuoc tuong Tuong An can 2L,2,0,354000,2000

INVOICE,BILL-173101,1790445724,5245000,Completed
PRODUCT,P-271456,Sua tuoi Clear dam da,4,0,324000,0
PRODUCT,P-563690,Snack OMO huong vi tu nhien,5,0,499000,5000
PRODUCT,P-846348,Sua tam Closeup chai 500ml,3,0,493000,0

INVOICE,BILL-301862,1790589784,4164000,Completed
PRODUCT,P-225805,Gia vi Closeup cao cap,2,0,456000,0
PRODUCT,P-238173,Snack Maggi khong duong,2,0,133000,0
PRODUCT,P-553214,Ca phe Barona chai 1L,3,0,242000,2000
PRODUCT,P-623850,Sua tam Hao Hao dam da,1,0,322000,0
PRODUCT,P-514850,Mi goi Maggi cao cap,4,0,371000,5000
PRODUCT,P-612756,Hat nem Nam Ngu tiet kiem,5,0,96000,0

INVOICE,BILL-459943,1790332966,3037000,Completed
PRODUCT,P-608205,Banh quy Sting chai 1L,2,0,94000,1000
PRODUCT,P-934042,Sua tuoi Vinamilk goi 85g,3,0,447000,1000
PRODUCT,P-738419,Banh quy Chin-su it duong,1,0,268000,0
PRODUCT,P-116495,Khan giay Nescafe truyen thong,3,0,415000,0

INVOICE,BILL-605434,1790356899,3623000,Completed
PRODUCT,P-605339,Nuoc ngot Tuong An chai 1L,3,0,123000,0
PRODUCT,P-709231,Ca phe Sunlight it duong,5,0,204000,2000
PRODUCT,P-910891,Mi goi Nescafe cao cap,3,0,454000,2000
PRODUCT,P-941272,Kem danh rang Sting huong vi tu nhien,2,0,279000,0
PRODUCT,P-413369,Tuong ot Red Bull truyen thong,3,0,26000,0
PRODUCT,P-580854,Nuoc xa TH True Milk chai 1L,1,0,252000,0

INVOICE,BILL-496380,1790913509,4374000,Completed
PRODUCT,P-670913,Dau goi Maggi khong duong,4,0,392000,2000
PRODUCT,P-436814,Nuoc giat Colgate can 2L,4,0,29000,1000
PRODUCT,P-205149,Nuoc ngot Simply truyen thong,2,0,262000,0
PRODUCT,P-952646,Nuoc tuong Comfort chai 1L,1,0,183000,0
PRODUCT,P-432043,Dau goi Kinh Do goi 85g,5,0,399000,0

INVOICE,BILL-852050,1790532338,6842000,Completed
PRODUCT,P-776001,Banh quy Colgate cao cap,2,0,18000,5000
PRODUCT,P-311383,Snack Omachi tiet kiem,5,0,459000,0
PRODUCT,P-141406,Gia vi Knorr chai 1L,4,0,321000,0
PRODUCT,P-141672,Nuoc tuong Lay's goi 85g,2,0,342000,0
PRODUCT,P-649939,Kem danh rang Lay's cao cap,5,0,459000,5000
PRODUCT,P-610271,Hat nem Aquafina goi 85g,1,0,285000,2000

INVOICE,BILL-560489,1790656203,1297000,Completed
PRODUCT,P-841995,Snack Omachi chai 1L,4,0,236000,1000
PRODUCT,P-561865,Nuoc xa Nescafe hop 200g,1,0,20000,5000
PRODUCT,P-818709,Nuoc suoi Simply goi 85g,1,0,342000,0

INVOICE,BILL-114478,1790537635,256000,Completed
PRODUCT,P-993473,Nuoc mam Knorr truyen thong,1,0,261000,5000

INVOICE,BILL-955700,1790400562,4303000,Completed
PRODUCT,P-482812,Nuoc xa G7 cao cap,4,0,109000,5000
PRODUCT,P-811444,Ca phe Coca Cola loc 4 hop,5,1,372000,0
PRODUCT,P-729094,Nuoc ngot Nam Ngu hop 200g,3,0,298000,5000
PRODUCT,P-344026,Nuoc ngot Red Bull chai 1L,4,0,288000,1000

INVOICE,BILL-551276,1790761458,1197000,Completed
PRODUCT,P-423256,Nuoc lau san Tuong An chai 1L,1,0,379000,0
PRODUCT,P-416768,Nuoc ngot OMO truyen thong,5,0,67000,0
PRODUCT,P-134007,Nuoc ngot Nam Ngu hop 200g,3,0,161000,0

INVOICE,BILL-658519,1790590250,1215000,Completed
PRODUCT,P-683286,Kem danh rang G7 can 2L,1,0,234000,0
PRODUCT,P-978292,Nuoc ngot Hao Hao chai 500ml,3,0,332000,5000

INVOICE,BILL-166848,1791011484,112000,Completed
PRODUCT,P-836201,Nuoc suoi Knorr huong vi tu nhien,4,0,33000,5000

INVOICE,BILL-990433,1790663603,3451000,Completed
PRODUCT,P-589368,Tuong ot Comfort cao cap,2,0,176000,1000
PRODUCT,P-856035,Tuong ot Sting khong duong,2,0,78000,0
PRODUCT,P-805000,Sua tuoi Kinh Do khong duong,1,0,338000,0
PRODUCT,P-672949,Gia vi Tuong An huong vi tu nhien,5,0,221000,0
PRODUCT,P-190302,Nuoc tuong Hao Hao khong duong,3,0,179000,5000
PRODUCT,P-487151,Nuoc xa Lifebuoy can 2L,4,0,245000,0

INVOICE,BILL-622371,1790748043,2809000,Completed
PRODUCT,P-603704,Tuong ot Lifebuoy chai 1L,5,0,385000,2000
PRODUCT,P-599127,Nuoc xa Maggi dam da,3,0,299000,1000

INVOICE,BILL-399199,1790644194,5067000,Completed
PRODUCT,P-699573,Dau goi Maggi khong duong,5,0,415000,5000
PRODUCT,P-761532,Sua tam Clear chai 500ml,2,0,299000,1000
PRODUCT,P-153015,Dau goi Lavie goi 85g,5,0,289000,1000
PRODUCT,P-640490,Nuoc tuong Red Bull goi 85g,3,0,327000,0

INVOICE,BILL-104479,1790928012,4506000,Completed
PRODUCT,P-916232,Dau goi Hao Hao chai 500ml,3,0,446000,0
PRODUCT,P-416528,Nuoc xa Colgate huong vi tu nhien,5,0,121000,2000
PRODUCT,P-977057,Kem danh rang Coca Cola it duong,5,0,500000,1000
PRODUCT,P-568784,Ca phe Nam Ngu truyen thong,3,0,27000,1000

INVOICE,BILL-432362,1790626078,2358000,Completed
PRODUCT,P-775990,Nuoc suoi Pepsi cao cap,4,0,220000,5000
PRODUCT,P-939482,Sua tuoi OMO chai 500ml,2,0,78000,0
PRODUCT,P-559447,Kem danh rang Lavie it duong,5,0,86000,1000
PRODUCT,P-725726,Mi goi Pepsi dam da,2,0,235000,2000
PRODUCT,P-679549,Nuoc suoi Omachi chai 1L,1,0,421000,2000
PRODUCT,P-364679,Khan giay Sunlight tiet kiem,1,0,34000,2000

INVOICE,BILL-245188,1791023958,5608000,Completed
PRODUCT,P-755700,Khan giay Kinh Do hop 200g,4,0,425000,5000
PRODUCT,P-639111,Sua tuoi Maggi tiet kiem,2,0,37000,2000
PRODUCT,P-895338,Hat nem Oishi dam da,4,0,349000,2000
PRODUCT,P-892313,Dau goi Knorr hop 200g,5,0,407000,0
PRODUCT,P-950083,Nuoc suoi Red Bull dam da,5,0,87000,0

INVOICE,BILL-903939,1790596804,5389000,Completed
PRODUCT,P-486028,Hat nem Closeup huong vi tu nhien,4,0,111000,0
PRODUCT,P-520884,Sua tam Nescafe can 2L,2,0,24000,1000
PRODUCT,P-729402,Sua tam Sunsilk huong vi tu nhien,5,0,495000,0
PRODUCT,P-236392,Nuoc mam Nam Ngu can 2L,2,0,463000,1000
PRODUCT,P-670143,Gia vi Comfort goi 85g,5,0,305000,5000

INVOICE,BILL-200129,1790863544,2270000,Completed
PRODUCT,P-509018,Kem danh rang Oishi cao cap,3,0,366000,0
PRODUCT,P-166974,Nuoc lau san TH True Milk chai 1L,2,0,234000,2000
PRODUCT,P-425469,Nuoc giat G7 loc 4 hop,3,0,237000,1000

INVOICE,BILL-558518,1791003681,1001000,Completed
PRODUCT,P-422002,Dau goi Sunsilk hop 200g,5,0,121000,0
PRODUCT,P-867979,Gia vi Sunlight can 2L,1,0,396000,0

INVOICE,BILL-324450,1790605596,6945000,Completed
PRODUCT,P-550246,Snack Lay's can 2L,2,0,322000,1000
PRODUCT,P-717889,Dau an G7 dam da,3,0,255000,2000
PRODUCT,P-240800,Snack Hao Hao can 2L,3,0,417000,5000
PRODUCT,P-426503,Hat nem Nescafe dam da,5,0,387000,1000
PRODUCT,P-989227,Nuoc xa Vinamilk it duong,4,0,445000,2000
PRODUCT,P-793300,Dau goi Kinh Do huong vi tu nhien,2,0,303000,0

INVOICE,BILL-923658,1790878552,1300000,Completed
PRODUCT,P-718831,Nuoc lau san Omachi chai 1L,4,0,326000,1000

INVOICE,BILL-698819,1790828757,3582000,Completed
PRODUCT,P-929912,Khan giay Nescafe huong vi tu nhien,2,0,84000,2000
PRODUCT,P-421080,Khan giay Knorr cao cap,2,0,204000,5000
PRODUCT,P-901280,Nuoc giat TH True Milk loc 4 hop,5,0,173000,2000
PRODUCT,P-719677,Nuoc giat OMO chai 1L,3,0,453000,5000
PRODUCT,P-393328,Khan giay Barona truyen thong,4,0,84000,1000
PRODUCT,P-844163,Mi goi Nam Ngu chai 1L,3,1,163000,0

INVOICE,BILL-328047,1790602016,798000,Completed
PRODUCT,P-173807,Sua tam Sunlight khong duong,2,0,399000,0

INVOICE,BILL-225064,1790731337,320000,Completed
PRODUCT,P-371212,Dau goi Tuong An it duong,4,0,82000,2000

INVOICE,BILL-428201,1790364298,3464000,Completed
PRODUCT,P-149405,Nuoc lau san G7 huong vi tu nhien,4,0,24000,0
PRODUCT,P-763529,Nuoc lau san Hao Hao tiet kiem,4,0,333000,0
PRODUCT,P-217830,Kem danh rang Sunsilk chai 1L,1,0,73000,1000
PRODUCT,P-267520,Nuoc lau san Barona huong vi tu nhien,4,0,313000,2000
PRODUCT,P-405925,Sua tam G7 khong duong,4,0,101000,2000
PRODUCT,P-583220,Tuong ot Coca Cola cao cap,1,0,326000,2000

INVOICE,BILL-924935,1790442776,5505000,Completed
PRODUCT,P-183840,Ca phe Sunlight it duong,5,0,411000,1000
PRODUCT,P-599968,Nuoc giat Knorr goi 85g,2,0,485000,1000
PRODUCT,P-145767,Khan giay Tuong An chai 1L,3,0,165000,0
PRODUCT,P-752011,Kem danh rang Sting truyen thong,3,0,21000,0
PRODUCT,P-908239,Nuoc ngot Oishi chai 1L,3,0,364000,5000
PRODUCT,P-686716,Nuoc giat Sunlight huong vi tu nhien,3,0,284000,0

INVOICE,BILL-182012,1790825997,2285000,Completed
PRODUCT,P-992562,Dau an Maggi can 2L,1,0,83000,0
PRODUCT,P-195674,Nuoc suoi TH True Milk chai 1L,2,0,28000,0
PRODUCT,P-525392,Nuoc mam Tuong An hop 200g,5,0,111000,0
PRODUCT,P-592984,Nuoc giat Nam Ngu cao cap,4,0,385000,0
PRODUCT,P-285679,Nuoc mam Closeup chai 500ml,3,0,17000,0

INVOICE,BILL-377070,1790390326,3616000,Completed
PRODUCT,P-174703,Sua tam G7 tiet kiem,1,0,303000,5000
PRODUCT,P-968524,Hat nem Sunsilk chai 1L,5,0,223000,0
PRODUCT,P-540869,Mi goi Lifebuoy can 2L,2,0,64000,0
PRODUCT,P-404681,Mi goi Nam Ngu goi 85g,5,0,415000,0

INVOICE,BILL-494185,1790971448,2210000,Completed
PRODUCT,P-482614,Nuoc ngot Lavie chai 1L,4,0,114000,0
PRODUCT,P-685864,Nuoc mam Colgate loc 4 hop,4,0,39000,2000
PRODUCT,P-975194,Hat nem Coca Cola cao cap,2,0,371000,2000
PRODUCT,P-309612,Banh quy Sunlight can 2L,2,0,434000,0

INVOICE,BILL-328452,1790547341,2598000,Completed
PRODUCT,P-427679,Ca phe Lavie huong vi tu nhien,5,0,360000,0
PRODUCT,P-537017,Gia vi Simply tiet kiem,3,0,165000,0
PRODUCT,P-547820,Nuoc suoi Coca Cola loc 4 hop,2,0,71000,5000
PRODUCT,P-612340,Ca phe Sting chai 1L,1,0,176000,5000

INVOICE,BILL-607412,1790229674,5679000,Completed
PRODUCT,P-360289,Sua tuoi Kinh Do truyen thong,5,0,197000,1000
PRODUCT,P-501126,Ca phe Red Bull cao cap,3,0,214000,0
PRODUCT,P-787603,Ca phe Nescafe dam da,5,0,485000,5000
PRODUCT,P-898867,Nuoc giat Comfort chai 500ml,4,0,195000,2000
PRODUCT,P-425486,Nuoc xa Lavie loc 4 hop,5,0,179000,2000

INVOICE,BILL-697701,1790689380,4059000,Completed
PRODUCT,P-423401,Snack Vinamilk cao cap,5,0,36000,1000
PRODUCT,P-959222,Banh quy Chin-su goi 85g,4,0,474000,0
PRODUCT,P-953025,Nuoc ngot Pepsi khong duong,4,0,352000,0
PRODUCT,P-761820,Nuoc mam Omachi truyen thong,1,0,441000,2000
PRODUCT,P-763311,Khan giay Knorr cao cap,1,0,141000,0

INVOICE,BILL-812698,1790660671,4680000,Completed
PRODUCT,P-652388,Nuoc lau san Oishi chai 1L,5,0,324000,0
PRODUCT,P-284160,Kem danh rang Comfort hop 200g,2,0,405000,0
PRODUCT,P-487151,Nuoc xa Lifebuoy can 2L,5,0,245000,2000
PRODUCT,P-712401,Nuoc xa Kinh Do can 2L,1,0,480000,1000
PRODUCT,P-428838,Mi goi Comfort it duong,2,0,278000,0

INVOICE,BILL-927876,1790467692,430000,Completed
PRODUCT,P-588461,Gia vi Coca Cola can 2L,1,0,430000,0

INVOICE,BILL-567075,1790278947,1705000,Completed
PRODUCT,P-138780,Nuoc tuong Colgate it duong,1,0,338000,1000
PRODUCT,P-951201,Ca phe Colgate khong duong,4,0,55000,5000
PRODUCT,P-735710,Nuoc lau san TH True Milk cao cap,3,0,12000,0
PRODUCT,P-624203,Gia vi Colgate goi 85g,1,0,390000,0
PRODUCT,P-587192,Dau an Coca Cola tiet kiem,2,0,170000,5000
PRODUCT,P-403257,Tuong ot Sunlight huong vi tu nhien,1,0,412000,0

INVOICE,BILL-914964,1791010573,1992000,Completed
PRODUCT,P-977345,Snack Omachi hop 200g,2,0,85000,0
PRODUCT,P-895128,Khan giay Comfort khong duong,4,1,151000,0
PRODUCT,P-410160,Hat nem Red Bull chai 1L,2,0,184000,1000
PRODUCT,P-999197,Tuong ot Nam Ngu dam da,4,0,215000,2000

INVOICE,BILL-970818,1790748278,3188000,Completed
PRODUCT,P-142627,Nuoc giat Lay's tiet kiem,5,0,24000,5000
PRODUCT,P-886197,Nuoc lau san Clear it duong,2,0,429000,5000
PRODUCT,P-837449,Dau goi Kinh Do truyen thong,5,0,454000,5000

INVOICE,BILL-362799,1790618247,3897000,Completed
PRODUCT,P-255528,Banh quy Nescafe it duong,3,0,390000,0
PRODUCT,P-612262,Khan giay Sunsilk it duong,5,0,293000,1000
PRODUCT,P-754644,Snack Lavie it duong,4,0,306000,0
PRODUCT,P-895667,Nuoc mam Tuong An tiet kiem,1,0,48000,5000

INVOICE,BILL-424828,1790404176,2140000,Completed
PRODUCT,P-232981,Nuoc ngot Red Bull hop 200g,2,0,237000,0
PRODUCT,P-445852,Nuoc giat Red Bull truyen thong,3,0,137000,0
PRODUCT,P-748696,Snack Chin-su tiet kiem,2,0,152000,2000
PRODUCT,P-983791,Nuoc giat Sting tiet kiem,1,0,276000,0
PRODUCT,P-163386,Kem danh rang OMO chai 500ml,4,0,79000,0
PRODUCT,P-416528,Nuoc xa Colgate huong vi tu nhien,3,0,121000,0

INVOICE,BILL-542694,1790609871,2816000,Completed
PRODUCT,P-765046,Gia vi Pepsi it duong,5,0,92000,5000
PRODUCT,P-251074,Nuoc lau san Lay's chai 500ml,4,0,121000,0
PRODUCT,P-907455,Nuoc lau san Simply hop 200g,3,0,231000,0
PRODUCT,P-625465,Banh quy Hao Hao huong vi tu nhien,1,0,246000,0
PRODUCT,P-970196,Nuoc xa Pepsi loc 4 hop,2,0,179000,5000
PRODUCT,P-276405,Nuoc lau san Lavie tiet kiem,2,0,305000,0

INVOICE,BILL-257831,1790580763,2699000,Completed
PRODUCT,P-889359,Nuoc lau san Colgate loc 4 hop,2,0,429000,0
PRODUCT,P-102689,Nuoc xa Omachi khong duong,4,0,134000,0
PRODUCT,P-506216,Gia vi Clear truyen thong,3,0,180000,1000
PRODUCT,P-202018,Hat nem Chin-su goi 85g,3,0,256000,0

INVOICE,BILL-833265,1790215558,698000,Completed
PRODUCT,P-744274,Nuoc giat Aquafina chai 500ml,2,0,349000,0

INVOICE,BILL-575373,1790511808,5483000,Completed
PRODUCT,P-471015,Gia vi Lay's chai 1L,2,0,443000,1000
PRODUCT,P-621919,Nuoc lau san Red Bull hop 200g,1,0,294000,1000
PRODUCT,P-563513,Gia vi Maggi loc 4 hop,4,0,452000,2000
PRODUCT,P-529088,Hat nem Kinh Do khong duong,1,0,283000,1000
PRODUCT,P-646384,Nuoc mam OMO chai 1L,3,0,118000,0
PRODUCT,P-635593,Nuoc suoi Sting cao cap,5,0,379000,5000

INVOICE,BILL-747168,1790335195,4011000,Completed
PRODUCT,P-945964,Nuoc lau san G7 khong duong,4,0,468000,1000
PRODUCT,P-825309,Banh quy Coca Cola chai 1L,3,0,151000,0
PRODUCT,P-587546,Banh quy Maggi it duong,2,0,201000,5000
PRODUCT,P-750318,Nuoc suoi Lifebuoy chai 1L,2,0,384000,1000
PRODUCT,P-602985,Sua tuoi TH True Milk chai 1L,2,0,271000,5000

INVOICE,BILL-840250,1790983264,646000,Completed
PRODUCT,P-349136,Tuong ot Red Bull loc 4 hop,2,0,193000,2000
PRODUCT,P-894586,Nuoc suoi Sting chai 1L,3,0,88000,0

INVOICE,BILL-586950,1790234230,426000,Completed
PRODUCT,P-734059,Mi goi G7 it duong,1,0,428000,2000

INVOICE,BILL-945037,1790249248,3835000,Completed
PRODUCT,P-703139,Hat nem Hao Hao chai 1L,5,0,151000,0
PRODUCT,P-922458,Nuoc giat Knorr loc 4 hop,1,0,398000,0
PRODUCT,P-347459,Hat nem Oishi can 2L,4,0,293000,0
PRODUCT,P-708851,Nuoc suoi Maggi can 2L,5,0,59000,0
PRODUCT,P-113228,Gia vi Red Bull cao cap,3,0,405000,0

INVOICE,BILL-854416,1790462937,1082000,Completed
PRODUCT,P-581294,Sua tuoi Vinamilk chai 500ml,2,0,307000,0
PRODUCT,P-971084,Nuoc suoi Clear khong duong,1,0,224000,5000
PRODUCT,P-795613,Hat nem Sunsilk truyen thong,3,0,88000,5000

INVOICE,BILL-295306,1790933103,6248000,Completed
PRODUCT,P-714483,Nuoc tuong Pepsi cao cap,5,0,170000,0
PRODUCT,P-856215,Nuoc xa Lifebuoy can 2L,1,0,69000,5000
PRODUCT,P-966630,Banh quy Tuong An huong vi tu nhien,3,0,473000,0
PRODUCT,P-865630,Dau an Simply it duong,5,0,363000,2000
PRODUCT,P-512022,Snack Nam Ngu goi 85g,5,1,427000,5000

INVOICE,BILL-452696,1790453356,2371000,Completed
PRODUCT,P-109576,Nuoc suoi Barona loc 4 hop,2,0,450000,2000
PRODUCT,P-936866,Gia vi Sting chai 1L,5,0,295000,0

INVOICE,BILL-814715,1790306979,3041000,Completed
PRODUCT,P-246622,Nuoc giat Colgate khong duong,1,0,71000,2000
PRODUCT,P-253852,Dau an Vinamilk dam da,1,0,217000,0
PRODUCT,P-259338,Gia vi Kinh Do dam da,1,0,282000,0
PRODUCT,P-776838,Dau goi Simply tiet kiem,2,0,333000,1000
PRODUCT,P-516359,Nuoc lau san Oishi chai 1L,3,0,284000,2000
PRODUCT,P-578693,Gia vi Coca Cola dam da,3,0,321000,0

INVOICE,BILL-339018,1790476055,1480000,Completed
PRODUCT,P-552855,Nuoc lau san Chin-su dam da,3,0,378000,0
PRODUCT,P-606390,Ca phe G7 chai 1L,2,0,173000,0

INVOICE,BILL-775670,1790435159,82000,Completed
PRODUCT,P-695748,Sua tam Lifebuoy tiet kiem,1,0,83000,1000

INVOICE,BILL-411168,1790837556,105000,Completed
PRODUCT,P-900298,Kem danh rang Oishi loc 4 hop,5,0,23000,2000

INVOICE,BILL-712136,1790942795,1670000,Completed
PRODUCT,P-741018,Hat nem Chin-su it duong,2,0,353000,2000
PRODUCT,P-743520,Sua tuoi Sunsilk goi 85g,2,0,484000,0

INVOICE,BILL-152408,1790599999,1298000,Completed
PRODUCT,P-357034,Ca phe Hao Hao it duong,4,0,65000,0
PRODUCT,P-908812,Kem danh rang Sunlight can 2L,3,0,51000,1000
PRODUCT,P-859782,Banh quy Colgate huong vi tu nhien,1,0,104000,0
PRODUCT,P-442230,Snack Nam Ngu hop 200g,2,0,392000,0

INVOICE,BILL-156046,1790769364,607000,Completed
PRODUCT,P-705748,Nuoc ngot Coca Cola it duong,2,0,195000,1000
PRODUCT,P-430984,Hat nem Lifebuoy hop 200g,1,0,200000,5000
PRODUCT,P-223502,Dau an Sunlight hop 200g,3,0,8000,0

INVOICE,BILL-247337,1790521164,8136000,Completed
PRODUCT,P-829685,Sua tam Knorr can 2L,4,0,485000,0
PRODUCT,P-500156,Gia vi Maggi cao cap,5,0,302000,1000
PRODUCT,P-635482,Banh quy Nescafe huong vi tu nhien,5,0,274000,1000
PRODUCT,P-165442,Nuoc giat Red Bull tiet kiem,5,0,311000,2000
PRODUCT,P-935457,Nuoc ngot Clear tiet kiem,1,0,36000,0
PRODUCT,P-835499,Khan giay Aquafina chai 1L,5,0,350000,1000

INVOICE,BILL-174300,1790544624,336000,Completed
PRODUCT,P-154944,Nuoc tuong Lay's tiet kiem,4,0,9000,0
PRODUCT,P-688215,Mi goi Sting chai 500ml,5,0,65000,5000

INVOICE,BILL-548698,1790999679,831000,Completed
PRODUCT,P-648141,Snack Clear huong vi tu nhien,3,0,279000,2000

INVOICE,BILL-809330,1790988540,2920000,Completed
PRODUCT,P-408036,Dau goi Nam Ngu khong duong,3,0,418000,2000
PRODUCT,P-462147,Dau goi Colgate hop 200g,4,0,418000,1000
PRODUCT,P-538967,Tuong ot Sunlight dam da,1,0,4000,0

INVOICE,BILL-999961,1790298671,4336000,Completed
PRODUCT,P-636265,Nuoc giat Omachi cao cap,5,0,451000,2000
PRODUCT,P-224395,Mi goi Nam Ngu goi 85g,3,0,23000,0
PRODUCT,P-429159,Nuoc suoi Red Bull huong vi tu nhien,2,0,216000,0
PRODUCT,P-578938,Gia vi Pepsi chai 500ml,1,0,410000,0
PRODUCT,P-535970,Banh quy Coca Cola khong duong,5,0,149000,0
PRODUCT,P-107096,Kem danh rang Omachi it duong,1,0,435000,0

INVOICE,BILL-525500,1790632195,1232000,Completed
PRODUCT,P-276299,Nuoc ngot G7 huong vi tu nhien,2,0,404000,0
PRODUCT,P-326441,Tuong ot Nam Ngu khong duong,2,0,214000,2000

INVOICE,BILL-503269,1790300439,2802000,Completed
PRODUCT,P-763311,Khan giay Knorr cao cap,4,0,141000,0
PRODUCT,P-354801,Banh quy Omachi tiet kiem,3,0,443000,1000
PRODUCT,P-698388,Snack Sunlight huong vi tu nhien,2,0,456000,0

INVOICE,BILL-300104,1790179769,2526000,Completed
PRODUCT,P-687997,Ca phe Closeup goi 85g,3,0,230000,1000
PRODUCT,P-278593,Banh quy Omachi can 2L,4,0,373000,5000
PRODUCT,P-278240,Snack Kinh Do truyen thong,1,0,372000,5000

INVOICE,BILL-931518,1790250523,6149000,Completed
PRODUCT,P-626392,Hat nem Vinamilk cao cap,1,0,445000,0
PRODUCT,P-210639,Sua tuoi G7 goi 85g,1,0,225000,0
PRODUCT,P-491326,Kem danh rang Nam Ngu hop 200g,3,0,253000,5000
PRODUCT,P-474894,Ca phe Lay's cao cap,4,0,301000,1000
PRODUCT,P-182860,Dau goi Omachi dam da,5,0,489000,1000
PRODUCT,P-188776,Tuong ot Pepsi chai 500ml,3,0,367000,2000

INVOICE,BILL-239851,1790480527,286000,Completed
PRODUCT,P-191772,Nuoc xa Hao Hao hop 200g,1,0,48000,0
PRODUCT,P-258787,Tuong ot Lavie it duong,1,0,106000,0
PRODUCT,P-539963,Banh quy Sting khong duong,2,0,71000,5000

INVOICE,BILL-769641,1790236820,2592000,Completed
PRODUCT,P-869983,Dau an Vinamilk loc 4 hop,4,0,238000,5000
PRODUCT,P-709303,Khan giay Simply dam da,2,0,135000,1000
PRODUCT,P-101343,Tuong ot Pepsi chai 1L,2,0,187000,0
PRODUCT,P-693868,Sua tuoi Chin-su can 2L,4,0,188000,0
PRODUCT,P-573869,Nuoc ngot Lavie dam da,2,0,134000,1000

INVOICE,BILL-836679,1790771020,6635000,Completed
PRODUCT,P-386090,Hat nem Barona loc 4 hop,4,0,254000,5000
PRODUCT,P-453487,Gia vi Oishi truyen thong,4,0,411000,5000
PRODUCT,P-141094,Khan giay Lifebuoy it duong,1,0,354000,1000
PRODUCT,P-495521,Nuoc xa G7 dam da,3,0,318000,2000
PRODUCT,P-439817,Dau goi Maggi chai 1L,5,0,493000,0
PRODUCT,P-110644,Nuoc tuong Omachi tiet kiem,1,0,249000,0

INVOICE,BILL-660046,1791025024,1016000,Completed
PRODUCT,P-783415,Gia vi Red Bull huong vi tu nhien,2,0,243000,0
PRODUCT,P-606680,Nuoc mam Tuong An hop 200g,2,1,265000,0

INVOICE,BILL-798247,1790297022,2081000,Completed
PRODUCT,P-355709,Nuoc giat Vinamilk truyen thong,1,0,108000,0
PRODUCT,P-228479,Nuoc xa Maggi it duong,1,0,267000,0
PRODUCT,P-856648,Nuoc tuong Kinh Do loc 4 hop,1,0,426000,0
PRODUCT,P-213844,Dau goi Pepsi tiet kiem,2,0,479000,0
PRODUCT,P-247594,Nuoc xa TH True Milk loc 4 hop,1,0,322000,0

INVOICE,BILL-867465,1790588172,6235000,Completed
PRODUCT,P-980764,Kem danh rang Lay's tiet kiem,4,0,363000,1000
PRODUCT,P-870319,Dau an Lifebuoy chai 500ml,3,0,269000,0
PRODUCT,P-660226,Ca phe Oishi chai 500ml,3,0,435000,0
PRODUCT,P-410000,Nuoc ngot Omachi can 2L,1,0,260000,5000
PRODUCT,P-252387,Snack Nescafe tiet kiem,1,0,375000,0
PRODUCT,P-176577,Sua tam Barona can 2L,5,0,409000,0

INVOICE,BILL-213827,1790477928,4078000,Completed
PRODUCT,P-296041,Snack Barona tiet kiem,1,0,159000,0
PRODUCT,P-997004,Hat nem Knorr it duong,5,0,473000,0
PRODUCT,P-626199,Nuoc xa Comfort loc 4 hop,4,0,312000,2000
PRODUCT,P-517368,Khan giay Maggi dam da,1,0,314000,0

INVOICE,BILL-253593,1790380494,2352000,Completed
PRODUCT,P-578987,Snack Barona goi 85g,4,0,16000,5000
PRODUCT,P-200617,Sua tam Sunsilk it duong,5,0,315000,2000
PRODUCT,P-102689,Nuoc xa Omachi khong duong,1,0,134000,0
PRODUCT,P-446479,Snack Lavie cao cap,4,0,53000,0
PRODUCT,P-568849,Banh quy OMO loc 4 hop,1,0,397000,0

INVOICE,BILL-635706,1790892795,1918000,Completed
PRODUCT,P-553214,Ca phe Barona chai 1L,3,0,242000,0
PRODUCT,P-425845,Nuoc ngot Lifebuoy truyen thong,5,0,162000,2000
PRODUCT,P-699809,Nuoc giat Oishi it duong,4,0,98000,0

INVOICE,BILL-384844,1790939162,2532000,Completed
PRODUCT,P-817395,Tuong ot G7 goi 85g,3,0,65000,1000
PRODUCT,P-848021,Kem danh rang Clear chai 500ml,2,0,111000,1000
PRODUCT,P-330080,Hat nem Comfort loc 4 hop,4,0,302000,1000
PRODUCT,P-204555,Nuoc suoi Omachi tiet kiem,2,0,200000,0
PRODUCT,P-334081,Sua tuoi Coca Cola chai 500ml,4,0,131000,2000

INVOICE,BILL-533676,1790982594,4263000,Completed
PRODUCT,P-292930,Tuong ot Kinh Do loc 4 hop,3,0,459000,2000
PRODUCT,P-959972,Ca phe Comfort goi 85g,4,0,44000,1000
PRODUCT,P-581003,Sua tuoi Colgate khong duong,2,0,17000,1000
PRODUCT,P-571579,Nuoc mam Coca Cola can 2L,4,0,245000,2000
PRODUCT,P-269430,Hat nem Kinh Do hop 200g,4,0,429000,0

INVOICE,BILL-525156,1790487520,2350000,Completed
PRODUCT,P-469007,Nuoc lau san Simply hop 200g,3,0,24000,1000
PRODUCT,P-829630,Kem danh rang Lifebuoy dam da,2,0,47000,0
PRODUCT,P-393328,Khan giay Barona truyen thong,1,0,84000,2000
PRODUCT,P-260565,Mi goi Sunsilk huong vi tu nhien,2,0,175000,5000
PRODUCT,P-488712,Snack Sting chai 500ml,5,0,354000,1000

INVOICE,BILL-156701,1790362116,3882000,Completed
PRODUCT,P-852524,Sua tam Pepsi khong duong,1,0,166000,5000
PRODUCT,P-243079,Mi goi Coca Cola hop 200g,4,0,152000,2000
PRODUCT,P-607122,Nuoc lau san Barona chai 1L,1,0,104000,0
PRODUCT,P-344068,Banh quy Simply khong duong,5,0,460000,5000
PRODUCT,P-519692,Nuoc giat Nam Ngu loc 4 hop,2,0,362000,1000
PRODUCT,P-802695,Nuoc suoi Nam Ngu dam da,5,0,4000,0

INVOICE,BILL-223548,1790607658,624000,Completed
PRODUCT,P-986846,Nuoc suoi Vinamilk khong duong,5,0,117000,0
PRODUCT,P-380746,Dau an Simply can 2L,3,0,15000,2000

INVOICE,BILL-903921,1790258423,1135000,Completed
PRODUCT,P-738576,Nuoc xa Coca Cola truyen thong,5,0,66000,5000
PRODUCT,P-250255,Nuoc xa Tuong An hop 200g,5,0,8000,0
PRODUCT,P-243693,Nuoc xa Chin-su can 2L,2,0,354000,0
PRODUCT,P-681866,Nuoc ngot Colgate loc 4 hop,1,0,84000,2000

INVOICE,BILL-197329,1790198624,444000,Completed
PRODUCT,P-272529,Khan giay Comfort hop 200g,2,0,227000,5000

INVOICE,BILL-526849,1790488187,3616000,Completed
PRODUCT,P-791309,Khan giay Nam Ngu truyen thong,3,0,94000,5000
PRODUCT,P-490722,Dau an Sunsilk tiet kiem,3,0,271000,0
PRODUCT,P-172574,Sua tuoi OMO can 2L,1,0,229000,5000
PRODUCT,P-610626,Sua tam Sunsilk truyen thong,5,0,216000,0
PRODUCT,P-528728,Tuong ot Maggi can 2L,1,0,305000,1000
PRODUCT,P-199807,Snack Sting cao cap,2,0,464000,0

INVOICE,BILL-232891,1790711067,2605000,Completed
PRODUCT,P-367271,Dau goi Nam Ngu khong duong,3,0,432000,0
PRODUCT,P-995825,Ca phe OMO loc 4 hop,1,0,81000,0
PRODUCT,P-200992,Nuoc suoi Vinamilk khong duong,5,0,209000,5000
PRODUCT,P-232040,Sua tuoi Nam Ngu hop 200g,4,0,54000,2000

INVOICE,BILL-608718,1790464930,5188000,Completed
PRODUCT,P-906360,Kem danh rang Barona goi 85g,3,0,286000,2000
PRODUCT,P-836879,Nuoc lau san Oishi it duong,2,0,158000,1000
PRODUCT,P-693868,Sua tuoi Chin-su can 2L,5,0,188000,0
PRODUCT,P-667776,Dau goi TH True Milk dam da,4,0,216000,1000
PRODUCT,P-975194,Hat nem Coca Cola cao cap,5,0,371000,5000
PRODUCT,P-715388,Nuoc xa Omachi chai 1L,1,0,394000,2000

INVOICE,BILL-324505,1790557691,5308000,Completed
PRODUCT,P-109756,Banh quy Hao Hao it duong,3,0,254000,1000
PRODUCT,P-947568,Nuoc xa Closeup goi 85g,4,0,233000,1000
PRODUCT,P-226124,Nuoc lau san Clear chai 1L,3,0,470000,0
PRODUCT,P-647967,Dau goi TH True Milk huong vi tu nhien,5,0,259000,2000
PRODUCT,P-770030,Dau an Maggi cao cap,1,0,6000,0
PRODUCT,P-918430,Nuoc lau san Comfort hop 200g,4,0,230000,0

INVOICE,BILL-613069,1790837599,2702000,Completed
PRODUCT,P-515922,Ca phe Coca Cola hop 200g,1,0,498000,5000
PRODUCT,P-150486,Mi goi Comfort tiet kiem,3,0,190000,5000
PRODUCT,P-331577,Nuoc ngot Aquafina dam da,1,0,163000,0
PRODUCT,P-792687,Tuong ot Sting it duong,2,0,205000,2000
PRODUCT,P-877407,Dau goi TH True Milk can 2L,1,0,352000,5000
PRODUCT,P-287555,Tuong ot Nam Ngu cao cap,2,0,369000,0

INVOICE,BILL-729110,1790168205,3183000,Completed
PRODUCT,P-430310,Nuoc suoi Comfort can 2L,4,0,45000,0
PRODUCT,P-627290,Sua tuoi Comfort tiet kiem,2,0,223000,2000
PRODUCT,P-860127,Nuoc mam Comfort dam da,5,0,362000,1000
PRODUCT,P-698749,Sua tam Hao Hao truyen thong,3,0,252000,0

INVOICE,BILL-374604,1790564413,52000,Completed
PRODUCT,P-947903,Hat nem Hao Hao huong vi tu nhien,2,0,28000,2000

INVOICE,BILL-932208,1790959209,1837000,Completed
PRODUCT,P-291752,Dau an Omachi chai 500ml,1,0,111000,0
PRODUCT,P-662146,Sua tuoi OMO cao cap,5,0,346000,5000
PRODUCT,P-873449,Dau an Lifebuoy khong duong,1,0,21000,0

INVOICE,BILL-214615,1790172948,2872000,Completed
PRODUCT,P-827774,Khan giay Aquafina cao cap,5,0,483000,0
PRODUCT,P-170559,Tuong ot Barona it duong,5,0,38000,0
PRODUCT,P-946313,Mi goi Lavie tiet kiem,3,1,91000,2000

INVOICE,BILL-726499,1790667452,3391000,Completed
PRODUCT,P-203225,Sua tuoi Maggi cao cap,2,0,257000,0
PRODUCT,P-212608,Nuoc suoi Nescafe loc 4 hop,3,0,223000,5000
PRODUCT,P-956934,Nuoc xa Closeup truyen thong,3,0,279000,0
PRODUCT,P-881828,Snack Barona goi 85g,2,0,112000,1000
PRODUCT,P-201883,Mi goi Comfort truyen thong,4,0,291000,0

INVOICE,BILL-825590,1790813055,6778000,Completed
PRODUCT,P-209159,Mi goi Barona chai 500ml,5,0,459000,0
PRODUCT,P-743790,Ca phe Omachi loc 4 hop,5,0,309000,0
PRODUCT,P-695225,Sua tam Hao Hao dam da,2,0,99000,0
PRODUCT,P-887625,Banh quy G7 cao cap,5,0,490000,2000
PRODUCT,P-240440,Banh quy Aquafina loc 4 hop,3,0,105000,5000

INVOICE,BILL-127263,1790855551,3248000,Completed
PRODUCT,P-829386,Kem danh rang Nam Ngu hop 200g,3,0,174000,2000
PRODUCT,P-546383,Sua tam Lavie tiet kiem,2,0,38000,5000
PRODUCT,P-532067,Ca phe Colgate chai 1L,3,0,241000,0
PRODUCT,P-117031,Snack Sting truyen thong,5,0,195000,5000
PRODUCT,P-657783,Nuoc xa Colgate goi 85g,1,0,218000,2000
PRODUCT,P-817941,Banh quy Clear cao cap,3,0,264000,5000

INVOICE,BILL-785926,1790593172,272000,Completed
PRODUCT,P-976822,Ca phe Closeup chai 1L,4,0,68000,0

INVOICE,BILL-414773,1790771910,1158000,Completed
PRODUCT,P-138436,Dau goi Lavie huong vi tu nhien,5,0,24000,0
PRODUCT,P-153849,Tuong ot Vinamilk goi 85g,3,0,54000,0
PRODUCT,P-622707,Nuoc xa Sunsilk hop 200g,4,0,221000,2000

INVOICE,BILL-208736,1790581479,4430000,Completed
PRODUCT,P-849747,Nuoc mam Simply truyen thong,3,0,361000,2000
PRODUCT,P-756912,Nuoc mam Kinh Do it duong,2,0,185000,0
PRODUCT,P-805893,Hat nem Aquafina loc 4 hop,1,0,381000,5000
PRODUCT,P-147504,Nuoc giat Clear goi 85g,4,0,314000,2000
PRODUCT,P-133276,Gia vi Hao Hao hop 200g,2,0,5000,5000
PRODUCT,P-863611,Tuong ot Tuong An dam da,3,1,453000,0

INVOICE,BILL-491692,1790686881,200000,Completed
PRODUCT,P-848831,Gia vi OMO huong vi tu nhien,1,0,200000,0

INVOICE,BILL-778705,1790241886,951000,Completed
PRODUCT,P-846385,Kem danh rang Knorr chai 500ml,3,0,319000,2000

INVOICE,BILL-442338,1790826643,1690000,Completed
PRODUCT,P-876764,Banh quy Omachi chai 500ml,5,0,343000,5000

INVOICE,BILL-270227,1790581405,3471000,Completed
PRODUCT,P-615959,Ca phe Maggi goi 85g,5,0,269000,0
PRODUCT,P-451936,Tuong ot TH True Milk loc 4 hop,5,0,295000,1000
PRODUCT,P-974628,Banh quy Simply truyen thong,4,0,164000,0

INVOICE,BILL-819701,1790287964,2525000,Completed
PRODUCT,P-656837,Nuoc xa TH True Milk loc 4 hop,5,0,218000,0
PRODUCT,P-206053,Sua tuoi Coca Cola hop 200g,3,0,140000,1000
PRODUCT,P-857750,Nuoc lau san Coca Cola can 2L,1,0,356000,0
PRODUCT,P-279098,Dau an Colgate goi 85g,4,0,134000,0
PRODUCT,P-476009,Nuoc xa Barona can 2L,1,0,126000,0

INVOICE,BILL-480121,1790646285,4991000,Completed
PRODUCT,P-244170,Nuoc tuong Closeup truyen thong,3,0,217000,0
PRODUCT,P-570622,Nuoc lau san Lay's it duong,5,0,428000,0
PRODUCT,P-959691,Nuoc xa Nam Ngu huong vi tu nhien,4,0,428000,0
PRODUCT,P-837920,Banh quy OMO can 2L,1,0,58000,2000
PRODUCT,P-769752,Ca phe Vinamilk goi 85g,3,0,145000,1000

INVOICE,BILL-492140,1790601718,1976000,Completed
PRODUCT,P-959340,Sua tuoi Maggi hop 200g,4,0,157000,0
PRODUCT,P-238197,Nuoc lau san Lay's chai 1L,2,0,8000,0
PRODUCT,P-884140,Nuoc mam Sting dam da,3,0,207000,5000
PRODUCT,P-446569,Tuong ot Nescafe can 2L,3,0,244000,2000

INVOICE,BILL-331247,1791000889,925000,Completed
PRODUCT,P-581592,Nuoc mam Simply can 2L,5,0,186000,1000

INVOICE,BILL-826789,1790610041,875000,Completed
PRODUCT,P-847251,Kem danh rang Knorr chai 500ml,1,0,487000,5000
PRODUCT,P-585854,Nuoc tuong Nescafe tiet kiem,1,0,398000,5000

INVOICE,BILL-124276,1790914934,3875000,Completed
PRODUCT,P-201987,Nuoc mam Vinamilk cao cap,3,0,487000,0
PRODUCT,P-578720,Nuoc giat Closeup huong vi tu nhien,2,0,213000,0
PRODUCT,P-945328,Mi goi G7 chai 1L,1,0,95000,5000
PRODUCT,P-778748,Nuoc tuong Nam Ngu can 2L,2,0,359000,5000
PRODUCT,P-292259,Mi goi Kinh Do it duong,5,0,228000,1000
PRODUCT,P-819656,Gia vi Sunlight loc 4 hop,5,0,12000,1000

INVOICE,BILL-690781,1790399133,2673000,Completed
PRODUCT,P-447617,Nuoc suoi Nescafe goi 85g,3,0,116000,0
PRODUCT,P-180951,Sua tam Aquafina tiet kiem,5,0,235000,2000
PRODUCT,P-589368,Tuong ot Comfort cao cap,5,0,176000,1000
PRODUCT,P-245357,Ca phe Clear huong vi tu nhien,5,0,62000,5000

INVOICE,BILL-539807,1790493560,5993000,Completed
PRODUCT,P-428096,Mi goi Sunlight tiet kiem,3,0,105000,1000
PRODUCT,P-656926,Kem danh rang G7 hop 200g,4,0,168000,0
PRODUCT,P-199996,Ca phe Hao Hao khong duong,2,0,444000,0
PRODUCT,P-218423,Nuoc mam Maggi huong vi tu nhien,2,0,178000,1000
PRODUCT,P-359961,Ca phe Red Bull it duong,5,0,457000,0
PRODUCT,P-115997,Nuoc giat Kinh Do huong vi tu nhien,3,0,495000,1000

INVOICE,BILL-348715,1790220751,1533000,Completed
PRODUCT,P-223481,Dau goi Coca Cola dam da,1,0,69000,2000
PRODUCT,P-342128,Gia vi Red Bull can 2L,5,0,208000,2000
PRODUCT,P-900660,Nuoc tuong Closeup tiet kiem,1,0,61000,0
PRODUCT,P-427270,Khan giay Comfort khong duong,1,0,77000,2000
PRODUCT,P-967161,Kem danh rang Vinamilk can 2L,4,0,77000,2000

INVOICE,BILL-773378,1790788081,2844000,Completed
PRODUCT,P-166412,Nuoc lau san OMO cao cap,4,0,229000,5000
PRODUCT,P-846172,Nuoc mam Omachi hop 200g,4,0,487000,0

INVOICE,BILL-342755,1790702766,2388000,Completed
PRODUCT,P-714590,Nuoc giat OMO cao cap,2,0,43000,2000
PRODUCT,P-735324,Banh quy Aquafina dam da,1,0,37000,5000
PRODUCT,P-960607,Nuoc tuong Knorr loc 4 hop,2,0,406000,1000
PRODUCT,P-284171,Nuoc mam Aquafina loc 4 hop,3,0,488000,0

INVOICE,BILL-202187,1790834879,5532000,Completed
PRODUCT,P-927043,Banh quy Oishi tiet kiem,2,0,101000,0
PRODUCT,P-209627,Gia vi Knorr cao cap,2,0,87000,1000
PRODUCT,P-455784,Dau goi G7 khong duong,1,0,454000,0
PRODUCT,P-884417,Hat nem Vinamilk hop 200g,4,0,327000,1000
PRODUCT,P-839808,Nuoc suoi Red Bull truyen thong,5,1,258000,1000
PRODUCT,P-889882,Nuoc mam Lifebuoy truyen thong,5,0,425000,2000

INVOICE,BILL-871797,1790740907,104000,Completed
PRODUCT,P-503159,Kem danh rang Colgate can 2L,4,0,28000,2000

INVOICE,BILL-855433,1790477563,2342000,Completed
PRODUCT,P-236074,Tuong ot Sting dam da,2,0,262000,2000
PRODUCT,P-278190,Kem danh rang Pepsi chai 500ml,4,0,200000,2000
PRODUCT,P-962276,Kem danh rang Vinamilk khong duong,1,0,452000,2000
PRODUCT,P-100909,Sua tam Coca Cola chai 1L,4,0,147000,2000

INVOICE,BILL-349206,1790920751,4390000,Completed
PRODUCT,P-660324,Nuoc xa G7 goi 85g,1,0,183000,1000
PRODUCT,P-654718,Hat nem Red Bull khong duong,1,0,485000,2000
PRODUCT,P-146168,Nuoc tuong Pepsi huong vi tu nhien,3,0,220000,1000
PRODUCT,P-182954,Banh quy Barona can 2L,3,0,168000,0
PRODUCT,P-312994,Dau goi Pepsi khong duong,4,0,449000,1000
PRODUCT,P-177289,Ca phe Oishi it duong,2,0,391000,5000

INVOICE,BILL-844567,1790686558,1099000,Completed
PRODUCT,P-422002,Dau goi Sunsilk hop 200g,3,0,121000,2000
PRODUCT,P-647923,Nuoc tuong Pepsi can 2L,2,0,199000,0
PRODUCT,P-943349,Tuong ot Clear dam da,2,0,173000,1000

INVOICE,BILL-472178,1790894590,6059000,Completed
PRODUCT,P-862491,Mi goi Aquafina huong vi tu nhien,4,0,266000,0
PRODUCT,P-773962,Nuoc giat Lifebuoy dam da,1,0,334000,2000
PRODUCT,P-365641,Banh quy Barona dam da,3,0,446000,0
PRODUCT,P-928226,Sua tuoi Comfort chai 500ml,4,0,385000,5000
PRODUCT,P-489518,Nuoc ngot Nescafe chai 500ml,5,0,361000,0

INVOICE,BILL-971565,1790637855,2754000,Completed
PRODUCT,P-242254,Mi goi Coca Cola goi 85g,3,0,50000,0
PRODUCT,P-453487,Gia vi Oishi truyen thong,3,0,411000,0
PRODUCT,P-506313,Nuoc xa Red Bull khong duong,3,0,236000,5000
PRODUCT,P-568436,Nuoc tuong Knorr goi 85g,2,0,339000,0

INVOICE,BILL-713137,1790463947,2406000,Completed
PRODUCT,P-532373,Snack Nam Ngu khong duong,2,0,347000,0
PRODUCT,P-489102,Kem danh rang OMO goi 85g,1,0,98000,0
PRODUCT,P-183927,Nuoc lau san Vinamilk tiet kiem,2,0,98000,1000
PRODUCT,P-282237,Nuoc tuong Nam Ngu huong vi tu nhien,5,0,284000,0

INVOICE,BILL-233794,1790576557,2969000,Completed
PRODUCT,P-698128,Dau an Sunsilk hop 200g,1,0,495000,1000
PRODUCT,P-701846,Dau goi Clear chai 1L,2,0,45000,5000
PRODUCT,P-405844,Nuoc tuong Colgate chai 1L,4,0,319000,0
PRODUCT,P-450006,Nuoc xa Clear hop 200g,1,0,301000,0
PRODUCT,P-612977,Khan giay Sunlight hop 200g,2,0,409000,0

INVOICE,BILL-218231,1790862892,2019000,Completed
PRODUCT,P-189771,Nuoc xa Hao Hao it duong,3,0,368000,0
PRODUCT,P-900185,Dau an TH True Milk loc 4 hop,2,0,40000,0
PRODUCT,P-940952,Banh quy Lay's goi 85g,5,0,172000,5000

INVOICE,BILL-348989,1790442527,424000,Completed
PRODUCT,P-327738,Nuoc suoi Nam Ngu truyen thong,4,0,107000,1000

INVOICE,BILL-647274,1790310244,3102000,Completed
PRODUCT,P-746910,Hat nem Aquafina cao cap,2,0,18000,1000
PRODUCT,P-219490,Banh quy Hao Hao dam da,3,0,347000,2000
PRODUCT,P-809217,Kem danh rang Simply loc 4 hop,3,0,190000,0
PRODUCT,P-866437,Hat nem Colgate cao cap,1,0,246000,0
PRODUCT,P-353480,Sua tuoi Closeup chai 1L,1,0,441000,0
PRODUCT,P-562806,Nuoc ngot Lifebuoy dam da,2,0,388000,0

INVOICE,BILL-447222,1790982566,3881000,Completed
PRODUCT,P-970127,Sua tam TH True Milk huong vi tu nhien,4,0,330000,1000
PRODUCT,P-851742,Banh quy Nam Ngu hop 200g,2,0,21000,1000
PRODUCT,P-773462,Khan giay Barona huong vi tu nhien,3,0,355000,0
PRODUCT,P-429795,Nuoc giat Omachi goi 85g,5,0,292000,0

INVOICE,BILL-945757,1790310952,1947000,Completed
PRODUCT,P-824042,Mi goi Lifebuoy chai 1L,5,0,329000,2000
PRODUCT,P-545120,Nuoc mam Coca Cola chai 500ml,4,0,83000,5000

INVOICE,BILL-880432,1790415143,2866000,Completed
PRODUCT,P-360276,Nuoc giat Oishi khong duong,4,0,132000,0
PRODUCT,P-962570,Ca phe Coca Cola chai 500ml,2,0,285000,1000
PRODUCT,P-211425,Nuoc ngot Colgate goi 85g,3,0,11000,0
PRODUCT,P-823378,Snack Nescafe khong duong,3,0,208000,5000
PRODUCT,P-377075,Dau an Hao Hao can 2L,4,0,282000,0

INVOICE,BILL-149599,1790239396,5858000,Completed
PRODUCT,P-223586,Khan giay OMO hop 200g,4,0,420000,0
PRODUCT,P-571923,Snack TH True Milk goi 85g,1,0,39000,0
PRODUCT,P-655132,Nuoc lau san Colgate chai 1L,4,0,74000,0
PRODUCT,P-500118,Mi goi Clear hop 200g,5,0,491000,0
PRODUCT,P-490722,Dau an Sunsilk tiet kiem,4,0,271000,2000
PRODUCT,P-532227,Banh quy Maggi khong duong,1,0,313000,1000

INVOICE,BILL-591022,1790638122,2097000,Completed
PRODUCT,P-145240,Kem danh rang Pepsi truyen thong,1,0,295000,0
PRODUCT,P-839485,Nuoc lau san Kinh Do chai 500ml,3,0,218000,0
PRODUCT,P-556112,Nuoc giat TH True Milk goi 85g,3,0,345000,0
PRODUCT,P-833281,Nuoc mam Colgate tiet kiem,1,0,118000,5000

INVOICE,BILL-441079,1790445440,5906000,Completed
PRODUCT,P-458955,Nuoc tuong Tuong An dam da,2,0,110000,0
PRODUCT,P-494976,Sua tam OMO truyen thong,3,0,407000,1000
PRODUCT,P-598844,Kem danh rang TH True Milk huong vi tu nhien,3,0,24000,0
PRODUCT,P-348273,Khan giay G7 hop 200g,4,0,448000,1000
PRODUCT,P-551607,Tuong ot Sting it duong,4,0,296000,0
PRODUCT,P-885478,Sua tam Knorr chai 1L,4,0,357000,1000

INVOICE,BILL-398362,1791007476,4989000,Completed
PRODUCT,P-220936,Nuoc suoi Simply truyen thong,5,0,341000,0
PRODUCT,P-857750,Nuoc lau san Coca Cola can 2L,5,0,356000,5000
PRODUCT,P-512842,Banh quy Hao Hao truyen thong,1,0,138000,0
PRODUCT,P-288656,Sua tuoi G7 chai 500ml,2,0,461000,0
PRODUCT,P-820141,Gia vi OMO truyen thong,1,0,185000,0
PRODUCT,P-105547,Nuoc xa G7 khong duong,1,0,289000,5000

INVOICE,BILL-160137,1790558690,4239000,Completed
PRODUCT,P-476556,Dau goi Knorr cao cap,2,0,388000,0
PRODUCT,P-515898,Dau an Lay's loc 4 hop,1,0,420000,5000
PRODUCT,P-265001,Nuoc mam Lay's cao cap,4,0,83000,1000
PRODUCT,P-360735,Gia vi Kinh Do chai 500ml,4,1,264000,1000
PRODUCT,P-853681,Kem danh rang Pepsi truyen thong,3,1,175000,1000
PRODUCT,P-497455,Dau goi Nescafe tiet kiem,3,0,383000,1000

INVOICE,BILL-937997,1790472707,2804000,Completed
PRODUCT,P-251074,Nuoc lau san Lay's chai 500ml,1,0,121000,0
PRODUCT,P-916964,Khan giay Clear loc 4 hop,2,0,468000,1000
PRODUCT,P-234913,Nuoc tuong Lay's huong vi tu nhien,3,0,167000,1000
PRODUCT,P-824305,Hat nem OMO loc 4 hop,5,1,120000,1000
PRODUCT,P-460663,Nuoc giat Omachi truyen thong,4,0,169000,5000

INVOICE,BILL-421104,1790656136,6161000,Completed
PRODUCT,P-708982,Nuoc giat Lifebuoy dam da,5,0,339000,0
PRODUCT,P-618119,Kem danh rang Barona it duong,3,0,385000,1000
PRODUCT,P-438041,Nuoc suoi Coca Cola chai 500ml,3,0,468000,2000
PRODUCT,P-885408,Banh quy Lavie tiet kiem,2,0,226000,2000
PRODUCT,P-278240,Snack Kinh Do truyen thong,4,0,372000,5000

INVOICE,BILL-119654,1790905760,560000,Completed
PRODUCT,P-916814,Banh quy Sunlight chai 1L,3,0,89000,0
PRODUCT,P-795928,Nuoc giat Red Bull goi 85g,1,0,298000,5000

INVOICE,BILL-718288,1790319389,950000,Completed
PRODUCT,P-880841,Sua tuoi Red Bull cao cap,2,0,475000,0

INVOICE,BILL-831704,1790280752,3549000,Completed
PRODUCT,P-780566,Nuoc mam Hao Hao loc 4 hop,4,0,184000,1000
PRODUCT,P-511987,Tuong ot Sunlight can 2L,2,0,458000,2000
PRODUCT,P-804314,Nuoc giat Omachi khong duong,4,0,373000,1000
PRODUCT,P-891093,Tuong ot Tuong An khong duong,1,0,339000,0
PRODUCT,P-361303,Tuong ot Closeup tiet kiem,1,0,78000,0

INVOICE,BILL-558831,1790803060,927000,Completed
PRODUCT,P-194952,Hat nem Sunlight can 2L,2,0,238000,0
PRODUCT,P-416423,Nuoc giat Aquafina tiet kiem,1,0,189000,2000
PRODUCT,P-641058,Hat nem Coca Cola huong vi tu nhien,4,0,68000,2000

INVOICE,BILL-980627,1790982014,755000,Completed
PRODUCT,P-778636,Khan giay OMO it duong,5,0,152000,1000

INVOICE,BILL-816275,1790770237,2965000,Completed
PRODUCT,P-889216,Mi goi Omachi khong duong,4,0,425000,0
PRODUCT,P-666456,Nuoc tuong Sunlight huong vi tu nhien,5,0,254000,1000

INVOICE,BILL-888007,1790796486,889000,Completed
PRODUCT,P-730421,Nuoc ngot Kinh Do it duong,2,0,85000,0
PRODUCT,P-879850,Sua tam Hao Hao it duong,4,0,112000,2000
PRODUCT,P-352867,Hat nem Vinamilk can 2L,3,0,98000,5000

INVOICE,BILL-106418,1790527838,2758000,Completed
PRODUCT,P-462974,Nuoc suoi Chin-su it duong,5,0,497000,0
PRODUCT,P-981639,Nuoc mam TH True Milk truyen thong,3,0,93000,2000

INVOICE,BILL-656868,1790377457,753000,Completed
PRODUCT,P-166645,Snack Sunsilk can 2L,5,0,63000,0
PRODUCT,P-679077,Kem danh rang Colgate huong vi tu nhien,3,0,146000,0

INVOICE,BILL-418771,1790339101,5930000,Completed
PRODUCT,P-698128,Dau an Sunsilk hop 200g,3,0,495000,0
PRODUCT,P-130094,Nuoc tuong Sunsilk huong vi tu nhien,5,0,403000,0
PRODUCT,P-916344,Banh quy TH True Milk cao cap,5,0,486000,0

INVOICE,BILL-964215,1790378112,2933000,Completed
PRODUCT,P-824056,Nuoc xa Vinamilk chai 1L,1,0,193000,0
PRODUCT,P-662628,Nuoc tuong Lifebuoy tiet kiem,5,0,122000,1000
PRODUCT,P-377746,Tuong ot OMO chai 1L,1,0,92000,5000
PRODUCT,P-127965,Khan giay Maggi loc 4 hop,1,0,58000,5000
PRODUCT,P-673929,Dau an Nam Ngu khong duong,5,0,399000,0

INVOICE,BILL-205302,1790267408,3516000,Completed
PRODUCT,P-208998,Nuoc giat Pepsi loc 4 hop,2,0,94000,0
PRODUCT,P-468154,Nuoc mam Sunlight tiet kiem,3,0,69000,0
PRODUCT,P-573869,Nuoc ngot Lavie dam da,5,0,134000,1000
PRODUCT,P-622469,Hat nem Barona dam da,3,0,359000,2000
PRODUCT,P-299405,Tuong ot Lay's loc 4 hop,5,0,277000,0

INVOICE,BILL-350416,1790713314,892000,Completed
PRODUCT,P-168093,Gia vi Sting chai 500ml,2,1,412000,0
PRODUCT,P-878579,Kem danh rang Oishi can 2L,1,0,69000,1000

INVOICE,BILL-424637,1790842748,4836000,Completed
PRODUCT,P-853629,Nuoc mam Sunlight cao cap,3,0,417000,5000
PRODUCT,P-832052,Nuoc suoi Simply chai 1L,3,0,322000,0
PRODUCT,P-386886,Nuoc xa OMO huong vi tu nhien,4,0,46000,0
PRODUCT,P-603935,Nuoc giat Lavie it duong,3,0,499000,1000
PRODUCT,P-563298,Dau an Tuong An loc 4 hop,4,0,239000,0

INVOICE,BILL-508433,1790269349,2082000,Completed
PRODUCT,P-685253,Dau goi TH True Milk chai 1L,5,0,96000,0
PRODUCT,P-415783,Kem danh rang TH True Milk chai 1L,3,0,263000,0
PRODUCT,P-241647,Nuoc mam Pepsi goi 85g,2,0,132000,2000
PRODUCT,P-256782,Nuoc tuong Lifebuoy loc 4 hop,5,0,96000,1000
PRODUCT,P-289019,Hat nem Simply truyen thong,3,0,26000,0

INVOICE,BILL-273599,1790182375,3941000,Completed
PRODUCT,P-394234,Nuoc xa Aquafina goi 85g,2,0,371000,2000
PRODUCT,P-307757,Banh quy Aquafina hop 200g,1,0,302000,1000
PRODUCT,P-660957,Kem danh rang Omachi it duong,1,0,206000,0
PRODUCT,P-475565,Nuoc giat Chin-su can 2L,3,0,389000,0
PRODUCT,P-459316,Tuong ot Comfort can 2L,3,0,494000,5000
PRODUCT,P-578975,Hat nem Nam Ngu it duong,2,0,31000,0

INVOICE,BILL-529390,1790349339,3832000,Completed
PRODUCT,P-718836,Khan giay TH True Milk truyen thong,3,0,332000,2000
PRODUCT,P-741079,Snack Comfort can 2L,4,0,157000,1000
PRODUCT,P-255287,Sua tam Closeup hop 200g,2,0,306000,5000
PRODUCT,P-588694,Nuoc suoi Aquafina chai 1L,2,0,161000,0
PRODUCT,P-175124,Nuoc ngot Coca Cola khong duong,2,0,150000,1000
PRODUCT,P-242723,Mi goi Lay's chai 1L,3,0,332000,0

INVOICE,BILL-458139,1790516988,3006000,Completed
PRODUCT,P-405925,Sua tam G7 khong duong,4,0,101000,0
PRODUCT,P-202988,Gia vi Kinh Do tiet kiem,3,0,257000,5000
PRODUCT,P-742865,Banh quy Kinh Do chai 500ml,5,0,193000,5000
PRODUCT,P-275526,Dau goi Closeup tiet kiem,3,0,304000,2000

INVOICE,BILL-347438,1790671165,6384000,Completed
PRODUCT,P-609892,Nuoc mam Lifebuoy dam da,5,0,368000,1000
PRODUCT,P-786735,Kem danh rang Omachi khong duong,2,0,371000,2000
PRODUCT,P-350224,Sua tam Omachi dam da,5,0,372000,1000
PRODUCT,P-306854,Tuong ot Knorr can 2L,1,0,458000,0
PRODUCT,P-331148,Sua tam Oishi cao cap,3,0,482000,2000
PRODUCT,P-263137,Ca phe Maggi truyen thong,2,0,30000,1000

INVOICE,BILL-926478,1790981617,2965000,Completed
PRODUCT,P-604884,Dau goi Oishi dam da,1,0,427000,0
PRODUCT,P-938373,Snack Pepsi cao cap,5,0,194000,2000
PRODUCT,P-688534,Khan giay Colgate huong vi tu nhien,3,0,356000,0
PRODUCT,P-158896,Dau goi Hao Hao dam da,2,0,255000,0

INVOICE,BILL-837775,1790480376,1841000,Completed
PRODUCT,P-952227,Nuoc suoi Coca Cola huong vi tu nhien,3,0,341000,0
PRODUCT,P-418667,Kem danh rang Nescafe loc 4 hop,2,0,411000,2000

INVOICE,BILL-493782,1790311762,3254000,Completed
PRODUCT,P-145767,Khan giay Tuong An chai 1L,4,1,165000,0
PRODUCT,P-646699,Sua tam Lifebuoy loc 4 hop,3,0,86000,2000
PRODUCT,P-888939,Nuoc giat Simply khong duong,1,0,122000,2000
PRODUCT,P-859364,Mi goi Maggi can 2L,2,0,13000,2000
PRODUCT,P-659614,Nuoc xa Coca Cola hop 200g,5,0,67000,0
PRODUCT,P-575682,Banh quy Maggi huong vi tu nhien,5,0,375000,2000

INVOICE,BILL-807167,1790587335,4044000,Completed
PRODUCT,P-926097,Hat nem Sunlight dam da,4,0,179000,5000
PRODUCT,P-606384,Dau goi Barona loc 4 hop,2,0,157000,1000
PRODUCT,P-997004,Hat nem Knorr it duong,4,0,473000,0
PRODUCT,P-680238,Nuoc suoi Closeup it duong,4,0,286000,0

INVOICE,BILL-693731,1790226429,1792000,Completed
PRODUCT,P-401659,Khan giay Lavie goi 85g,4,0,270000,2000
PRODUCT,P-869649,Nuoc tuong Sunsilk chai 500ml,5,1,146000,2000

INVOICE,BILL-649170,1790223591,2909000,Completed
PRODUCT,P-225461,Gia vi Maggi khong duong,4,0,10000,5000
PRODUCT,P-281162,Mi goi Sunsilk dam da,4,0,48000,0
PRODUCT,P-148823,Nuoc ngot Vinamilk it duong,3,0,327000,5000
PRODUCT,P-495019,Kem danh rang Lay's dam da,3,0,255000,0
PRODUCT,P-679902,Nuoc tuong Simply chai 500ml,3,0,327000,5000

INVOICE,BILL-392449,1790797790,5968000,Completed
PRODUCT,P-875414,Nuoc ngot Red Bull truyen thong,4,1,286000,0
PRODUCT,P-289159,Mi goi Vinamilk chai 500ml,3,0,358000,0
PRODUCT,P-391369,Snack Colgate chai 1L,5,0,405000,5000
PRODUCT,P-464863,Sua tuoi Pepsi huong vi tu nhien,5,0,355000,5000

INVOICE,BILL-779001,1790658110,2002000,Completed
PRODUCT,P-397058,Dau goi Closeup tiet kiem,5,0,358000,0
PRODUCT,P-248298,Nuoc lau san Lavie hop 200g,5,0,13000,0
PRODUCT,P-911982,Nuoc xa Simply can 2L,1,0,149000,2000

INVOICE,BILL-690380,1790918728,4193000,Completed
PRODUCT,P-977740,Kem danh rang Coca Cola chai 1L,1,0,455000,0
PRODUCT,P-878476,Sua tuoi Maggi dam da,4,0,371000,0
PRODUCT,P-327357,Nuoc suoi OMO can 2L,5,0,147000,2000
PRODUCT,P-560623,Mi goi Maggi can 2L,1,0,499000,2000
PRODUCT,P-194423,Nuoc ngot Hao Hao truyen thong,4,0,263000,5000

INVOICE,BILL-249834,1790323618,3790000,Completed
PRODUCT,P-822106,Gia vi Lavie goi 85g,5,0,19000,0
PRODUCT,P-922615,Nuoc giat Closeup truyen thong,2,1,199000,1000
PRODUCT,P-275329,Kem danh rang Nescafe hop 200g,3,0,312000,0
PRODUCT,P-927564,Snack Comfort chai 1L,1,0,11000,0
PRODUCT,P-712982,Hat nem Maggi chai 1L,1,0,219000,2000
PRODUCT,P-195629,Ca phe OMO chai 1L,5,0,427000,0

INVOICE,BILL-336135,1790944523,4838000,Completed
PRODUCT,P-127824,Tuong ot Lifebuoy chai 1L,4,0,459000,0
PRODUCT,P-148118,Kem danh rang Coca Cola loc 4 hop,2,0,176000,0
PRODUCT,P-446479,Snack Lavie cao cap,2,0,53000,0
PRODUCT,P-398194,Nuoc tuong Closeup loc 4 hop,5,0,287000,5000
PRODUCT,P-897305,Sua tuoi Clear hop 200g,3,0,210000,1000
PRODUCT,P-870033,Nuoc xa Tuong An truyen thong,3,0,169000,0

INVOICE,BILL-582762,1790452890,2385000,Completed
PRODUCT,P-803953,Nuoc giat TH True Milk dam da,4,0,265000,2000
PRODUCT,P-501384,Snack G7 chai 1L,5,0,234000,0
PRODUCT,P-435788,Khan giay Clear hop 200g,1,0,163000,0

INVOICE,BILL-670808,1790675566,3367000,Completed
PRODUCT,P-402483,Nuoc tuong Simply goi 85g,5,0,449000,0
PRODUCT,P-238635,Sua tam Simply truyen thong,2,0,314000,0
PRODUCT,P-599380,Snack Closeup can 2L,5,0,72000,0
PRODUCT,P-216739,Nuoc lau san OMO huong vi tu nhien,1,0,134000,0

INVOICE,BILL-587415,1790742583,3543000,Completed
PRODUCT,P-877444,Khan giay Tuong An chai 500ml,5,0,332000,1000
PRODUCT,P-329258,Dau goi Sunsilk chai 1L,4,0,9000,0
PRODUCT,P-847078,Nuoc suoi Lifebuoy tiet kiem,5,1,41000,1000
PRODUCT,P-508024,Dau an Nescafe tiet kiem,1,0,235000,0
PRODUCT,P-772097,Nuoc lau san Vinamilk goi 85g,3,0,414000,1000
PRODUCT,P-515018,Mi goi Hao Hao goi 85g,2,0,89000,0

INVOICE,BILL-598342,1790461726,515000,Completed
PRODUCT,P-502206,Nuoc ngot Closeup chai 1L,1,0,399000,0
PRODUCT,P-708299,Dau an Barona huong vi tu nhien,1,0,116000,0

INVOICE,BILL-446433,1790218363,1345000,Completed
PRODUCT,P-344303,Snack Nam Ngu truyen thong,1,0,314000,1000
PRODUCT,P-149161,Nuoc giat Lay's it duong,2,0,64000,0
PRODUCT,P-340820,Nuoc mam Sunsilk chai 500ml,4,0,226000,0

INVOICE,BILL-519216,1790934005,1966000,Completed
PRODUCT,P-795186,Nuoc lau san Clear it duong,4,0,123000,0
PRODUCT,P-271200,Banh quy Knorr loc 4 hop,5,0,202000,2000
PRODUCT,P-706403,Nuoc lau san Barona hop 200g,3,0,159000,1000

INVOICE,BILL-579968,1790219493,722000,Completed
PRODUCT,P-424703,Sua tam Kinh Do chai 1L,2,0,361000,0

INVOICE,BILL-313334,1790501390,2786000,Completed
PRODUCT,P-764693,Khan giay Knorr dam da,2,0,118000,0
PRODUCT,P-785197,Sua tuoi Clear can 2L,5,0,300000,0
PRODUCT,P-241081,Dau goi Clear hop 200g,4,0,220000,0
PRODUCT,P-199868,Snack Maggi cao cap,2,0,90000,5000

INVOICE,BILL-940720,1790277225,546000,Completed
PRODUCT,P-591147,Nuoc giat Tuong An tiet kiem,1,0,109000,0
PRODUCT,P-749871,Snack Chin-su can 2L,4,0,76000,0
PRODUCT,P-979995,Mi goi Sunsilk chai 1L,1,0,133000,0

INVOICE,BILL-201860,1790418459,3855000,Completed
PRODUCT,P-676363,Snack Hao Hao dam da,5,0,237000,2000
PRODUCT,P-211291,Dau an Knorr dam da,2,0,371000,5000
PRODUCT,P-751303,Kem danh rang Closeup chai 500ml,4,0,425000,5000
PRODUCT,P-335615,Banh quy Vinamilk hop 200g,2,1,139000,5000

INVOICE,BILL-715710,1790636356,536000,Completed
PRODUCT,P-632323,Khan giay Oishi hop 200g,4,0,139000,5000

INVOICE,BILL-904135,1790962556,3319000,Completed
PRODUCT,P-321494,Dau goi Tuong An khong duong,4,0,173000,0
PRODUCT,P-213346,Nuoc mam Lay's dam da,1,0,368000,5000
PRODUCT,P-803950,Sua tuoi Nam Ngu it duong,1,0,189000,0
PRODUCT,P-976960,Nuoc giat Nescafe dam da,5,0,311000,2000
PRODUCT,P-604740,Sua tuoi OMO loc 4 hop,2,0,267000,2000

INVOICE,BILL-633780,1790635596,4175000,Completed
PRODUCT,P-794042,Nuoc mam Hao Hao tiet kiem,1,0,234000,0
PRODUCT,P-183840,Ca phe Sunlight it duong,4,0,411000,2000
PRODUCT,P-492124,Hat nem Chin-su it duong,5,0,301000,0
PRODUCT,P-971699,Hat nem Simply tiet kiem,2,0,401000,1000

INVOICE,BILL-607249,1790861179,300000,Completed
PRODUCT,P-307963,Nuoc giat OMO chai 500ml,5,0,65000,5000

INVOICE,BILL-153450,1790199929,4142000,Completed
PRODUCT,P-301255,Nuoc lau san Sunsilk tiet kiem,1,0,308000,0
PRODUCT,P-192742,Mi goi Red Bull dam da,5,0,251000,0
PRODUCT,P-426503,Hat nem Nescafe dam da,5,0,387000,5000
PRODUCT,P-413769,Mi goi Red Bull it duong,3,0,117000,2000
PRODUCT,P-952993,Sua tam Nescafe tiet kiem,1,0,52000,1000
PRODUCT,P-866288,Sua tam Sting hop 200g,1,0,278000,5000

INVOICE,BILL-901125,1790527310,3370000,Completed
PRODUCT,P-776856,Tuong ot Closeup truyen thong,3,0,483000,5000
PRODUCT,P-392683,Nuoc lau san Clear cao cap,4,0,484000,0

INVOICE,BILL-896087,1790788734,2135000,Completed
PRODUCT,P-559259,Sua tuoi Coca Cola hop 200g,2,0,179000,5000
PRODUCT,P-448813,Nuoc ngot Nescafe it duong,1,0,316000,0
PRODUCT,P-176066,Nuoc xa Clear cao cap,5,0,240000,1000
PRODUCT,P-172187,Gia vi Kinh Do goi 85g,1,0,149000,5000
PRODUCT,P-677124,Nuoc ngot TH True Milk goi 85g,4,0,33000,0

INVOICE,BILL-194737,1790688662,7768000,Completed
PRODUCT,P-533301,Nuoc giat G7 cao cap,5,0,409000,5000
PRODUCT,P-893188,Khan giay Comfort loc 4 hop,4,0,371000,1000
PRODUCT,P-810614,Nuoc tuong Clear chai 1L,4,0,407000,2000
PRODUCT,P-438503,Nuoc ngot Sunsilk huong vi tu nhien,4,0,402000,1000
PRODUCT,P-583388,Dau an Omachi truyen thong,3,0,192000,2000
PRODUCT,P-352673,Mi goi Pepsi truyen thong,2,0,242000,5000

INVOICE,BILL-796974,1790653610,2408000,Completed
PRODUCT,P-174268,Nuoc mam Lavie chai 1L,1,0,369000,0
PRODUCT,P-474175,Sua tam Colgate it duong,4,0,286000,0
PRODUCT,P-694223,Khan giay Clear huong vi tu nhien,4,0,51000,5000
PRODUCT,P-310416,Nuoc ngot Closeup dam da,4,0,95000,5000
PRODUCT,P-837606,Nuoc giat Kinh Do khong duong,1,0,157000,1000
PRODUCT,P-817923,Kem danh rang Nescafe goi 85g,5,0,39000,0

INVOICE,BILL-747455,1790427670,3944000,Completed
PRODUCT,P-497382,Nuoc suoi Pepsi dam da,5,0,220000,2000
PRODUCT,P-972881,Ca phe Omachi it duong,2,1,69000,0
PRODUCT,P-377405,Nuoc giat Maggi huong vi tu nhien,5,0,237000,1000
PRODUCT,P-177680,Ca phe Sunlight chai 1L,2,0,213000,0
PRODUCT,P-679606,Hat nem Oishi goi 85g,2,0,290000,0
PRODUCT,P-429119,Dau goi Aquafina chai 1L,5,0,108000,2000

INVOICE,BILL-655695,1790477513,908000,Completed
PRODUCT,P-487151,Nuoc xa Lifebuoy can 2L,2,0,245000,0
PRODUCT,P-710754,Hat nem Closeup khong duong,3,0,14000,0
PRODUCT,P-635618,Sua tuoi Sting hop 200g,1,0,212000,0
PRODUCT,P-643118,Sua tam Kinh Do goi 85g,4,0,46000,5000

INVOICE,BILL-980719,1790330957,1923000,Completed
PRODUCT,P-893202,Nuoc ngot Barona chai 500ml,5,0,139000,5000
PRODUCT,P-893969,Gia vi Sunsilk dam da,1,0,483000,0
PRODUCT,P-678805,Nuoc xa Sunlight truyen thong,2,0,385000,0

INVOICE,BILL-949687,1790301300,553000,Completed
PRODUCT,P-675074,Nuoc mam Comfort goi 85g,2,0,137000,2000
PRODUCT,P-893435,Tuong ot Coca Cola it duong,4,0,42000,5000
PRODUCT,P-701846,Dau goi Clear chai 1L,3,0,45000,0

INVOICE,BILL-329388,1790404705,3905000,Completed
PRODUCT,P-443194,Kem danh rang Sunsilk goi 85g,2,0,342000,0
PRODUCT,P-113721,Banh quy Aquafina khong duong,5,0,203000,2000
PRODUCT,P-824056,Nuoc xa Vinamilk chai 1L,5,0,193000,1000
PRODUCT,P-288744,Nuoc giat Clear truyen thong,4,0,319000,5000

INVOICE,BILL-587776,1790203142,3936000,Completed
PRODUCT,P-699121,Hat nem Lavie tiet kiem,4,0,305000,2000
PRODUCT,P-682032,Snack Oishi tiet kiem,4,0,46000,0
PRODUCT,P-678083,Banh quy Kinh Do tiet kiem,3,0,414000,0
PRODUCT,P-902328,Sua tam Maggi truyen thong,4,0,103000,1000
PRODUCT,P-543940,Tuong ot Lay's goi 85g,3,0,181000,1000
PRODUCT,P-623866,Dau goi Hao Hao tiet kiem,5,0,70000,0

INVOICE,BILL-223218,1790791057,2238000,Completed
PRODUCT,P-504832,Banh quy Lay's huong vi tu nhien,4,0,99000,1000
PRODUCT,P-426084,Tuong ot Colgate huong vi tu nhien,4,0,147000,5000
PRODUCT,P-621533,Nuoc xa Sunsilk dam da,2,0,246000,2000
PRODUCT,P-438977,Banh quy Nam Ngu chai 500ml,5,0,104000,2000
PRODUCT,P-360330,Sua tuoi Vinamilk tiet kiem,1,0,285000,5000

INVOICE,BILL-406314,1790497319,1805000,Completed
PRODUCT,P-769078,Ca phe Barona tiet kiem,5,0,232000,0
PRODUCT,P-428638,Sua tam Sunlight khong duong,5,0,124000,2000
PRODUCT,P-632401,Khan giay Maggi goi 85g,1,0,35000,0

INVOICE,BILL-371333,1790850312,3185000,Completed
PRODUCT,P-293319,Nuoc suoi Sunlight it duong,2,0,123000,0
PRODUCT,P-157196,Nuoc giat Sting chai 1L,5,0,91000,0
PRODUCT,P-571435,Nuoc giat Clear truyen thong,2,0,371000,1000
PRODUCT,P-594580,Nuoc mam Simply tiet kiem,1,0,112000,0
PRODUCT,P-772580,Nuoc mam G7 truyen thong,5,0,253000,0
PRODUCT,P-372793,Snack Nescafe dam da,1,0,369000,2000

INVOICE,BILL-455973,1790403795,4660000,Completed
PRODUCT,P-759531,Nuoc ngot Lavie goi 85g,5,0,496000,0
PRODUCT,P-148458,Sua tuoi TH True Milk it duong,3,0,376000,0
PRODUCT,P-340068,Ca phe TH True Milk tiet kiem,4,0,263000,0

INVOICE,BILL-114538,1790966096,2259000,Completed
PRODUCT,P-180657,Nuoc ngot Omachi truyen thong,2,0,454000,0
PRODUCT,P-620306,Nuoc mam Hao Hao chai 1L,2,0,344000,1000
PRODUCT,P-963539,Hat nem Tuong An chai 500ml,5,1,134000,1000

INVOICE,BILL-598351,1790614687,1300000,Completed
PRODUCT,P-809489,Dau an Sting can 2L,2,0,282000,0
PRODUCT,P-250219,Gia vi Colgate dam da,4,0,185000,1000

INVOICE,BILL-619669,1790723158,4244000,Completed
PRODUCT,P-601207,Sua tuoi Oishi loc 4 hop,3,0,242000,1000
PRODUCT,P-353814,Sua tam Nescafe can 2L,1,0,147000,0
PRODUCT,P-587853,Banh quy Simply dam da,4,0,338000,2000
PRODUCT,P-960607,Nuoc tuong Knorr loc 4 hop,5,0,406000,0

INVOICE,BILL-255662,1790973894,1548000,Completed
PRODUCT,P-993385,Dau an Lifebuoy tiet kiem,4,0,387000,0

INVOICE,BILL-767590,1790596617,3084000,Completed
PRODUCT,P-300924,Nuoc giat TH True Milk khong duong,5,0,426000,2000
PRODUCT,P-866437,Hat nem Colgate cao cap,4,0,246000,5000

INVOICE,BILL-859141,1790631022,3888000,Completed
PRODUCT,P-437902,Sua tuoi Simply hop 200g,1,0,360000,0
PRODUCT,P-913185,Dau goi Pepsi truyen thong,5,0,165000,2000
PRODUCT,P-475308,Nuoc ngot Comfort huong vi tu nhien,4,0,172000,1000
PRODUCT,P-516059,Hat nem Sunlight hop 200g,4,0,316000,0
PRODUCT,P-549112,Nuoc tuong Chin-su goi 85g,1,0,49000,1000
PRODUCT,P-579247,Kem danh rang Kinh Do chai 500ml,3,0,240000,1000

INVOICE,BILL-869194,1790448174,98000,Completed
PRODUCT,P-782141,Dau an Vinamilk it duong,2,0,49000,0

INVOICE,BILL-282166,1790732167,3294000,Completed
PRODUCT,P-874417,Nuoc ngot Simply khong duong,2,0,56000,0
PRODUCT,P-552686,Kem danh rang TH True Milk tiet kiem,4,0,235000,0
PRODUCT,P-725173,Snack Chin-su dam da,4,1,363000,2000
PRODUCT,P-656639,Nuoc ngot Tuong An it duong,2,0,400000,1000

INVOICE,BILL-789806,1790177188,4902000,Completed
PRODUCT,P-105447,Nuoc suoi Lavie loc 4 hop,4,0,477000,0
PRODUCT,P-745239,Sua tam Clear goi 85g,3,1,430000,1000
PRODUCT,P-158896,Dau goi Hao Hao dam da,3,0,255000,0
PRODUCT,P-547724,Dau an Nescafe chai 1L,3,0,247000,2000
PRODUCT,P-515032,Kem danh rang Lay's chai 1L,3,0,70000,1000

INVOICE,BILL-992668,1790680395,1490000,Completed
PRODUCT,P-548906,Nuoc mam Kinh Do loc 4 hop,4,0,65000,0
PRODUCT,P-891918,Snack Sunlight loc 4 hop,1,0,86000,0
PRODUCT,P-332542,Gia vi Pepsi huong vi tu nhien,4,1,288000,2000

INVOICE,BILL-974371,1790373899,1800000,Completed
PRODUCT,P-962276,Kem danh rang Vinamilk khong duong,4,0,452000,2000

INVOICE,BILL-151550,1790234681,4298000,Completed
PRODUCT,P-768706,Nuoc suoi Nam Ngu cao cap,3,0,131000,0
PRODUCT,P-889216,Mi goi Omachi khong duong,5,0,425000,0
PRODUCT,P-427557,Dau an Kinh Do chai 500ml,5,0,356000,0

INVOICE,BILL-762683,1790283526,1915000,Completed
PRODUCT,P-814827,Nuoc giat Vinamilk it duong,5,0,383000,0

INVOICE,BILL-901631,1790319765,5834000,Completed
PRODUCT,P-434198,Ca phe Lavie goi 85g,2,0,355000,1000
PRODUCT,P-337144,Sua tam Aquafina goi 85g,5,0,181000,0
PRODUCT,P-293213,Kem danh rang Coca Cola goi 85g,3,0,350000,1000
PRODUCT,P-902616,Khan giay TH True Milk goi 85g,4,0,114000,0
PRODUCT,P-252901,Sua tam TH True Milk goi 85g,4,0,297000,0
PRODUCT,P-349505,Nuoc xa OMO chai 500ml,5,0,306000,0

INVOICE,BILL-874180,1790936025,3805000,Completed
PRODUCT,P-195763,Sua tuoi Sting goi 85g,2,0,497000,5000
PRODUCT,P-567951,Hat nem Lifebuoy dam da,5,0,371000,1000
PRODUCT,P-682051,Dau an Aquafina huong vi tu nhien,3,0,153000,2000
PRODUCT,P-898531,Snack Coca Cola hop 200g,2,0,8000,5000
PRODUCT,P-582662,Nuoc mam Sunlight chai 500ml,2,0,255000,5000
PRODUCT,P-359486,Ca phe Maggi can 2L,3,0,4000,0

INVOICE,BILL-454872,1790269918,4714000,Completed
PRODUCT,P-919378,Nuoc lau san Clear chai 1L,5,0,129000,2000
PRODUCT,P-741804,Sua tam Sunlight hop 200g,5,0,164000,5000
PRODUCT,P-527398,Nuoc xa Nam Ngu huong vi tu nhien,3,0,114000,0
PRODUCT,P-254850,Snack Sunsilk it duong,5,0,369000,0
PRODUCT,P-582071,Khan giay Nam Ngu dam da,4,0,232000,2000
PRODUCT,P-831531,Sua tuoi Lavie loc 4 hop,3,0,59000,0

INVOICE,BILL-130525,1790557705,46000,Completed
PRODUCT,P-895667,Nuoc mam Tuong An tiet kiem,1,0,48000,2000

INVOICE,BILL-965342,1790199085,2391000,Completed
PRODUCT,P-124223,Nuoc xa Comfort loc 4 hop,5,0,105000,0
PRODUCT,P-485709,Ca phe Vinamilk can 2L,5,0,171000,5000
PRODUCT,P-670892,Nuoc tuong OMO chai 500ml,1,0,470000,5000
PRODUCT,P-912510,Gia vi Lavie loc 4 hop,4,0,83000,1000
PRODUCT,P-208310,Banh quy Sunlight loc 4 hop,1,0,245000,2000

INVOICE,BILL-775957,1790270944,4590000,Completed
PRODUCT,P-925145,Mi goi Sting can 2L,4,0,455000,0
PRODUCT,P-775885,Nuoc lau san Sunlight chai 1L,3,1,186000,2000
PRODUCT,P-818119,Nuoc ngot Comfort it duong,5,0,366000,1000
PRODUCT,P-483349,Gia vi Simply it duong,3,0,132000,1000

INVOICE,BILL-899361,1790959832,4704000,Completed
PRODUCT,P-203396,Sua tuoi Tuong An tiet kiem,4,0,146000,5000
PRODUCT,P-745073,Banh quy Lay's hop 200g,4,0,197000,0
PRODUCT,P-103717,Nuoc tuong Lavie cao cap,2,0,487000,1000
PRODUCT,P-125755,Mi goi Coca Cola goi 85g,5,0,476000,0

INVOICE,BILL-685476,1790187303,6085000,Completed
PRODUCT,P-197736,Kem danh rang Clear can 2L,5,0,282000,0
PRODUCT,P-876646,Snack Clear loc 4 hop,4,0,217000,0
PRODUCT,P-616342,Kem danh rang Tuong An loc 4 hop,3,0,221000,5000
PRODUCT,P-695417,Snack Lifebuoy it duong,4,0,227000,1000
PRODUCT,P-420297,Nuoc mam Clear it duong,5,0,353000,0
PRODUCT,P-699809,Nuoc giat Oishi it duong,5,0,98000,0

INVOICE,BILL-445278,1790271891,3346000,Completed
PRODUCT,P-596489,Nuoc ngot Hao Hao chai 1L,3,1,114000,1000
PRODUCT,P-885386,Nuoc lau san Simply chai 1L,1,0,188000,5000
PRODUCT,P-452001,Gia vi Oishi cao cap,5,0,237000,1000
PRODUCT,P-544730,Kem danh rang G7 can 2L,3,0,122000,2000
PRODUCT,P-806357,Nuoc tuong Pepsi huong vi tu nhien,3,0,428000,0

INVOICE,BILL-402538,1790819985,444000,Completed
PRODUCT,P-873959,Nuoc tuong Maggi truyen thong,2,1,224000,2000

INVOICE,BILL-465226,1790350233,477000,Completed
PRODUCT,P-959907,Snack Pepsi khong duong,1,0,372000,0
PRODUCT,P-126925,Nuoc giat Clear can 2L,5,0,21000,0

INVOICE,BILL-965643,1790933292,3515000,Completed
PRODUCT,P-378428,Nuoc tuong Oishi khong duong,4,0,463000,0
PRODUCT,P-803787,Khan giay Lay's dam da,4,0,155000,1000
PRODUCT,P-320256,Nuoc mam Simply cao cap,4,0,181000,0
PRODUCT,P-362035,Gia vi Comfort cao cap,1,0,323000,0

INVOICE,BILL-428429,1790949540,1256000,Completed
PRODUCT,P-214677,Nuoc suoi Kinh Do huong vi tu nhien,3,0,162000,2000
PRODUCT,P-212168,Kem danh rang Clear chai 500ml,2,0,389000,1000

INVOICE,BILL-781061,1790365801,508000,Completed
PRODUCT,P-310040,Dau an Sunlight goi 85g,5,0,77000,1000
PRODUCT,P-955413,Snack Barona cao cap,1,0,130000,2000

INVOICE,BILL-314112,1790382307,168000,Completed
PRODUCT,P-763646,Gia vi Clear it duong,2,0,86000,2000

INVOICE,BILL-401759,1790420905,4651000,Completed
PRODUCT,P-861594,Nuoc mam Hao Hao can 2L,2,0,363000,0
PRODUCT,P-207282,Mi goi Colgate goi 85g,3,0,113000,0
PRODUCT,P-888930,Nuoc tuong Barona chai 1L,4,0,270000,2000
PRODUCT,P-912863,Nuoc lau san Lay's it duong,4,0,157000,1000
PRODUCT,P-935461,Nuoc tuong Clear it duong,5,0,108000,2000
PRODUCT,P-623059,Nuoc lau san Simply chai 500ml,5,0,272000,0

INVOICE,BILL-362202,1790870509,4966000,Completed
PRODUCT,P-883041,Nuoc tuong Barona chai 500ml,3,0,5000,0
PRODUCT,P-360316,Mi goi G7 loc 4 hop,1,0,412000,0
PRODUCT,P-990247,Gia vi Nescafe cao cap,5,0,117000,1000
PRODUCT,P-301863,Ca phe Colgate truyen thong,5,0,247000,5000
PRODUCT,P-611552,Gia vi Kinh Do huong vi tu nhien,3,0,130000,2000
PRODUCT,P-102973,Ca phe Lavie khong duong,5,0,473000,0

INVOICE,BILL-565341,1790981228,4122000,Completed
PRODUCT,P-678443,Banh quy Vinamilk khong duong,3,0,272000,0
PRODUCT,P-991884,Nuoc tuong Vinamilk cao cap,2,0,119000,1000
PRODUCT,P-435109,Nuoc suoi Chin-su tiet kiem,2,0,425000,0
PRODUCT,P-595404,Mi goi Sting huong vi tu nhien,2,0,345000,5000
PRODUCT,P-945742,Sua tam Clear can 2L,4,0,385000,0

INVOICE,BILL-681775,1790692978,4259000,Completed
PRODUCT,P-813813,Ca phe Maggi can 2L,4,0,312000,0
PRODUCT,P-249077,Sua tuoi Aquafina chai 500ml,5,0,186000,1000
PRODUCT,P-600590,Nuoc tuong Coca Cola huong vi tu nhien,2,0,209000,1000
PRODUCT,P-633030,Gia vi Nam Ngu chai 1L,5,0,334000,0

INVOICE,BILL-359895,1790391093,2382000,Completed
PRODUCT,P-601903,Nuoc lau san Closeup loc 4 hop,3,0,230000,1000
PRODUCT,P-886730,Nuoc mam Tuong An khong duong,5,0,340000,1000

INVOICE,BILL-692818,1790395992,6214000,Completed
PRODUCT,P-291961,Nuoc suoi Hao Hao truyen thong,1,0,489000,0
PRODUCT,P-848705,Nuoc suoi Barona cao cap,5,0,270000,2000
PRODUCT,P-958729,Mi goi Lavie tiet kiem,2,0,120000,0
PRODUCT,P-384076,Nuoc suoi Nam Ngu it duong,2,0,155000,0
PRODUCT,P-884897,Hat nem Maggi goi 85g,5,0,446000,0
PRODUCT,P-662093,Gia vi Simply huong vi tu nhien,5,0,321000,0

INVOICE,BILL-139634,1790862233,1719000,Completed
PRODUCT,P-311883,Nuoc xa Red Bull can 2L,2,0,250000,2000
PRODUCT,P-580547,Hat nem Lavie truyen thong,3,0,389000,5000
PRODUCT,P-818798,Dau an OMO khong duong,1,0,71000,0

INVOICE,BILL-796744,1790415887,2492000,Completed
PRODUCT,P-354801,Banh quy Omachi tiet kiem,4,0,443000,1000
PRODUCT,P-111691,Khan giay Aquafina truyen thong,3,0,23000,0
PRODUCT,P-694316,Nuoc lau san Lavie loc 4 hop,1,0,470000,5000
PRODUCT,P-953047,Nuoc lau san Chin-su chai 500ml,2,0,95000,0

INVOICE,BILL-951603,1791014977,2536000,Completed
PRODUCT,P-535820,Mi goi Closeup goi 85g,2,0,355000,0
PRODUCT,P-131757,Ca phe Oishi chai 1L,3,0,462000,0
PRODUCT,P-393992,Ca phe Sunlight dam da,2,0,222000,2000

INVOICE,BILL-957883,1790981209,4358000,Completed
PRODUCT,P-533525,Kem danh rang Sunsilk cao cap,5,0,294000,0
PRODUCT,P-699083,Sua tuoi Kinh Do can 2L,4,0,465000,0
PRODUCT,P-342675,Nuoc xa TH True Milk dam da,4,0,257000,0

INVOICE,BILL-140852,1790199229,7131000,Completed
PRODUCT,P-138399,Nuoc ngot Closeup cao cap,3,0,224000,0
PRODUCT,P-909859,Nuoc xa Colgate huong vi tu nhien,3,0,445000,1000
PRODUCT,P-614259,Nuoc giat Lay's tiet kiem,5,0,371000,1000
PRODUCT,P-223791,Sua tam Red Bull cao cap,4,0,445000,0
PRODUCT,P-834861,Nuoc suoi OMO loc 4 hop,3,0,498000,0
PRODUCT,P-821276,Khan giay Lavie chai 1L,1,0,3000,0

INVOICE,BILL-255768,1790821791,949000,Completed
PRODUCT,P-318877,Nuoc ngot Lifebuoy tiet kiem,3,0,313000,0
PRODUCT,P-476695,Tuong ot Vinamilk cao cap,2,0,5000,0

INVOICE,BILL-616448,1790914942,3459000,Completed
PRODUCT,P-847581,Dau goi Hao Hao can 2L,3,0,235000,5000
PRODUCT,P-472566,Hat nem Omachi hop 200g,3,0,251000,0
PRODUCT,P-747351,Tuong ot Kinh Do hop 200g,3,0,463000,5000
PRODUCT,P-419348,Ca phe Omachi chai 1L,2,0,322000,1000

INVOICE,BILL-194896,1790262868,957000,Completed
PRODUCT,P-393212,Nuoc giat Nam Ngu chai 500ml,3,0,319000,0

INVOICE,BILL-346180,1790430880,2266000,Completed
PRODUCT,P-486999,Mi goi Aquafina can 2L,2,0,119000,2000
PRODUCT,P-699743,Nuoc lau san Closeup cao cap,2,0,244000,0
PRODUCT,P-988980,Banh quy Sunlight truyen thong,3,0,461000,0
PRODUCT,P-236306,Nuoc mam Lifebuoy loc 4 hop,1,0,69000,0
PRODUCT,P-817497,Sua tuoi TH True Milk huong vi tu nhien,4,0,23000,0

INVOICE,BILL-681833,1790324848,2895000,Completed
PRODUCT,P-778428,Dau goi Barona huong vi tu nhien,5,0,189000,0
PRODUCT,P-455007,Mi goi Lay's truyen thong,2,0,500000,1000
PRODUCT,P-252640,Nuoc suoi Tuong An loc 4 hop,2,0,477000,1000

INVOICE,BILL-118228,1790717856,290000,Completed
PRODUCT,P-236708,Gia vi G7 can 2L,1,0,290000,0

INVOICE,BILL-817269,1790911265,1105000,Completed
PRODUCT,P-122827,Dau goi Lay's huong vi tu nhien,1,0,156000,1000
PRODUCT,P-984642,Nuoc suoi Sunsilk can 2L,2,0,480000,5000

INVOICE,BILL-362535,1790165003,5859000,Completed
PRODUCT,P-823769,Sua tam Hao Hao khong duong,2,0,146000,0
PRODUCT,P-627262,Nuoc xa Kinh Do goi 85g,3,0,447000,2000
PRODUCT,P-420349,Hat nem Pepsi chai 1L,5,0,438000,5000
PRODUCT,P-169326,Nuoc tuong Knorr cao cap,3,0,396000,1000
PRODUCT,P-792165,Dau goi Omachi goi 85g,3,0,294000,0

INVOICE,BILL-914833,1790536944,2709000,Completed
PRODUCT,P-925622,Nuoc suoi Nescafe chai 500ml,5,0,417000,0
PRODUCT,P-182911,Snack Tuong An huong vi tu nhien,4,0,83000,5000
PRODUCT,P-275329,Kem danh rang Nescafe hop 200g,1,0,312000,0

INVOICE,BILL-991929,1790853000,4202000,Completed
PRODUCT,P-189511,Tuong ot Hao Hao tiet kiem,5,0,437000,5000
PRODUCT,P-473095,Dau an Oishi dam da,3,0,413000,0
PRODUCT,P-712353,Dau an Closeup huong vi tu nhien,1,0,406000,5000
PRODUCT,P-400538,Mi goi Closeup chai 1L,1,0,402000,0

INVOICE,BILL-696432,1790710924,2668000,Completed
PRODUCT,P-245131,Mi goi Tuong An chai 1L,1,0,470000,2000
PRODUCT,P-360276,Nuoc giat Oishi khong duong,5,0,132000,0
PRODUCT,P-575301,Kem danh rang Clear hop 200g,2,0,48000,0
PRODUCT,P-598216,Gia vi Simply cao cap,4,0,363000,2000

INVOICE,BILL-867691,1790306082,274000,Completed
PRODUCT,P-254887,Sua tam Pepsi chai 1L,1,0,274000,0

INVOICE,BILL-378068,1790416831,448000,Completed
PRODUCT,P-943671,Sua tam Lifebuoy khong duong,4,0,112000,0

INVOICE,BILL-706657,1790872967,3091000,Completed
PRODUCT,P-858724,Nuoc ngot OMO huong vi tu nhien,4,0,186000,0
PRODUCT,P-282664,Banh quy Maggi khong duong,3,0,156000,1000
PRODUCT,P-182857,Nuoc giat Maggi khong duong,1,0,477000,0
PRODUCT,P-806004,Sua tam G7 huong vi tu nhien,5,1,281000,0

INVOICE,BILL-322278,1790920064,1633000,Completed
PRODUCT,P-613234,Nuoc tuong Chin-su khong duong,5,0,117000,1000
PRODUCT,P-829169,Nuoc lau san Lay's can 2L,2,0,78000,0
PRODUCT,P-588694,Nuoc suoi Aquafina chai 1L,3,0,161000,0
PRODUCT,P-317402,Nuoc ngot Lay's can 2L,1,0,416000,2000

INVOICE,BILL-651755,1790980092,1016000,Completed
PRODUCT,P-683783,Sua tuoi Coca Cola huong vi tu nhien,4,0,30000,0
PRODUCT,P-169429,Sua tuoi Sting dam da,4,0,224000,0

INVOICE,BILL-824721,1790488289,3562000,Completed
PRODUCT,P-725850,Banh quy OMO tiet kiem,4,0,55000,2000
PRODUCT,P-523727,Sua tuoi Chin-su loc 4 hop,5,0,454000,0
PRODUCT,P-992400,Mi goi Sting loc 4 hop,3,0,365000,5000

INVOICE,BILL-720912,1790781146,1262000,Completed
PRODUCT,P-432043,Dau goi Kinh Do goi 85g,1,0,399000,5000
PRODUCT,P-532699,Nuoc giat Chin-su dam da,2,0,439000,5000

INVOICE,BILL-870771,1790644932,1130000,Completed
PRODUCT,P-834764,Mi goi Clear can 2L,1,0,351000,0
PRODUCT,P-744274,Nuoc giat Aquafina chai 500ml,2,0,349000,2000
PRODUCT,P-465746,Nuoc suoi Sunlight chai 500ml,5,0,18000,1000

INVOICE,BILL-633214,1790232984,2477000,Completed
PRODUCT,P-872343,Banh quy Sunlight cao cap,2,0,405000,0
PRODUCT,P-109909,Nuoc lau san Red Bull it duong,1,0,429000,2000
PRODUCT,P-254511,Nuoc giat Sting it duong,2,0,439000,0
PRODUCT,P-341736,Dau an Maggi can 2L,1,0,136000,2000
PRODUCT,P-331625,Khan giay Vinamilk can 2L,4,1,59000,2000

INVOICE,BILL-811601,1790960270,2335000,Completed
PRODUCT,P-567604,Ca phe Tuong An khong duong,3,0,310000,5000
PRODUCT,P-962074,Nuoc xa Lifebuoy loc 4 hop,1,0,65000,0
PRODUCT,P-601207,Sua tuoi Oishi loc 4 hop,4,0,242000,0
PRODUCT,P-522988,Sua tuoi Tuong An huong vi tu nhien,3,0,27000,0
PRODUCT,P-376967,Nuoc mam Closeup loc 4 hop,2,0,153000,0

INVOICE,BILL-868003,1790310143,1281000,Completed
PRODUCT,P-109909,Nuoc lau san Red Bull it duong,3,0,429000,2000

INVOICE,BILL-895932,1790644944,2490000,Completed
PRODUCT,P-983788,Tuong ot Tuong An cao cap,2,0,222000,2000
PRODUCT,P-740524,Tuong ot G7 can 2L,4,0,418000,1000
PRODUCT,P-253591,Banh quy Vinamilk can 2L,3,0,34000,0
PRODUCT,P-563031,Dau an Comfort can 2L,5,0,56000,0

INVOICE,BILL-995446,1790784179,508000,Completed
PRODUCT,P-337288,Tuong ot Knorr khong duong,2,0,259000,5000

INVOICE,BILL-627276,1790724529,1768000,Completed
PRODUCT,P-939030,Nuoc xa Barona hop 200g,2,0,75000,1000
PRODUCT,P-456480,Nuoc xa Hao Hao loc 4 hop,4,0,124000,0
PRODUCT,P-317413,Nuoc mam Hao Hao truyen thong,4,0,282000,1000

INVOICE,BILL-558859,1790465485,2621000,Completed
PRODUCT,P-398768,Nuoc suoi Simply khong duong,4,1,144000,2000
PRODUCT,P-922405,Nuoc suoi Oishi dam da,4,0,426000,2000
PRODUCT,P-511484,Mi goi Pepsi goi 85g,1,0,357000,0

INVOICE,BILL-218120,1790389742,275000,Completed
PRODUCT,P-147489,Nuoc tuong Lifebuoy loc 4 hop,5,0,55000,0

INVOICE,BILL-721238,1790484816,620000,Completed
PRODUCT,P-245095,Hat nem Oishi tiet kiem,3,0,55000,0
PRODUCT,P-169268,Nuoc suoi Pepsi loc 4 hop,5,0,96000,5000

INVOICE,BILL-906128,1790986202,5425000,Completed
PRODUCT,P-659543,Sua tam Lay's tiet kiem,4,0,257000,2000
PRODUCT,P-373812,Ca phe Omachi chai 500ml,5,0,15000,0
PRODUCT,P-604884,Dau goi Oishi dam da,5,0,427000,2000
PRODUCT,P-982885,Nuoc mam Clear loc 4 hop,5,0,446000,5000

INVOICE,BILL-545925,1790838413,2167000,Completed
PRODUCT,P-342129,Nuoc lau san Kinh Do chai 1L,5,0,383000,5000
PRODUCT,P-747736,Sua tam Sunsilk loc 4 hop,1,0,277000,0

INVOICE,BILL-658442,1790494618,2181000,Completed
PRODUCT,P-866418,Nuoc lau san Vinamilk dam da,3,0,93000,0
PRODUCT,P-908688,Snack Tuong An tiet kiem,4,0,334000,5000
PRODUCT,P-769737,Sua tam Sting khong duong,1,0,132000,0
PRODUCT,P-234159,Sua tuoi Lifebuoy it duong,1,0,454000,0

INVOICE,BILL-362669,1790797206,3512000,Completed
PRODUCT,P-627778,Dau goi Sunlight truyen thong,5,0,120000,0
PRODUCT,P-328486,Nuoc mam Chin-su truyen thong,2,0,384000,0
PRODUCT,P-385765,Dau goi Pepsi huong vi tu nhien,1,0,178000,5000
PRODUCT,P-223014,Khan giay Chin-su can 2L,1,0,161000,0
PRODUCT,P-258157,Dau goi Nam Ngu cao cap,5,0,367000,5000

INVOICE,BILL-761294,1790195008,4903000,Completed
PRODUCT,P-548081,Nuoc tuong Comfort dam da,5,0,181000,0
PRODUCT,P-519904,Nuoc suoi Tuong An dam da,3,1,339000,2000
PRODUCT,P-472039,Kem danh rang Kinh Do it duong,2,0,125000,1000
PRODUCT,P-372933,Snack Vinamilk dam da,2,0,344000,0
PRODUCT,P-734565,Tuong ot Vinamilk khong duong,4,1,418000,5000
PRODUCT,P-971699,Hat nem Simply tiet kiem,1,0,401000,2000

INVOICE,BILL-833226,1790561909,1293000,Completed
PRODUCT,P-153325,Dau an Red Bull cao cap,5,0,200000,5000
PRODUCT,P-398313,Nuoc giat Aquafina tiet kiem,3,0,106000,0

INVOICE,BILL-805077,1790714241,6250000,Completed
PRODUCT,P-576136,Gia vi Tuong An loc 4 hop,2,0,241000,1000
PRODUCT,P-112800,Nuoc ngot TH True Milk truyen thong,5,0,123000,0
PRODUCT,P-267138,Dau an Colgate loc 4 hop,1,0,46000,0
PRODUCT,P-619886,Sua tam Chin-su goi 85g,5,0,285000,0
PRODUCT,P-226395,Snack Red Bull truyen thong,4,0,486000,0
PRODUCT,P-649249,Mi goi Lifebuoy it duong,5,0,348000,0

INVOICE,BILL-279335,1790959637,1966000,Completed
PRODUCT,P-795186,Nuoc lau san Clear it duong,2,0,123000,2000
PRODUCT,P-218661,Nuoc giat Lavie cao cap,2,0,459000,1000
PRODUCT,P-400614,Mi goi Vinamilk khong duong,2,0,330000,0
PRODUCT,P-376967,Nuoc mam Closeup loc 4 hop,1,0,153000,5000

INVOICE,BILL-139566,1790330317,1259000,Completed
PRODUCT,P-871051,Nuoc lau san Hao Hao tiet kiem,4,0,78000,0
PRODUCT,P-794178,Mi goi Sunsilk hop 200g,2,0,44000,5000
PRODUCT,P-794180,Dau goi Lavie chai 1L,1,0,211000,0
PRODUCT,P-276405,Nuoc lau san Lavie tiet kiem,2,0,305000,0
PRODUCT,P-861253,Nuoc xa Hao Hao can 2L,1,0,50000,2000

INVOICE,BILL-396136,1790642625,2526000,Completed
PRODUCT,P-182289,Nuoc suoi Vinamilk cao cap,3,0,78000,0
PRODUCT,P-471371,Nuoc tuong Sunsilk khong duong,3,0,44000,0
PRODUCT,P-390607,Dau an Red Bull khong duong,5,0,406000,1000
PRODUCT,P-885587,Dau an Omachi huong vi tu nhien,3,0,45000,0

INVOICE,BILL-536817,1790487253,1297000,Completed
PRODUCT,P-460455,Nuoc giat TH True Milk cao cap,3,0,131000,0
PRODUCT,P-710224,Mi goi OMO goi 85g,2,0,432000,0
PRODUCT,P-890371,Nuoc xa Comfort cao cap,2,0,22000,2000

INVOICE,BILL-971869,1790865729,237000,Completed
PRODUCT,P-644719,Dau goi Lifebuoy cao cap,3,0,79000,0

INVOICE,BILL-720671,1790500291,1847000,Completed
PRODUCT,P-612756,Hat nem Nam Ngu tiet kiem,1,0,96000,5000
PRODUCT,P-344315,Nuoc xa Colgate huong vi tu nhien,4,0,439000,0

INVOICE,BILL-383725,1790781853,5261000,Completed
PRODUCT,P-571907,Dau goi Lavie it duong,4,0,50000,1000
PRODUCT,P-629208,Tuong ot Nescafe goi 85g,5,0,54000,2000
PRODUCT,P-529161,Ca phe Sunlight it duong,4,0,362000,2000
PRODUCT,P-654634,Ca phe Lifebuoy loc 4 hop,4,0,405000,2000
PRODUCT,P-754643,Gia vi Pepsi tiet kiem,3,0,267000,0
PRODUCT,P-250069,Gia vi Nescafe goi 85g,2,0,476000,0

INVOICE,BILL-119874,1790590196,1507000,Completed
PRODUCT,P-641922,Banh quy Hao Hao khong duong,4,0,327000,0
PRODUCT,P-819656,Gia vi Sunlight loc 4 hop,3,0,12000,1000
PRODUCT,P-910894,Banh quy Aquafina can 2L,1,0,167000,1000

INVOICE,BILL-395085,1790727430,4050000,Completed
PRODUCT,P-657244,Sua tam Tuong An huong vi tu nhien,5,0,431000,2000
PRODUCT,P-294776,Nuoc lau san Colgate goi 85g,1,0,219000,0
PRODUCT,P-599948,Kem danh rang Simply chai 500ml,3,0,362000,5000
PRODUCT,P-567576,Mi goi OMO tiet kiem,2,0,40000,5000
PRODUCT,P-610856,Sua tam Closeup can 2L,5,0,106000,2000
PRODUCT,P-344316,Dau an Nam Ngu hop 200g,5,0,10000,5000

INVOICE,BILL-952105,1790500404,4304000,Completed
PRODUCT,P-925013,Dau goi Omachi chai 1L,5,0,441000,2000
PRODUCT,P-430926,Nuoc ngot OMO khong duong,2,0,460000,1000
PRODUCT,P-156837,Nuoc ngot Maggi loc 4 hop,5,0,140000,5000
PRODUCT,P-596116,Nuoc mam Vinamilk truyen thong,2,1,263000,5000

INVOICE,BILL-563239,1790911629,5601000,Completed
PRODUCT,P-872918,Sua tuoi Lifebuoy huong vi tu nhien,4,0,450000,0
PRODUCT,P-277477,Nuoc xa Sting chai 1L,2,0,246000,5000
PRODUCT,P-360297,Nuoc mam Lavie huong vi tu nhien,4,0,378000,0
PRODUCT,P-641975,Ca phe TH True Milk goi 85g,1,0,491000,2000
PRODUCT,P-235047,Nuoc mam Vinamilk hop 200g,4,0,234000,0
PRODUCT,P-724377,Sua tuoi Colgate tiet kiem,1,0,382000,0

INVOICE,BILL-115099,1790294833,3205000,Completed
PRODUCT,P-655178,Banh quy Simply truyen thong,3,0,228000,0
PRODUCT,P-223365,Nuoc mam Tuong An chai 1L,3,0,250000,5000
PRODUCT,P-192337,Khan giay Maggi dam da,4,0,224000,1000
PRODUCT,P-976052,Dau goi Vinamilk chai 500ml,2,0,449000,2000

INVOICE,BILL-183859,1790725468,4445000,Completed
PRODUCT,P-670892,Nuoc tuong OMO chai 500ml,5,0,470000,0
PRODUCT,P-827712,Hat nem Tuong An huong vi tu nhien,2,0,5000,0
PRODUCT,P-686810,Khan giay Sting huong vi tu nhien,5,0,324000,0
PRODUCT,P-918017,Nuoc tuong Red Bull loc 4 hop,3,0,155000,0

INVOICE,BILL-734536,1790690933,4417000,Completed
PRODUCT,P-834928,Nuoc ngot Colgate cao cap,4,0,80000,2000
PRODUCT,P-727761,Sua tam Nescafe hop 200g,5,0,496000,1000
PRODUCT,P-808446,Mi goi Maggi khong duong,5,0,326000,0

INVOICE,BILL-766093,1790704396,2755000,Completed
PRODUCT,P-772324,Hat nem Comfort dam da,2,0,330000,0
PRODUCT,P-303765,Nuoc mam Omachi huong vi tu nhien,5,0,419000,0

INVOICE,BILL-844241,1790274342,1148000,Completed
PRODUCT,P-919656,Snack Nam Ngu khong duong,2,0,484000,0
PRODUCT,P-386814,Gia vi OMO tiet kiem,1,0,180000,0

INVOICE,BILL-663900,1790345720,1504000,Completed
PRODUCT,P-378535,Nuoc tuong Barona can 2L,4,0,377000,1000

INVOICE,BILL-891431,1790495620,3183000,Completed
PRODUCT,P-861842,Nuoc tuong Sunsilk huong vi tu nhien,4,0,40000,1000
PRODUCT,P-657062,Sua tam Closeup dam da,4,0,411000,0
PRODUCT,P-929151,Nuoc suoi Vinamilk cao cap,3,0,461000,0

INVOICE,BILL-339768,1790572721,4722000,Completed
PRODUCT,P-362035,Gia vi Comfort cao cap,5,0,323000,0
PRODUCT,P-431752,Dau an Closeup loc 4 hop,1,0,452000,0
PRODUCT,P-570050,Banh quy Nescafe it duong,1,0,173000,0
PRODUCT,P-806004,Sua tam G7 huong vi tu nhien,2,0,281000,0
PRODUCT,P-554582,Khan giay Lay's khong duong,4,0,480000,0

INVOICE,BILL-937929,1790948715,3996000,Completed
PRODUCT,P-558752,Gia vi Vinamilk can 2L,1,0,453000,5000
PRODUCT,P-469038,Nuoc giat Red Bull tiet kiem,4,0,311000,0
PRODUCT,P-350484,Sua tam Red Bull can 2L,2,0,452000,0
PRODUCT,P-971230,Banh quy Sunlight goi 85g,4,0,350000,0

INVOICE,BILL-864826,1790387825,3202000,Completed
PRODUCT,P-553633,Sua tam TH True Milk hop 200g,4,0,213000,1000
PRODUCT,P-348235,Nuoc suoi Knorr truyen thong,3,0,382000,0
PRODUCT,P-780840,Banh quy Closeup loc 4 hop,1,0,336000,0
PRODUCT,P-577450,Nuoc suoi Tuong An tiet kiem,2,0,441000,5000

INVOICE,BILL-142441,1790229045,1888000,Completed
PRODUCT,P-536774,Nuoc giat Maggi it duong,3,0,357000,1000
PRODUCT,P-595951,Khan giay Knorr dam da,2,0,410000,0

INVOICE,BILL-321707,1790485996,428000,Completed
PRODUCT,P-846746,Dau an Comfort chai 500ml,1,0,73000,2000
PRODUCT,P-104666,Tuong ot Hao Hao chai 1L,3,0,16000,5000
PRODUCT,P-211642,Ca phe Barona goi 85g,3,0,110000,2000

INVOICE,BILL-478443,1790969992,2687000,Completed
PRODUCT,P-634160,Nuoc ngot Sting khong duong,1,0,488000,0
PRODUCT,P-141683,Sua tam Red Bull huong vi tu nhien,2,0,348000,1000
PRODUCT,P-370211,Banh quy Comfort chai 500ml,5,0,301000,0

INVOICE,BILL-586616,1790547088,3695000,Completed
PRODUCT,P-250840,Sua tuoi Hao Hao goi 85g,4,0,355000,1000
PRODUCT,P-427841,Sua tuoi Coca Cola chai 1L,3,0,453000,0
PRODUCT,P-932932,Nuoc giat Clear it duong,1,0,152000,0
PRODUCT,P-824056,Nuoc xa Vinamilk chai 1L,4,0,193000,1000

INVOICE,BILL-256021,1790503460,3535000,Completed
PRODUCT,P-667036,Nuoc ngot OMO khong duong,1,0,65000,5000
PRODUCT,P-271720,Nuoc lau san Colgate cao cap,4,0,47000,0
PRODUCT,P-355090,Banh quy Knorr hop 200g,2,0,142000,1000
PRODUCT,P-785424,Khan giay Knorr tiet kiem,5,0,280000,0
PRODUCT,P-578693,Gia vi Coca Cola dam da,5,0,321000,0

INVOICE,BILL-898343,1790443252,3192000,Completed
PRODUCT,P-373995,Mi goi Colgate cao cap,2,0,384000,0
PRODUCT,P-291936,Kem danh rang Chin-su huong vi tu nhien,3,0,446000,1000
PRODUCT,P-725173,Snack Chin-su dam da,3,0,363000,0

INVOICE,BILL-980140,1790508194,1659000,Completed
PRODUCT,P-515287,Nuoc lau san Simply tiet kiem,3,0,396000,5000
PRODUCT,P-685472,Nuoc suoi Simply huong vi tu nhien,1,0,53000,2000
PRODUCT,P-738221,Sua tam Sunlight goi 85g,5,0,87000,0

INVOICE,BILL-244667,1790903096,190000,Completed
PRODUCT,P-387813,Tuong ot Hao Hao khong duong,5,0,39000,1000

INVOICE,BILL-129857,1790704996,2653000,Completed
PRODUCT,P-379766,Nuoc ngot Coca Cola hop 200g,1,0,132000,1000
PRODUCT,P-244564,Khan giay Sunlight hop 200g,4,0,478000,5000
PRODUCT,P-695403,Nuoc giat Comfort huong vi tu nhien,5,0,128000,2000

INVOICE,BILL-549025,1790231761,4256000,Completed
PRODUCT,P-355570,Dau goi Closeup truyen thong,1,0,189000,0
PRODUCT,P-106402,Dau goi Comfort loc 4 hop,5,0,473000,2000
PRODUCT,P-565776,Nuoc tuong OMO hop 200g,5,0,104000,5000
PRODUCT,P-762055,Nuoc ngot OMO dam da,5,0,96000,0
PRODUCT,P-478221,Sua tam Lavie chai 1L,1,0,456000,0
PRODUCT,P-460265,Dau an Sunsilk khong duong,1,0,283000,2000

INVOICE,BILL-577832,1790271643,4494000,Completed
PRODUCT,P-153872,Nuoc mam Clear huong vi tu nhien,3,0,484000,0
PRODUCT,P-132709,Banh quy Omachi hop 200g,5,0,279000,1000
PRODUCT,P-666157,Nuoc tuong Red Bull truyen thong,1,0,142000,0
PRODUCT,P-847362,Ca phe Vinamilk dam da,3,0,380000,0
PRODUCT,P-205071,Ca phe Barona goi 85g,1,0,371000,1000

INVOICE,BILL-907029,1790996477,942000,Completed
PRODUCT,P-628313,Hat nem Simply truyen thong,2,0,473000,2000

INVOICE,BILL-870160,1790224609,6752000,Completed
PRODUCT,P-384076,Nuoc suoi Nam Ngu it duong,1,0,155000,0
PRODUCT,P-907369,Ca phe Sunlight tiet kiem,4,0,336000,5000
PRODUCT,P-299028,Sua tuoi TH True Milk goi 85g,5,0,409000,0
PRODUCT,P-558339,Mi goi Vinamilk huong vi tu nhien,4,0,410000,2000
PRODUCT,P-181678,Ca phe Comfort truyen thong,4,0,399000,0

INVOICE,BILL-793199,1790366174,1193000,Completed
PRODUCT,P-895075,Banh quy Sunsilk chai 500ml,1,0,93000,0
PRODUCT,P-327114,Nuoc tuong Red Bull dam da,3,0,306000,0
PRODUCT,P-625808,Nuoc xa Chin-su loc 4 hop,1,0,182000,0

INVOICE,BILL-684510,1790964193,2530000,Completed
PRODUCT,P-106687,Nuoc mam Chin-su khong duong,5,0,487000,1000
PRODUCT,P-162894,Gia vi Kinh Do chai 500ml,2,0,50000,0

INVOICE,BILL-854048,1790318366,2376000,Completed
PRODUCT,P-517821,Mi goi Closeup chai 500ml,4,0,454000,5000
PRODUCT,P-162952,Nuoc giat Barona hop 200g,2,0,295000,5000

INVOICE,BILL-222858,1791015683,3177000,Completed
PRODUCT,P-303765,Nuoc mam Omachi huong vi tu nhien,3,0,419000,0
PRODUCT,P-165442,Nuoc giat Red Bull tiet kiem,4,0,311000,5000
PRODUCT,P-467335,Dau goi G7 cao cap,4,0,175000,1000

INVOICE,BILL-540019,1790917199,1312000,Completed
PRODUCT,P-796787,Nuoc xa Red Bull goi 85g,3,1,308000,0
PRODUCT,P-141843,Ca phe Vinamilk khong duong,2,0,194000,0

INVOICE,BILL-623724,1790557985,306000,Completed
PRODUCT,P-608623,Gia vi Vinamilk goi 85g,4,0,37000,0
PRODUCT,P-163386,Kem danh rang OMO chai 500ml,2,0,79000,0

INVOICE,BILL-260709,1790835828,897000,Completed
PRODUCT,P-571404,Gia vi OMO chai 500ml,3,0,104000,5000
PRODUCT,P-909327,Sua tuoi Oishi huong vi tu nhien,3,0,205000,5000

INVOICE,BILL-163100,1790831721,1288000,Completed
PRODUCT,P-247594,Nuoc xa TH True Milk loc 4 hop,4,0,322000,0

INVOICE,BILL-751360,1790988632,910000,Completed
PRODUCT,P-122390,Hat nem Red Bull can 2L,2,0,455000,0

INVOICE,BILL-621759,1790706393,2958000,Completed
PRODUCT,P-617555,Ca phe Clear truyen thong,5,0,486000,0
PRODUCT,P-743644,Nuoc lau san Omachi chai 500ml,2,0,265000,1000

INVOICE,BILL-131821,1790194515,2526000,Completed
PRODUCT,P-525556,Nuoc suoi Closeup chai 500ml,5,0,366000,0
PRODUCT,P-498382,Dau an Barona truyen thong,3,0,232000,0

INVOICE,BILL-530465,1790519105,2125000,Completed
PRODUCT,P-123853,Tuong ot Kinh Do can 2L,5,0,425000,0

INVOICE,BILL-103974,1790825509,995000,Completed
PRODUCT,P-922157,Hat nem Coca Cola goi 85g,5,0,199000,0

INVOICE,BILL-101999,1790281836,835000,Completed
PRODUCT,P-170559,Tuong ot Barona it duong,3,0,38000,5000
PRODUCT,P-634473,Mi goi G7 chai 500ml,5,0,41000,0
PRODUCT,P-352153,Nuoc tuong Lavie can 2L,4,0,119000,5000
PRODUCT,P-656268,Snack Closeup tiet kiem,3,1,25000,0

INVOICE,BILL-604899,1790364934,4609000,Completed
PRODUCT,P-738407,Snack Colgate cao cap,1,0,478000,0
PRODUCT,P-269078,Nuoc mam Hao Hao truyen thong,5,0,336000,0
PRODUCT,P-173832,Mi goi Nam Ngu khong duong,1,0,378000,2000
PRODUCT,P-660226,Ca phe Oishi chai 500ml,3,0,435000,2000
PRODUCT,P-476556,Dau goi Knorr cao cap,2,0,388000,0

INVOICE,BILL-378883,1790464399,1907000,Completed
PRODUCT,P-518309,Sua tam Closeup khong duong,4,0,473000,5000
PRODUCT,P-240913,Nuoc giat Nescafe chai 1L,1,0,36000,1000

INVOICE,BILL-570621,1790507334,4153000,Completed
PRODUCT,P-177591,Khan giay Lavie loc 4 hop,3,0,325000,0
PRODUCT,P-922471,Sua tuoi Lavie chai 1L,4,0,94000,0
PRODUCT,P-484150,Snack Sting cao cap,4,0,236000,2000
PRODUCT,P-905934,Nuoc tuong OMO huong vi tu nhien,2,0,482000,2000
PRODUCT,P-517821,Mi goi Closeup chai 500ml,2,0,454000,1000

INVOICE,BILL-397329,1790799860,1182000,Completed
PRODUCT,P-666836,Sua tam G7 hop 200g,1,0,480000,0
PRODUCT,P-793939,Snack Lifebuoy cao cap,2,0,351000,0

INVOICE,BILL-972854,1790326624,1735000,Completed
PRODUCT,P-448321,Tuong ot Pepsi chai 500ml,5,0,284000,5000
PRODUCT,P-437864,Dau an Kinh Do huong vi tu nhien,2,0,171000,1000

INVOICE,BILL-916329,1790948706,134000,Completed
PRODUCT,P-867051,Sua tam Simply hop 200g,1,0,134000,0

INVOICE,BILL-682667,1790286761,5624000,Completed
PRODUCT,P-688426,Snack Chin-su dam da,2,0,34000,5000
PRODUCT,P-407057,Sua tuoi Red Bull can 2L,5,0,194000,0
PRODUCT,P-813763,Mi goi Kinh Do chai 500ml,5,0,389000,2000
PRODUCT,P-437742,Dau goi Oishi dam da,2,0,174000,0
PRODUCT,P-623850,Sua tam Hao Hao dam da,4,0,322000,1000
PRODUCT,P-882033,Gia vi Closeup can 2L,3,0,343000,0

INVOICE,BILL-648261,1790172502,856000,Completed
PRODUCT,P-457806,Nuoc lau san Chin-su can 2L,4,0,214000,0

INVOICE,BILL-394863,1790645299,4105000,Completed
PRODUCT,P-162549,Nuoc ngot G7 chai 1L,5,0,111000,0
PRODUCT,P-355836,Banh quy Sunsilk chai 500ml,2,0,333000,0
PRODUCT,P-255457,Nuoc suoi Hao Hao khong duong,4,0,6000,5000
PRODUCT,P-774652,Mi goi Coca Cola chai 500ml,5,1,378000,2000
PRODUCT,P-777568,Nuoc mam Lavie tiet kiem,5,0,201000,1000

INVOICE,BILL-310042,1791005248,2054000,Completed
PRODUCT,P-525051,Ca phe Kinh Do it duong,1,0,128000,0
PRODUCT,P-804318,Nuoc xa Lifebuoy dam da,4,0,415000,1000
PRODUCT,P-689704,Snack Red Bull it duong,1,0,270000,0

INVOICE,BILL-748730,1790558939,1084000,Completed
PRODUCT,P-837290,Dau goi Nam Ngu hop 200g,5,0,63000,2000
PRODUCT,P-700056,Nuoc suoi Maggi hop 200g,4,0,195000,2000
PRODUCT,P-804758,Snack Knorr loc 4 hop,1,0,7000,0

INVOICE,BILL-949508,1790570331,3562000,Completed
PRODUCT,P-309668,Gia vi Pepsi dam da,5,0,371000,2000
PRODUCT,P-888669,Khan giay Simply truyen thong,5,0,312000,1000
PRODUCT,P-789786,Mi goi Nescafe hop 200g,3,0,55000,1000

INVOICE,BILL-626182,1790339560,1637000,Completed
PRODUCT,P-241822,Nuoc mam Closeup huong vi tu nhien,2,0,280000,1000
PRODUCT,P-678944,Nuoc suoi Vinamilk can 2L,2,0,12000,0
PRODUCT,P-191549,Sua tam Lay's loc 4 hop,4,0,255000,0
PRODUCT,P-611994,Nuoc ngot Lifebuoy hop 200g,5,0,12000,5000

INVOICE,BILL-252532,1790247982,5014000,Completed
PRODUCT,P-130897,Dau an Lavie chai 1L,5,0,296000,0
PRODUCT,P-105066,Dau an Vinamilk chai 500ml,4,0,438000,1000
PRODUCT,P-868170,Nuoc lau san Simply chai 1L,3,0,5000,5000
PRODUCT,P-804091,Khan giay Vinamilk chai 500ml,2,0,436000,0
PRODUCT,P-895034,Banh quy Nescafe chai 1L,2,0,457000,0

INVOICE,BILL-774084,1790631631,4823000,Completed
PRODUCT,P-917711,Nuoc xa TH True Milk truyen thong,5,0,6000,1000
PRODUCT,P-635280,Mi goi Tuong An hop 200g,4,0,440000,1000
PRODUCT,P-642491,Nuoc mam TH True Milk huong vi tu nhien,2,0,109000,0
PRODUCT,P-698087,Gia vi Sting truyen thong,2,0,308000,0
PRODUCT,P-618317,Dau goi Clear chai 500ml,3,0,353000,2000
PRODUCT,P-157738,Sua tuoi Kinh Do dam da,5,0,231000,0

INVOICE,BILL-733048,1790407354,4561000,Completed
PRODUCT,P-662636,Snack TH True Milk cao cap,3,0,480000,5000
PRODUCT,P-841139,Gia vi Lifebuoy goi 85g,4,0,55000,5000
PRODUCT,P-127172,Nuoc tuong Kinh Do goi 85g,4,0,169000,0
PRODUCT,P-270128,Dau an Sunlight chai 1L,5,0,453000,1000

INVOICE,BILL-903058,1790704168,6690000,Completed
PRODUCT,P-932794,Nuoc mam Coca Cola chai 1L,5,0,407000,2000
PRODUCT,P-451577,Tuong ot Maggi tiet kiem,1,0,462000,0
PRODUCT,P-292847,Dau goi Lay's goi 85g,4,0,495000,0
PRODUCT,P-788772,Nuoc tuong Sunlight cao cap,2,0,375000,5000
PRODUCT,P-108721,Ca phe Clear chai 1L,3,0,262000,5000
PRODUCT,P-396020,Nuoc mam Pepsi cao cap,2,0,356000,0

INVOICE,BILL-947380,1790313618,2833000,Completed
PRODUCT,P-681896,Nuoc ngot Closeup cao cap,1,0,494000,2000
PRODUCT,P-838968,Nuoc tuong Comfort loc 4 hop,3,0,95000,5000
PRODUCT,P-812048,Nuoc mam Oishi cao cap,2,0,372000,1000
PRODUCT,P-448354,Sua tam Nam Ngu tiet kiem,1,0,253000,0
PRODUCT,P-774020,Nuoc giat Oishi chai 1L,5,0,175000,0
PRODUCT,P-570392,Hat nem Barona chai 500ml,3,0,68000,1000

INVOICE,BILL-955584,1790941781,2832000,Completed
PRODUCT,P-787584,Dau goi Pepsi khong duong,1,0,459000,1000
PRODUCT,P-265657,Sua tam Knorr chai 500ml,4,0,500000,5000
PRODUCT,P-697530,Dau goi Oishi huong vi tu nhien,2,0,168000,2000
PRODUCT,P-822689,Snack Nescafe chai 1L,1,0,63000,1000

INVOICE,BILL-916369,1790405593,1174000,Completed
PRODUCT,P-418897,Mi goi Chin-su hop 200g,1,0,69000,0
PRODUCT,P-387330,Nuoc ngot Aquafina tiet kiem,4,0,43000,0
PRODUCT,P-588983,Nuoc xa TH True Milk chai 1L,3,0,311000,0

INVOICE,BILL-999328,1790180839,207000,Completed
PRODUCT,P-398910,Hat nem Aquafina dam da,3,0,69000,0

INVOICE,BILL-226179,1790238880,5690000,Completed
PRODUCT,P-550664,Nuoc giat Nescafe truyen thong,4,0,427000,1000
PRODUCT,P-409783,Dau an OMO cao cap,2,0,409000,5000
PRODUCT,P-331287,Khan giay OMO hop 200g,4,0,438000,0
PRODUCT,P-205409,Snack Chin-su dam da,2,0,183000,0
PRODUCT,P-963508,Hat nem Colgate huong vi tu nhien,4,0,265000,0

INVOICE,BILL-429555,1790730076,6174000,Completed
PRODUCT,P-599397,Kem danh rang Oishi can 2L,4,1,371000,1000
PRODUCT,P-654640,Ca phe Colgate khong duong,5,0,468000,5000
PRODUCT,P-299122,Sua tam Closeup loc 4 hop,1,0,56000,1000
PRODUCT,P-885884,Dau an Colgate chai 1L,4,0,91000,5000
PRODUCT,P-811257,Tuong ot Sting hop 200g,5,0,396000,0

INVOICE,BILL-743723,1790609904,2128000,Completed
PRODUCT,P-796101,Dau an Knorr cao cap,3,1,119000,5000
PRODUCT,P-927094,Nuoc tuong Simply huong vi tu nhien,1,0,441000,1000
PRODUCT,P-590755,Snack Nam Ngu truyen thong,2,0,208000,5000
PRODUCT,P-104942,Sua tuoi Oishi loc 4 hop,5,0,188000,0

INVOICE,BILL-181322,1790882040,3701000,Completed
PRODUCT,P-701949,Nuoc lau san TH True Milk loc 4 hop,5,0,7000,0
PRODUCT,P-357420,Nuoc ngot Sunlight truyen thong,1,0,87000,1000
PRODUCT,P-561694,Banh quy Lifebuoy cao cap,3,0,491000,2000
PRODUCT,P-284178,Banh quy Comfort can 2L,2,0,283000,0
PRODUCT,P-423993,Tuong ot Lay's loc 4 hop,2,1,376000,0
PRODUCT,P-963508,Hat nem Colgate huong vi tu nhien,3,0,265000,0

INVOICE,BILL-901137,1790431763,334000,Completed
PRODUCT,P-817817,Nuoc lau san Sting can 2L,2,0,167000,0

INVOICE,BILL-156072,1791002210,4064000,Completed
PRODUCT,P-372933,Snack Vinamilk dam da,5,0,344000,0
PRODUCT,P-885734,Banh quy Closeup khong duong,3,0,83000,0
PRODUCT,P-202430,Nuoc tuong Vinamilk it duong,4,0,64000,0
PRODUCT,P-573417,Mi goi Aquafina khong duong,5,0,353000,0
PRODUCT,P-667451,Sua tuoi Comfort dam da,2,0,42000,5000

INVOICE,BILL-379866,1790388687,2057000,Completed
PRODUCT,P-392559,Dau goi Aquafina chai 500ml,2,0,269000,0
PRODUCT,P-109767,Nuoc suoi Lay's khong duong,1,0,354000,1000
PRODUCT,P-226611,Gia vi Nescafe cao cap,2,0,323000,2000
PRODUCT,P-236074,Tuong ot Sting dam da,2,0,262000,0

INVOICE,BILL-712219,1790517604,1227000,Completed
PRODUCT,P-494747,Kem danh rang TH True Milk hop 200g,3,0,182000,1000
PRODUCT,P-216276,Hat nem Aquafina chai 500ml,4,0,171000,0

INVOICE,BILL-752446,1790343377,4469000,Completed
PRODUCT,P-678116,Tuong ot Aquafina can 2L,3,0,404000,0
PRODUCT,P-246413,Nuoc xa Nescafe khong duong,4,0,262000,2000
PRODUCT,P-669576,Gia vi Aquafina dam da,2,0,492000,0
PRODUCT,P-847748,Nuoc lau san Colgate chai 1L,5,0,191000,0
PRODUCT,P-428838,Mi goi Comfort it duong,1,0,278000,0

INVOICE,BILL-464585,1790965995,1220000,Completed
PRODUCT,P-681866,Nuoc ngot Colgate loc 4 hop,5,0,84000,1000
PRODUCT,P-681141,Nuoc suoi Simply loc 4 hop,1,0,350000,1000
PRODUCT,P-575497,Snack Coca Cola chai 1L,4,0,114000,0

INVOICE,BILL-389418,1790777000,312000,Completed
PRODUCT,P-973703,Hat nem Lavie can 2L,3,0,104000,0

INVOICE,BILL-134956,1790424659,3508000,Completed
PRODUCT,P-172988,Snack Lay's dam da,4,0,202000,5000
PRODUCT,P-787277,Gia vi Sunlight truyen thong,3,0,263000,0
PRODUCT,P-368691,Nuoc giat OMO loc 4 hop,2,0,86000,0
PRODUCT,P-639915,Banh quy Kinh Do it duong,3,0,425000,2000
PRODUCT,P-166292,Sua tam Comfort huong vi tu nhien,2,0,245000,0

INVOICE,BILL-328305,1790274986,646000,Completed
PRODUCT,P-233636,Kem danh rang Pepsi can 2L,1,0,458000,0
PRODUCT,P-934816,Khan giay Lay's can 2L,1,0,189000,1000

INVOICE,BILL-830726,1790463439,787000,Completed
PRODUCT,P-515492,Nuoc lau san Chin-su khong duong,1,0,355000,2000
PRODUCT,P-299367,Nuoc giat TH True Milk tiet kiem,3,0,5000,5000
PRODUCT,P-397514,Gia vi Coca Cola can 2L,1,0,434000,0

INVOICE,BILL-954325,1790247015,3884000,Completed
PRODUCT,P-250551,Tuong ot G7 it duong,1,0,394000,1000
PRODUCT,P-600318,Gia vi Maggi khong duong,2,0,294000,0
PRODUCT,P-689648,Nuoc mam Nescafe it duong,4,0,337000,5000
PRODUCT,P-580102,Snack Sunsilk goi 85g,1,0,137000,2000
PRODUCT,P-162448,Khan giay G7 loc 4 hop,5,0,288000,0

INVOICE,BILL-530970,1790271512,900000,Completed
PRODUCT,P-844012,Nuoc suoi Maggi goi 85g,3,0,129000,0
PRODUCT,P-751051,Snack Coca Cola loc 4 hop,1,0,359000,0
PRODUCT,P-472787,Dau goi Red Bull huong vi tu nhien,1,0,156000,2000

INVOICE,BILL-147481,1790283632,2126000,Completed
PRODUCT,P-440998,Nuoc lau san Aquafina it duong,3,0,12000,1000
PRODUCT,P-134007,Nuoc ngot Nam Ngu hop 200g,2,0,161000,1000
PRODUCT,P-794663,Dau an Hao Hao it duong,3,0,414000,0
PRODUCT,P-770532,Tuong ot Kinh Do khong duong,3,0,100000,1000
PRODUCT,P-476948,Banh quy Nescafe truyen thong,2,0,119000,2000

INVOICE,BILL-500286,1790705047,3961000,Completed
PRODUCT,P-106429,Nuoc xa Nam Ngu truyen thong,5,0,382000,0
PRODUCT,P-606404,Kem danh rang Sunlight dam da,3,0,421000,2000
PRODUCT,P-988319,Sua tuoi Sunlight dam da,4,0,15000,5000
PRODUCT,P-363926,Hat nem Coca Cola khong duong,2,0,379000,2000

INVOICE,BILL-131283,1790750135,2950000,Completed
PRODUCT,P-559259,Sua tuoi Coca Cola hop 200g,1,0,179000,5000
PRODUCT,P-249811,Dau an TH True Milk dam da,2,0,467000,1000
PRODUCT,P-726979,Nuoc xa Red Bull hop 200g,5,1,263000,1000
PRODUCT,P-761759,Khan giay Lavie truyen thong,2,0,272000,5000

INVOICE,BILL-573911,1790828505,4336000,Completed
PRODUCT,P-940346,Kem danh rang Sunsilk chai 1L,1,0,198000,0
PRODUCT,P-284430,Nuoc lau san G7 dam da,5,0,198000,5000
PRODUCT,P-852524,Sua tam Pepsi khong duong,3,0,166000,2000
PRODUCT,P-683761,Khan giay Maggi chai 500ml,5,0,473000,0
PRODUCT,P-421709,Mi goi TH True Milk khong duong,2,0,158000,0

INVOICE,BILL-705818,1790607726,3551000,Completed
PRODUCT,P-433507,Sua tuoi Sunsilk can 2L,4,0,51000,0
PRODUCT,P-223967,Nuoc xa Barona loc 4 hop,2,0,87000,5000
PRODUCT,P-837135,Banh quy Sunsilk tiet kiem,4,0,44000,1000
PRODUCT,P-945964,Nuoc lau san G7 khong duong,1,0,468000,0
PRODUCT,P-687783,Dau goi Aquafina tiet kiem,3,0,426000,5000
PRODUCT,P-229592,Khan giay Vinamilk cao cap,5,0,258000,2000

INVOICE,BILL-446111,1790408465,3934000,Completed
PRODUCT,P-460857,Nuoc suoi Colgate it duong,3,0,322000,2000
PRODUCT,P-926045,Mi goi Sunsilk truyen thong,5,0,44000,5000
PRODUCT,P-719284,Nuoc xa Comfort goi 85g,2,0,490000,1000
PRODUCT,P-670053,Nuoc suoi Sunsilk goi 85g,4,0,174000,0
PRODUCT,P-945687,Gia vi Red Bull tiet kiem,1,0,199000,0
PRODUCT,P-626797,Nuoc ngot TH True Milk can 2L,3,0,304000,2000

INVOICE,BILL-707542,1790360825,127000,Completed
PRODUCT,P-255457,Nuoc suoi Hao Hao khong duong,3,1,6000,1000
PRODUCT,P-837920,Banh quy OMO can 2L,2,0,58000,2000

INVOICE,BILL-482840,1790684271,850000,Completed
PRODUCT,P-552248,Nuoc ngot Kinh Do hop 200g,4,0,180000,0
PRODUCT,P-684357,Hat nem Sunsilk khong duong,5,0,24000,1000
PRODUCT,P-394083,Hat nem Sunlight cao cap,1,0,20000,5000

INVOICE,BILL-105024,1790601961,4534000,Completed
PRODUCT,P-505341,Ca phe Sunsilk dam da,1,0,155000,0
PRODUCT,P-362778,Sua tuoi Oishi hop 200g,5,0,491000,0
PRODUCT,P-981639,Nuoc mam TH True Milk truyen thong,2,0,93000,2000
PRODUCT,P-416797,Kem danh rang Barona truyen thong,2,0,341000,0
PRODUCT,P-483102,Nuoc giat Maggi chai 500ml,4,0,270000,5000

INVOICE,BILL-878076,1790619798,4203000,Completed
PRODUCT,P-768706,Nuoc suoi Nam Ngu cao cap,4,0,131000,0
PRODUCT,P-252117,Banh quy G7 tiet kiem,5,1,215000,0
PRODUCT,P-903741,Kem danh rang Sunsilk truyen thong,1,0,423000,2000
PRODUCT,P-472390,Mi goi Red Bull chai 1L,1,0,194000,1000
PRODUCT,P-636561,Nuoc suoi Lay's goi 85g,3,0,86000,0
PRODUCT,P-558933,Kem danh rang Sunlight hop 200g,4,0,433000,0

INVOICE,BILL-313971,1791015709,2608000,Completed
PRODUCT,P-946313,Mi goi Lavie tiet kiem,5,1,91000,5000
PRODUCT,P-180674,Ca phe Sting chai 1L,2,0,286000,2000
PRODUCT,P-868577,Nuoc giat Lifebuoy dam da,3,0,446000,5000
PRODUCT,P-634473,Mi goi G7 chai 500ml,3,0,41000,0
PRODUCT,P-360221,Nuoc tuong OMO cao cap,4,0,41000,0

INVOICE,BILL-236868,1790839307,2593000,Completed
PRODUCT,P-959972,Ca phe Comfort goi 85g,4,0,44000,2000
PRODUCT,P-173372,Hat nem Red Bull can 2L,4,0,321000,0
PRODUCT,P-117500,Khan giay Hao Hao chai 1L,5,0,77000,0
PRODUCT,P-580854,Nuoc xa TH True Milk chai 1L,3,0,252000,0

INVOICE,BILL-479313,1790695757,2263000,Completed
PRODUCT,P-580636,Gia vi G7 it duong,1,0,487000,2000
PRODUCT,P-724145,Dau an Clear goi 85g,1,0,146000,0
PRODUCT,P-666362,Tuong ot Knorr goi 85g,4,0,408000,0

INVOICE,BILL-388566,1790405002,3403000,Completed
PRODUCT,P-533856,Snack Sting chai 1L,1,0,491000,1000
PRODUCT,P-315565,Ca phe Red Bull chai 500ml,2,0,9000,0
PRODUCT,P-606109,Nuoc ngot Kinh Do hop 200g,5,0,450000,0
PRODUCT,P-488848,Nuoc giat Omachi loc 4 hop,1,0,373000,5000
PRODUCT,P-982554,Sua tam Nescafe chai 1L,1,0,277000,0

INVOICE,BILL-845124,1790247600,514000,Completed
PRODUCT,P-721748,Mi goi Aquafina truyen thong,2,0,154000,0
PRODUCT,P-989921,Dau goi Vinamilk cao cap,2,0,103000,0

INVOICE,BILL-927434,1790819109,3129000,Completed
PRODUCT,P-692002,Nuoc suoi G7 truyen thong,5,0,481000,0
PRODUCT,P-182361,Snack G7 cao cap,2,0,367000,5000

INVOICE,BILL-880483,1790698145,2030000,Completed
PRODUCT,P-321449,Gia vi Sunsilk loc 4 hop,1,0,105000,5000
PRODUCT,P-232981,Nuoc ngot Red Bull hop 200g,1,0,237000,0
PRODUCT,P-626611,Kem danh rang Knorr dam da,5,0,125000,0
PRODUCT,P-236217,Snack Clear khong duong,1,0,241000,1000
PRODUCT,P-806774,Khan giay Lavie huong vi tu nhien,2,0,414000,0

INVOICE,BILL-869703,1790287522,2333000,Completed
PRODUCT,P-877722,Gia vi Colgate cao cap,5,0,202000,0
PRODUCT,P-684929,Dau an G7 truyen thong,4,0,325000,2000
PRODUCT,P-773971,Khan giay Lay's truyen thong,1,0,31000,0

INVOICE,BILL-361923,1790602075,3985000,Completed
PRODUCT,P-620226,Snack Red Bull huong vi tu nhien,5,0,270000,0
PRODUCT,P-943409,Mi goi Lavie khong duong,5,0,294000,2000
PRODUCT,P-586279,Hat nem Knorr tiet kiem,5,1,38000,0
PRODUCT,P-897423,Ca phe OMO tiet kiem,5,0,179000,0
PRODUCT,P-982495,Nuoc giat OMO hop 200g,5,0,18000,0

INVOICE,BILL-177180,1790517969,121000,Completed
PRODUCT,P-991014,Dau goi Pepsi dam da,1,0,121000,0

INVOICE,BILL-526416,1790390714,1040000,Completed
PRODUCT,P-779776,Sua tam Nam Ngu huong vi tu nhien,4,0,261000,1000

INVOICE,BILL-149501,1790712448,2810000,Completed
PRODUCT,P-269654,Kem danh rang Kinh Do truyen thong,1,0,305000,1000
PRODUCT,P-213365,Nuoc ngot Simply huong vi tu nhien,2,0,222000,2000
PRODUCT,P-874483,Kem danh rang Sting dam da,1,0,221000,0
PRODUCT,P-913894,Nuoc tuong Kinh Do tiet kiem,1,0,153000,5000
PRODUCT,P-791174,Nuoc suoi Barona hop 200g,3,0,358000,5000
PRODUCT,P-595962,Mi goi G7 can 2L,2,1,319000,0

INVOICE,BILL-824711,1790743708,1985000,Completed
PRODUCT,P-746467,Nuoc xa Red Bull chai 1L,5,0,111000,0
PRODUCT,P-440881,Nuoc lau san Lifebuoy truyen thong,3,0,461000,5000
PRODUCT,P-238197,Nuoc lau san Lay's chai 1L,5,0,8000,0
PRODUCT,P-697766,Kem danh rang Lavie it duong,2,0,16000,5000

INVOICE,BILL-539226,1790432042,224000,Completed
PRODUCT,P-572407,Nuoc giat Nam Ngu can 2L,2,0,112000,0

INVOICE,BILL-577017,1790467274,4448000,Completed
PRODUCT,P-890371,Nuoc xa Comfort cao cap,2,0,22000,1000
PRODUCT,P-331241,Nuoc ngot Sunsilk goi 85g,5,1,329000,1000
PRODUCT,P-911739,Sua tam Red Bull it duong,2,0,191000,0
PRODUCT,P-548580,Nuoc suoi Colgate it duong,1,0,14000,0
PRODUCT,P-834061,Kem danh rang TH True Milk tiet kiem,4,0,417000,0
PRODUCT,P-420310,Mi goi Simply chai 500ml,2,0,353000,2000

INVOICE,BILL-118167,1790444404,8006000,Completed
PRODUCT,P-704223,Mi goi Simply chai 500ml,4,0,56000,2000
PRODUCT,P-525556,Nuoc suoi Closeup chai 500ml,5,0,366000,2000
PRODUCT,P-907069,Nuoc lau san Comfort tiet kiem,3,0,182000,0
PRODUCT,P-986365,Nuoc giat G7 truyen thong,4,0,371000,0
PRODUCT,P-303586,Nuoc mam Nescafe cao cap,5,0,347000,0
PRODUCT,P-212178,Hat nem Pepsi cao cap,5,0,442000,1000

INVOICE,BILL-812228,1790587253,3134000,Completed
PRODUCT,P-271960,Dau goi Lay's huong vi tu nhien,5,0,185000,1000
PRODUCT,P-407419,Gia vi Colgate tiet kiem,5,1,199000,1000
PRODUCT,P-107543,Nuoc lau san Vinamilk huong vi tu nhien,3,0,408000,0

INVOICE,BILL-295921,1790270915,1316000,Completed
PRODUCT,P-112166,Hat nem Sunlight goi 85g,1,0,85000,5000
PRODUCT,P-626986,Banh quy Colgate truyen thong,3,0,412000,0

INVOICE,BILL-953161,1790956130,6444000,Completed
PRODUCT,P-153231,Banh quy Lavie dam da,4,0,442000,2000
PRODUCT,P-143631,Nuoc xa Sunsilk cao cap,4,0,409000,0
PRODUCT,P-674416,Tuong ot Comfort can 2L,2,0,211000,5000
PRODUCT,P-432270,Ca phe Sting truyen thong,5,0,147000,1000
PRODUCT,P-468292,Tuong ot Tuong An truyen thong,4,0,450000,1000
PRODUCT,P-489439,Dau goi Sunlight chai 500ml,5,0,24000,2000

INVOICE,BILL-300794,1790935806,152000,Completed
PRODUCT,P-409355,Nuoc suoi Oishi khong duong,2,0,76000,0

INVOICE,BILL-761211,1790618394,2071000,Completed
PRODUCT,P-533911,Nuoc ngot OMO it duong,4,0,488000,0
PRODUCT,P-696750,Sua tam Sting loc 4 hop,1,0,119000,0

INVOICE,BILL-110848,1790899386,3904000,Completed
PRODUCT,P-948611,Nuoc ngot Lavie goi 85g,4,0,311000,0
PRODUCT,P-282927,Dau goi Closeup goi 85g,2,0,209000,0
PRODUCT,P-623238,Nuoc giat Comfort chai 500ml,2,0,462000,0
PRODUCT,P-390421,Nuoc lau san Simply tiet kiem,5,0,161000,2000
PRODUCT,P-498343,Nuoc mam Kinh Do hop 200g,4,0,23000,2000
PRODUCT,P-316823,Nuoc mam Hao Hao cao cap,1,0,440000,1000

INVOICE,BILL-293295,1790986755,1512000,Completed
PRODUCT,P-562094,Tuong ot Kinh Do dam da,1,0,187000,0
PRODUCT,P-961574,Sua tam Pepsi chai 500ml,3,0,414000,1000
PRODUCT,P-345517,Tuong ot Hao Hao khong duong,1,0,88000,2000

INVOICE,BILL-802566,1790381497,2856000,Completed
PRODUCT,P-695164,Mi goi Sting can 2L,3,0,282000,0
PRODUCT,P-833337,Gia vi Nam Ngu hop 200g,1,0,236000,2000
PRODUCT,P-710256,Dau an Lavie huong vi tu nhien,4,0,444000,0

INVOICE,BILL-841703,1790196117,1300000,Completed
PRODUCT,P-413305,Nuoc giat OMO goi 85g,3,0,334000,2000
PRODUCT,P-391704,Ca phe Tuong An it duong,4,0,76000,0

INVOICE,BILL-203443,1790207717,1379000,Completed
PRODUCT,P-178501,Mi goi Nescafe it duong,1,0,178000,5000
PRODUCT,P-146177,Snack Sunsilk tiet kiem,4,0,158000,5000
PRODUCT,P-372427,Banh quy Lay's hop 200g,2,0,297000,0

INVOICE,BILL-425372,1790914738,2481000,Completed
PRODUCT,P-986575,Gia vi Oishi goi 85g,5,0,434000,0
PRODUCT,P-762308,Snack Hao Hao goi 85g,3,0,67000,0
PRODUCT,P-363615,Nuoc tuong Omachi truyen thong,5,0,22000,0

INVOICE,BILL-902500,1790632251,1778000,Completed
PRODUCT,P-648779,Mi goi Barona can 2L,1,0,419000,0
PRODUCT,P-517821,Mi goi Closeup chai 500ml,3,1,454000,1000

INVOICE,BILL-435678,1790696710,1363000,Completed
PRODUCT,P-156911,Dau an Tuong An loc 4 hop,4,0,130000,0
PRODUCT,P-274421,Dau an Simply huong vi tu nhien,3,0,281000,0

INVOICE,BILL-874010,1790895997,30000,Completed
PRODUCT,P-385647,Nuoc tuong Sunsilk loc 4 hop,1,0,30000,0

INVOICE,BILL-580997,1790562508,2154000,Completed
PRODUCT,P-319899,Sua tam Comfort it duong,3,0,209000,0
PRODUCT,P-655953,Nuoc ngot Barona loc 4 hop,5,0,236000,0
PRODUCT,P-946561,Gia vi Lavie huong vi tu nhien,1,0,75000,0
PRODUCT,P-498197,Nuoc lau san Barona huong vi tu nhien,2,0,141000,5000

INVOICE,BILL-845665,1791019166,3706000,Completed
PRODUCT,P-690579,Dau an Omachi goi 85g,1,0,146000,1000
PRODUCT,P-722518,Nuoc tuong Hao Hao goi 85g,5,0,413000,1000
PRODUCT,P-421080,Khan giay Knorr cao cap,4,0,204000,5000
PRODUCT,P-155004,Dau goi TH True Milk chai 1L,3,0,235000,0

INVOICE,BILL-368031,1790255806,5312000,Completed
PRODUCT,P-689179,Dau an Chin-su it duong,3,0,441000,2000
PRODUCT,P-831758,Gia vi Nescafe cao cap,5,0,239000,0
PRODUCT,P-635617,Kem danh rang Barona huong vi tu nhien,1,0,492000,0
PRODUCT,P-917707,Kem danh rang Coca Cola tiet kiem,4,0,50000,0
PRODUCT,P-610268,Nuoc lau san Sting goi 85g,4,0,462000,1000
PRODUCT,P-414012,Gia vi Colgate huong vi tu nhien,1,0,264000,0

INVOICE,BILL-660186,1790399477,1202000,Completed
PRODUCT,P-176054,Nuoc tuong Lavie hop 200g,2,0,167000,1000
PRODUCT,P-399279,Nuoc giat Chin-su dam da,3,0,290000,0

INVOICE,BILL-410616,1790186149,2627000,Completed
PRODUCT,P-447828,Nuoc tuong OMO loc 4 hop,1,0,381000,1000
PRODUCT,P-239136,Dau goi Lay's dam da,1,0,144000,2000
PRODUCT,P-904812,Nuoc mam Oishi cao cap,5,0,421000,0

INVOICE,BILL-515652,1790357387,792000,Completed
PRODUCT,P-562721,Sua tam Sunsilk it duong,3,0,264000,0

INVOICE,BILL-852310,1790207189,3763000,Completed
PRODUCT,P-565412,Snack Pepsi chai 1L,5,0,116000,5000
PRODUCT,P-888539,Khan giay Barona goi 85g,5,0,367000,1000
PRODUCT,P-749641,Sua tuoi Red Bull tiet kiem,1,0,108000,5000
PRODUCT,P-808094,Hat nem Tuong An can 2L,1,0,252000,0
PRODUCT,P-536822,Hat nem Simply can 2L,3,0,341000,0

INVOICE,BILL-441044,1790278477,1804000,Completed
PRODUCT,P-947607,Nuoc lau san Lavie tiet kiem,4,0,456000,5000

INVOICE,BILL-819203,1790993408,4600000,Completed
PRODUCT,P-732590,Kem danh rang Sunsilk cao cap,5,0,349000,0
PRODUCT,P-267378,Khan giay Tuong An chai 1L,4,0,203000,2000
PRODUCT,P-274880,Tuong ot Oishi goi 85g,4,0,116000,1000
PRODUCT,P-855303,Nuoc tuong Maggi can 2L,4,0,279000,5000
PRODUCT,P-711344,Ca phe Colgate cao cap,5,0,39000,0
PRODUCT,P-367095,Nuoc tuong Coca Cola tiet kiem,1,0,301000,1000

INVOICE,BILL-338550,1790853813,1493000,Completed
PRODUCT,P-471015,Gia vi Lay's chai 1L,3,0,443000,0
PRODUCT,P-741804,Sua tam Sunlight hop 200g,1,0,164000,0

INVOICE,BILL-269351,1790678698,408000,Completed
PRODUCT,P-344119,Kem danh rang Sunsilk tiet kiem,3,0,103000,0
PRODUCT,P-275645,Sua tam Kinh Do dam da,3,1,34000,1000

INVOICE,BILL-739461,1790889191,234000,Completed
PRODUCT,P-794042,Nuoc mam Hao Hao tiet kiem,1,0,234000,0

INVOICE,BILL-231072,1790410133,4241000,Completed
PRODUCT,P-815819,Dau an Tuong An loc 4 hop,4,0,283000,0
PRODUCT,P-427841,Sua tuoi Coca Cola chai 1L,5,0,453000,0
PRODUCT,P-453894,Sua tuoi Vinamilk loc 4 hop,2,1,348000,2000
PRODUCT,P-858711,Khan giay Lifebuoy chai 500ml,2,0,76000,0

INVOICE,BILL-535648,1790800673,4504000,Completed
PRODUCT,P-236384,Nuoc ngot Sunsilk chai 1L,4,0,254000,1000
PRODUCT,P-847748,Nuoc lau san Colgate chai 1L,4,0,191000,1000
PRODUCT,P-777406,Banh quy Simply huong vi tu nhien,1,0,245000,1000
PRODUCT,P-398301,Snack Pepsi hop 200g,3,0,161000,0
PRODUCT,P-598969,Dau goi Knorr goi 85g,5,0,406000,5000

INVOICE,BILL-379702,1790173153,496000,Completed
PRODUCT,P-462974,Nuoc suoi Chin-su it duong,1,0,497000,1000

INVOICE,BILL-325959,1790391838,1374000,Completed
PRODUCT,P-207697,Snack Aquafina cao cap,3,0,458000,0

INVOICE,BILL-489041,1790188113,2230000,Completed
PRODUCT,P-299448,Sua tam Closeup loc 4 hop,4,0,37000,0
PRODUCT,P-752801,Nuoc xa Nescafe it duong,1,0,452000,0
PRODUCT,P-189814,Snack Simply loc 4 hop,1,0,353000,1000
PRODUCT,P-908634,Kem danh rang Kinh Do can 2L,3,0,158000,5000
PRODUCT,P-117500,Khan giay Hao Hao chai 1L,5,0,77000,2000
PRODUCT,P-627290,Sua tuoi Comfort tiet kiem,2,0,223000,1000

INVOICE,BILL-821075,1790793026,8000,Completed
PRODUCT,P-250255,Nuoc xa Tuong An hop 200g,1,0,8000,0

INVOICE,BILL-352591,1790599489,406000,Completed
PRODUCT,P-862120,Nuoc xa Closeup dam da,2,1,205000,2000

INVOICE,BILL-803264,1790675508,4113000,Completed
PRODUCT,P-221707,Tuong ot Colgate khong duong,1,0,364000,0
PRODUCT,P-431414,Khan giay Kinh Do goi 85g,3,0,139000,0
PRODUCT,P-395023,Nuoc xa OMO chai 500ml,5,0,472000,0
PRODUCT,P-574978,Nuoc suoi Tuong An cao cap,2,0,32000,5000
PRODUCT,P-217301,Dau an Kinh Do loc 4 hop,2,0,459000,0

INVOICE,BILL-413572,1790583277,3110000,Completed
PRODUCT,P-911801,Tuong ot Maggi hop 200g,1,0,496000,5000
PRODUCT,P-366105,Nuoc xa Sting it duong,1,0,482000,5000
PRODUCT,P-548324,Tuong ot Tuong An can 2L,3,0,232000,5000
PRODUCT,P-637544,Sua tam Kinh Do chai 500ml,3,0,492000,5000

INVOICE,BILL-642497,1790986348,2084000,Completed
PRODUCT,P-751168,Nuoc xa Omachi cao cap,5,0,104000,0
PRODUCT,P-799396,Hat nem Nam Ngu khong duong,3,0,417000,0
PRODUCT,P-272359,Nuoc tuong Closeup loc 4 hop,1,0,313000,0

INVOICE,BILL-891582,1790733099,4252000,Completed
PRODUCT,P-257808,Ca phe Omachi can 2L,3,0,302000,1000
PRODUCT,P-183927,Nuoc lau san Vinamilk tiet kiem,3,0,98000,2000
PRODUCT,P-785611,Sua tam OMO truyen thong,3,0,334000,1000
PRODUCT,P-128624,Dau an Aquafina chai 1L,5,0,140000,5000
PRODUCT,P-420349,Hat nem Pepsi chai 1L,3,0,438000,0
PRODUCT,P-367931,Nuoc tuong Chin-su tiet kiem,1,0,75000,2000

INVOICE,BILL-124177,1790379417,1380000,Completed
PRODUCT,P-324875,Nuoc lau san Oishi cao cap,4,0,345000,0

INVOICE,BILL-935894,1790676595,3054000,Completed
PRODUCT,P-404309,Banh quy Hao Hao goi 85g,2,1,237000,0
PRODUCT,P-455766,Nuoc giat Oishi cao cap,1,0,232000,0
PRODUCT,P-943349,Tuong ot Clear dam da,3,0,173000,5000
PRODUCT,P-137042,Ca phe Sunsilk huong vi tu nhien,4,0,463000,2000

INVOICE,BILL-903581,1790886955,2366000,Completed
PRODUCT,P-150760,Nuoc xa Tuong An it duong,2,0,116000,5000
PRODUCT,P-495489,Ca phe Colgate it duong,4,1,108000,1000
PRODUCT,P-941289,Nuoc suoi Nam Ngu khong duong,4,0,429000,0

INVOICE,BILL-759436,1790437230,3869000,Completed
PRODUCT,P-881667,Gia vi Closeup hop 200g,5,0,15000,0
PRODUCT,P-943797,Tuong ot Hao Hao chai 1L,4,0,16000,0
PRODUCT,P-123682,Snack Aquafina huong vi tu nhien,1,0,427000,1000
PRODUCT,P-961322,Nuoc ngot Vinamilk hop 200g,4,0,456000,0
PRODUCT,P-724041,Khan giay Chin-su dam da,3,0,20000,0
PRODUCT,P-305973,Nuoc suoi Closeup tiet kiem,5,0,285000,1000

INVOICE,BILL-931706,1790479588,843000,Completed
PRODUCT,P-177449,Dau an Colgate dam da,2,0,110000,1000
PRODUCT,P-399899,Sua tuoi Knorr cao cap,5,0,125000,0

INVOICE,BILL-802314,1790360915,483000,Completed
PRODUCT,P-783238,Mi goi TH True Milk chai 1L,1,0,295000,0
PRODUCT,P-551488,Sua tam Maggi chai 1L,4,0,47000,0

INVOICE,BILL-132042,1790200212,1999000,Completed
PRODUCT,P-329642,Hat nem OMO cao cap,2,0,241000,1000
PRODUCT,P-287497,Snack Lay's it duong,1,0,271000,0
PRODUCT,P-995420,Sua tuoi Red Bull hop 200g,3,0,339000,5000
PRODUCT,P-673167,Kem danh rang Lifebuoy loc 4 hop,1,0,247000,1000

INVOICE,BILL-847192,1790336306,997000,Completed
PRODUCT,P-956949,Ca phe Barona chai 500ml,2,0,267000,1000
PRODUCT,P-606384,Dau goi Barona loc 4 hop,3,0,157000,2000

INVOICE,BILL-441610,1790662848,940000,Completed
PRODUCT,P-418672,Khan giay Kinh Do huong vi tu nhien,2,0,380000,0
PRODUCT,P-490586,Gia vi Sting huong vi tu nhien,4,0,50000,5000

INVOICE,BILL-241740,1790678639,1882000,Completed
PRODUCT,P-948799,Gia vi Lavie cao cap,2,0,37000,0
PRODUCT,P-484398,Ca phe Simply dam da,4,0,454000,2000

INVOICE,BILL-244796,1790242803,14000,Completed
PRODUCT,P-453729,Snack Barona dam da,2,0,7000,0

INVOICE,BILL-658946,1790566999,584000,Completed
PRODUCT,P-106814,Nuoc lau san Colgate tiet kiem,2,0,297000,5000

INVOICE,BILL-791527,1791010201,658000,Completed
PRODUCT,P-743790,Ca phe Omachi loc 4 hop,2,0,309000,2000
PRODUCT,P-685934,Nuoc giat Oishi goi 85g,2,0,22000,0

INVOICE,BILL-717430,1790658512,4536000,Completed
PRODUCT,P-556526,Kem danh rang Chin-su can 2L,4,0,119000,0
PRODUCT,P-795759,Snack Simply chai 500ml,2,0,385000,0
PRODUCT,P-357657,Nuoc ngot Lavie chai 500ml,1,0,275000,5000
PRODUCT,P-834591,Nuoc lau san Barona khong duong,5,0,359000,2000
PRODUCT,P-146177,Snack Sunsilk tiet kiem,5,0,158000,2000
PRODUCT,P-889460,Khan giay Sunlight it duong,5,0,91000,0

INVOICE,BILL-118876,1790635296,1053000,Completed
PRODUCT,P-633030,Gia vi Nam Ngu chai 1L,2,0,334000,0
PRODUCT,P-392136,Nuoc giat Lavie truyen thong,5,0,77000,0

INVOICE,BILL-853559,1790603598,1596000,Completed
PRODUCT,P-707090,Sua tam Oishi truyen thong,1,0,343000,0
PRODUCT,P-671971,Sua tam Chin-su chai 1L,5,0,132000,0
PRODUCT,P-810859,Nuoc xa Closeup loc 4 hop,1,0,310000,1000
PRODUCT,P-173863,Mi goi Vinamilk tiet kiem,2,0,98000,0
PRODUCT,P-493580,Tuong ot G7 chai 500ml,1,0,93000,5000

INVOICE,BILL-725195,1790222210,2702000,Completed
PRODUCT,P-936912,Nuoc suoi Vinamilk hop 200g,5,0,480000,2000
PRODUCT,P-282973,Sua tam Colgate chai 500ml,2,0,157000,1000

INVOICE,BILL-728759,1790296589,4349000,Completed
PRODUCT,P-963684,Nuoc giat Clear chai 1L,3,0,151000,5000
PRODUCT,P-622469,Hat nem Barona dam da,4,0,359000,0
PRODUCT,P-295984,Nuoc xa Simply can 2L,2,1,303000,0
PRODUCT,P-920685,Gia vi Lavie khong duong,1,0,482000,0
PRODUCT,P-497519,Mi goi Barona dam da,2,0,478000,2000
PRODUCT,P-399105,Khan giay Vinamilk tiet kiem,5,0,89000,2000

INVOICE,BILL-331965,1790763569,3997000,Completed
PRODUCT,P-377198,Nuoc suoi Pepsi huong vi tu nhien,3,0,118000,0
PRODUCT,P-218959,Sua tuoi Chin-su huong vi tu nhien,1,0,282000,5000
PRODUCT,P-563513,Gia vi Maggi loc 4 hop,3,0,452000,0
PRODUCT,P-929822,Nuoc tuong G7 khong duong,2,0,91000,1000
PRODUCT,P-831510,Hat nem Red Bull tiet kiem,3,0,415000,0
PRODUCT,P-350921,Nuoc lau san Chin-su dam da,5,0,117000,0

INVOICE,BILL-844154,1790764641,1659000,Completed
PRODUCT,P-725113,Gia vi TH True Milk cao cap,3,0,97000,0
PRODUCT,P-141672,Nuoc tuong Lay's goi 85g,4,0,342000,0

INVOICE,BILL-723013,1790530361,5619000,Completed
PRODUCT,P-320038,Dau goi Tuong An chai 500ml,5,0,413000,2000
PRODUCT,P-273580,Dau goi Aquafina truyen thong,5,0,237000,0
PRODUCT,P-929130,Banh quy Aquafina khong duong,5,0,419000,0
PRODUCT,P-849937,Nuoc xa Omachi huong vi tu nhien,2,0,147000,5000

INVOICE,BILL-813675,1790198131,1572000,Completed
PRODUCT,P-437408,Sua tam Comfort chai 500ml,4,1,354000,1000
PRODUCT,P-336290,Sua tam Tuong An tiet kiem,2,0,82000,2000

INVOICE,BILL-974811,1790650314,836000,Completed
PRODUCT,P-769752,Ca phe Vinamilk goi 85g,2,0,145000,1000
PRODUCT,P-635482,Banh quy Nescafe huong vi tu nhien,2,0,274000,0

INVOICE,BILL-482657,1790267351,2485000,Completed
PRODUCT,P-539170,Nuoc giat Lifebuoy it duong,1,0,144000,0
PRODUCT,P-108739,Dau an G7 cao cap,2,0,25000,5000
PRODUCT,P-809794,Nuoc mam Red Bull goi 85g,3,0,220000,2000
PRODUCT,P-178501,Mi goi Nescafe it duong,3,1,178000,5000
PRODUCT,P-448321,Tuong ot Pepsi chai 500ml,4,0,284000,2000

INVOICE,BILL-444488,1790755420,1085000,Completed
PRODUCT,P-193670,Banh quy Colgate chai 1L,3,0,168000,5000
PRODUCT,P-879414,Gia vi Coca Cola it duong,2,0,298000,0

INVOICE,BILL-595853,1790635725,2729000,Completed
PRODUCT,P-321941,Dau goi TH True Milk cao cap,5,0,50000,0
PRODUCT,P-367382,Gia vi TH True Milk goi 85g,1,0,81000,2000
PRODUCT,P-721549,Nuoc xa Nescafe hop 200g,3,0,384000,5000
PRODUCT,P-247189,Sua tam Kinh Do dam da,1,0,288000,5000
PRODUCT,P-281043,Ca phe Simply chai 1L,2,0,492000,2000

INVOICE,BILL-963160,1790723089,3561000,Completed
PRODUCT,P-952336,Nuoc xa Sunsilk cao cap,5,0,367000,0
PRODUCT,P-677596,Nuoc xa Chin-su chai 500ml,4,0,372000,2000
PRODUCT,P-117445,Nuoc lau san Sunsilk cao cap,2,0,68000,1000
PRODUCT,P-819796,Gia vi Omachi tiet kiem,4,0,28000,0

INVOICE,BILL-516551,1790300503,1802000,Completed
PRODUCT,P-646622,Nuoc tuong Lifebuoy huong vi tu nhien,4,0,296000,0
PRODUCT,P-602514,Nuoc xa Barona dam da,3,0,211000,5000

INVOICE,BILL-122957,1790297798,4373000,Completed
PRODUCT,P-299659,Gia vi OMO dam da,4,0,137000,2000
PRODUCT,P-879746,Khan giay OMO dam da,4,0,173000,2000
PRODUCT,P-585394,Sua tuoi G7 it duong,3,1,369000,0
PRODUCT,P-524035,Nuoc lau san G7 chai 500ml,1,0,271000,1000
PRODUCT,P-758015,Tuong ot Clear chai 500ml,4,0,448000,5000

INVOICE,BILL-815822,1790325502,1214000,Completed
PRODUCT,P-965472,Sua tam Sting khong duong,4,1,104000,0
PRODUCT,P-523727,Sua tuoi Chin-su loc 4 hop,1,0,454000,5000
PRODUCT,P-954441,Nuoc tuong Clear khong duong,1,0,349000,0

INVOICE,BILL-214280,1790864823,2720000,Completed
PRODUCT,P-552917,Ca phe Nescafe can 2L,5,0,213000,5000
PRODUCT,P-474894,Ca phe Lay's cao cap,2,0,301000,0
PRODUCT,P-280564,Dau an Chin-su loc 4 hop,2,0,125000,0
PRODUCT,P-224052,Sua tam Nam Ngu huong vi tu nhien,1,0,306000,0
PRODUCT,P-328552,Tuong ot G7 tiet kiem,2,0,261000,0

INVOICE,BILL-946851,1790808535,295000,Completed
PRODUCT,P-642121,Nuoc giat Maggi truyen thong,1,0,295000,0

INVOICE,BILL-453308,1790444268,5078000,Completed
PRODUCT,P-553125,Nuoc xa Lay's truyen thong,5,0,498000,0
PRODUCT,P-372793,Snack Nescafe dam da,4,0,369000,1000
PRODUCT,P-504048,Banh quy Aquafina cao cap,2,0,314000,0
PRODUCT,P-531762,Gia vi Lavie loc 4 hop,4,0,18000,2000
PRODUCT,P-547494,Dau an Oishi truyen thong,4,0,106000,0

INVOICE,BILL-618413,1790275727,3055000,Completed
PRODUCT,P-791444,Nuoc xa Red Bull goi 85g,4,0,323000,0
PRODUCT,P-587521,Kem danh rang Lavie chai 500ml,1,0,49000,2000
PRODUCT,P-206053,Sua tuoi Coca Cola hop 200g,3,0,140000,2000
PRODUCT,P-564635,Dau goi Aquafina huong vi tu nhien,5,0,114000,0
PRODUCT,P-432270,Ca phe Sting truyen thong,4,0,147000,5000
PRODUCT,P-510623,Kem danh rang Simply chai 500ml,2,0,83000,1000

INVOICE,BILL-471863,1790655537,344000,Completed
PRODUCT,P-254864,Sua tam Simply can 2L,4,1,86000,0

INVOICE,BILL-182432,1790878309,921000,Completed
PRODUCT,P-538897,Mi goi Chin-su can 2L,5,0,125000,0
PRODUCT,P-297810,Nuoc suoi Kinh Do chai 500ml,5,0,18000,0
PRODUCT,P-474795,Khan giay Nam Ngu huong vi tu nhien,2,0,103000,0

INVOICE,BILL-209921,1790704089,3527000,Completed
PRODUCT,P-446290,Ca phe Sunsilk goi 85g,1,0,15000,1000
PRODUCT,P-913761,Dau goi Sting it duong,4,0,121000,2000
PRODUCT,P-980764,Kem danh rang Lay's tiet kiem,3,1,363000,0
PRODUCT,P-741018,Hat nem Chin-su it duong,3,0,353000,5000
PRODUCT,P-664139,Hat nem G7 khong duong,2,0,452000,0

INVOICE,BILL-226733,1790268597,1605000,Completed
PRODUCT,P-757694,Nuoc tuong Pepsi chai 500ml,5,0,326000,5000

INVOICE,BILL-690209,1790927140,1427000,Completed
PRODUCT,P-618392,Snack Nam Ngu cao cap,1,0,36000,5000
PRODUCT,P-624783,Nuoc mam Tuong An dam da,4,0,349000,0

INVOICE,BILL-786694,1791017817,1355000,Completed
PRODUCT,P-971002,Sua tam Nam Ngu tiet kiem,5,0,273000,2000

INVOICE,BILL-923442,1790336060,1953000,Completed
PRODUCT,P-811351,Nuoc xa Simply it duong,5,0,112000,1000
PRODUCT,P-594241,Sua tuoi Nescafe huong vi tu nhien,4,0,189000,0
PRODUCT,P-907924,Banh quy Closeup khong duong,2,1,193000,1000
PRODUCT,P-246757,Mi goi Maggi chai 500ml,2,0,129000,0

INVOICE,BILL-452745,1790982973,2880000,Completed
PRODUCT,P-188776,Tuong ot Pepsi chai 500ml,4,0,367000,0
PRODUCT,P-573417,Mi goi Aquafina khong duong,4,0,353000,0

INVOICE,BILL-232383,1790448709,3696000,Completed
PRODUCT,P-375871,Sua tuoi Clear hop 200g,4,0,288000,0
PRODUCT,P-111901,Mi goi Sunsilk chai 500ml,3,0,477000,2000
PRODUCT,P-197874,Nuoc ngot Nescafe can 2L,3,0,378000,5000

INVOICE,BILL-135312,1790197114,2352000,Completed
PRODUCT,P-320281,Dau an Sunlight huong vi tu nhien,4,0,186000,0
PRODUCT,P-946561,Gia vi Lavie huong vi tu nhien,4,0,75000,0
PRODUCT,P-507517,Tuong ot Omachi tiet kiem,1,0,187000,0
PRODUCT,P-491738,Mi goi Lay's truyen thong,3,0,342000,0
PRODUCT,P-726928,Gia vi Colgate chai 500ml,1,0,96000,1000

INVOICE,BILL-327569,1790976899,3595000,Completed
PRODUCT,P-858931,Mi goi Chin-su khong duong,2,0,165000,0
PRODUCT,P-989053,Nuoc giat Tuong An huong vi tu nhien,3,0,475000,0
PRODUCT,P-238394,Tuong ot Sting cao cap,1,0,377000,5000
PRODUCT,P-155843,Nuoc suoi Sunsilk goi 85g,4,0,367000,0

INVOICE,BILL-965080,1791006490,922000,Completed
PRODUCT,P-375871,Sua tuoi Clear hop 200g,2,0,288000,2000
PRODUCT,P-946826,Nuoc tuong Knorr tiet kiem,1,0,352000,2000

INVOICE,BILL-897894,1790380904,2047000,Completed
PRODUCT,P-855948,Dau goi Vinamilk hop 200g,1,0,477000,1000
PRODUCT,P-579975,Banh quy Tuong An dam da,5,0,76000,1000
PRODUCT,P-735388,Dau an Omachi it duong,5,0,136000,0
PRODUCT,P-390120,Nuoc suoi Coca Cola cao cap,2,0,222000,0
PRODUCT,P-442027,Snack Lavie chai 1L,1,0,38000,0
PRODUCT,P-658623,Sua tuoi TH True Milk huong vi tu nhien,1,0,39000,5000

INVOICE,BILL-652047,1790839295,1398000,Completed
PRODUCT,P-104324,Nuoc lau san Maggi goi 85g,1,0,444000,0
PRODUCT,P-528705,Dau goi Omachi khong duong,3,0,323000,5000

INVOICE,BILL-512144,1790712183,3052000,Completed
PRODUCT,P-194682,Dau goi Nescafe truyen thong,3,0,224000,5000
PRODUCT,P-879592,Nuoc suoi Clear it duong,5,0,479000,0

INVOICE,BILL-796622,1790384185,2101000,Completed
PRODUCT,P-855917,Nuoc giat Simply khong duong,3,0,160000,1000
PRODUCT,P-352422,Nuoc xa Comfort khong duong,1,0,69000,0
PRODUCT,P-510154,Nuoc tuong Sting can 2L,1,0,358000,0
PRODUCT,P-520106,Nuoc giat G7 chai 1L,3,0,174000,5000
PRODUCT,P-912617,Nuoc tuong Clear hop 200g,3,0,235000,5000

INVOICE,BILL-794227,1791017543,3645000,Completed
PRODUCT,P-786563,Nuoc ngot Pepsi loc 4 hop,3,0,303000,5000
PRODUCT,P-508654,Nuoc xa Maggi cao cap,3,0,273000,0
PRODUCT,P-940010,Nuoc lau san Chin-su truyen thong,5,0,363000,0
PRODUCT,P-533321,Nuoc ngot TH True Milk truyen thong,3,0,40000,1000

INVOICE,BILL-571460,1790725995,2503000,Completed
PRODUCT,P-300924,Nuoc giat TH True Milk khong duong,2,0,426000,5000
PRODUCT,P-573858,Dau goi Pepsi goi 85g,2,0,159000,0
PRODUCT,P-355671,Nuoc mam Comfort goi 85g,5,0,124000,1000
PRODUCT,P-839945,Nuoc lau san Sunlight truyen thong,2,0,366000,2000

INVOICE,BILL-148675,1790712793,1556000,Completed
PRODUCT,P-970914,Gia vi Pepsi chai 500ml,4,0,217000,0
PRODUCT,P-349489,Tuong ot Oishi tiet kiem,1,0,272000,2000
PRODUCT,P-565108,Sua tuoi Oishi hop 200g,1,0,418000,0

INVOICE,BILL-139696,1790857382,1230000,Completed
PRODUCT,P-516176,Ca phe Simply can 2L,2,0,261000,1000
PRODUCT,P-764532,Hat nem Simply khong duong,1,0,170000,0
PRODUCT,P-748696,Snack Chin-su tiet kiem,1,0,152000,0
PRODUCT,P-622864,Nuoc xa Closeup khong duong,4,0,98000,1000

INVOICE,BILL-628857,1790717543,1465000,Completed
PRODUCT,P-454803,Kem danh rang TH True Milk can 2L,1,0,411000,2000
PRODUCT,P-865654,Hat nem Lifebuoy loc 4 hop,1,0,74000,1000
PRODUCT,P-574843,Dau goi Sunsilk can 2L,3,0,181000,5000
PRODUCT,P-274739,Nuoc xa Nescafe khong duong,1,0,456000,1000

INVOICE,BILL-406386,1790860785,5612000,Completed
PRODUCT,P-984769,Gia vi Nam Ngu chai 1L,4,0,413000,2000
PRODUCT,P-350229,Dau goi Aquafina loc 4 hop,5,0,189000,2000
PRODUCT,P-409727,Nuoc ngot Kinh Do tiet kiem,4,0,409000,0
PRODUCT,P-547798,Khan giay Lay's cao cap,3,0,25000,0
PRODUCT,P-504630,Nuoc giat Barona truyen thong,2,0,327000,0
PRODUCT,P-310477,Nuoc ngot Comfort tiet kiem,4,0,167000,0

INVOICE,BILL-778019,1790959998,814000,Completed
PRODUCT,P-284229,Hat nem Simply cao cap,2,0,255000,2000
PRODUCT,P-297503,Dau an Oishi khong duong,2,1,159000,5000

INVOICE,BILL-306730,1790898299,4770000,Completed
PRODUCT,P-524814,Snack Barona goi 85g,5,0,500000,0
PRODUCT,P-197923,Mi goi Lay's loc 4 hop,5,0,456000,2000

INVOICE,BILL-749881,1790227258,1617000,Completed
PRODUCT,P-360735,Gia vi Kinh Do chai 500ml,2,0,264000,2000
PRODUCT,P-217308,Snack Vinamilk khong duong,5,0,201000,0
PRODUCT,P-593821,Nuoc ngot Oishi can 2L,2,0,44000,0

INVOICE,BILL-954976,1790964377,878000,Completed
PRODUCT,P-922471,Sua tuoi Lavie chai 1L,2,0,94000,5000
PRODUCT,P-714054,Nuoc suoi Maggi loc 4 hop,2,0,31000,1000
PRODUCT,P-468611,Dau goi OMO loc 4 hop,5,0,128000,0

INVOICE,BILL-884486,1790819813,3406000,Completed
PRODUCT,P-433025,Khan giay Lifebuoy chai 500ml,3,0,446000,1000
PRODUCT,P-700495,Dau an Sunlight loc 4 hop,5,0,205000,2000
PRODUCT,P-243901,Gia vi Pepsi chai 1L,3,0,352000,0

INVOICE,BILL-422369,1790293348,5783000,Completed
PRODUCT,P-975373,Nuoc lau san Knorr goi 85g,5,0,369000,2000
PRODUCT,P-440277,Tuong ot Pepsi khong duong,2,0,212000,0
PRODUCT,P-633036,Khan giay Closeup truyen thong,4,0,296000,0
PRODUCT,P-796503,Tuong ot Maggi chai 1L,4,1,137000,0
PRODUCT,P-361055,Khan giay Closeup cao cap,4,0,448000,0

INVOICE,BILL-715501,1790761803,884000,Completed
PRODUCT,P-969032,Tuong ot Sunlight cao cap,2,0,447000,5000

INVOICE,BILL-756683,1790485375,1898000,Completed
PRODUCT,P-292811,Gia vi Sting can 2L,2,0,130000,1000
PRODUCT,P-892170,Sua tam OMO truyen thong,4,0,70000,0
PRODUCT,P-478799,Banh quy Maggi huong vi tu nhien,5,0,272000,0

INVOICE,BILL-422166,1790908268,1311000,Completed
PRODUCT,P-141360,Mi goi Lay's chai 1L,1,0,144000,0
PRODUCT,P-749863,Mi goi Comfort chai 1L,5,0,179000,2000
PRODUCT,P-143010,Tuong ot Pepsi chai 1L,1,0,283000,1000

INVOICE,BILL-394804,1790529344,4532000,Completed
PRODUCT,P-633469,Nuoc lau san Vinamilk can 2L,5,0,383000,2000
PRODUCT,P-503457,Nuoc suoi TH True Milk khong duong,4,0,318000,0
PRODUCT,P-493396,Snack Coca Cola cao cap,1,0,469000,5000
PRODUCT,P-204837,Khan giay Aquafina khong duong,1,0,84000,1000
PRODUCT,P-718241,Dau an Sunsilk truyen thong,2,0,409000,5000

INVOICE,BILL-867040,1790963578,1640000,Completed
PRODUCT,P-781453,Nuoc suoi Sting it duong,4,0,410000,0

INVOICE,BILL-615584,1790784274,5375000,Completed
PRODUCT,P-240600,Nuoc ngot Lay's goi 85g,1,0,194000,2000
PRODUCT,P-973349,Nuoc mam Sunlight chai 500ml,5,0,189000,5000
PRODUCT,P-547389,Kem danh rang Kinh Do hop 200g,5,0,420000,2000
PRODUCT,P-649855,Sua tuoi Barona tiet kiem,2,0,378000,1000
PRODUCT,P-880841,Sua tuoi Red Bull cao cap,3,0,475000,2000

INVOICE,BILL-679208,1790668651,1155000,Completed
PRODUCT,P-347669,Dau an Comfort can 2L,3,0,345000,1000
PRODUCT,P-360221,Nuoc tuong OMO cao cap,3,0,41000,0

INVOICE,BILL-512143,1790186461,4477000,Completed
PRODUCT,P-630041,Tuong ot G7 goi 85g,3,0,344000,0
PRODUCT,P-796353,Sua tam Omachi hop 200g,1,0,210000,0
PRODUCT,P-921533,Nuoc xa Red Bull can 2L,1,0,434000,0
PRODUCT,P-442099,Kem danh rang Sting hop 200g,5,0,222000,0
PRODUCT,P-836986,Snack Lifebuoy huong vi tu nhien,4,0,367000,5000
PRODUCT,P-476224,Sua tam Simply hop 200g,3,0,81000,0

INVOICE,BILL-972132,1790610175,134000,Completed
PRODUCT,P-538967,Tuong ot Sunlight dam da,2,0,4000,1000
PRODUCT,P-359870,Dau goi Omachi dam da,4,0,32000,0

INVOICE,BILL-302689,1790655923,2368000,Completed
PRODUCT,P-132687,Nuoc mam Oishi loc 4 hop,1,0,218000,1000
PRODUCT,P-800646,Nuoc mam Clear tiet kiem,3,0,210000,0
PRODUCT,P-665883,Nuoc xa Aquafina can 2L,1,0,362000,1000
PRODUCT,P-913608,Khan giay Sunlight can 2L,5,0,237000,5000

INVOICE,BILL-596910,1790635525,2068000,Completed
PRODUCT,P-275526,Dau goi Closeup tiet kiem,4,0,304000,0
PRODUCT,P-949376,Gia vi Nescafe goi 85g,2,0,427000,1000

INVOICE,BILL-475357,1790992187,1405000,Completed
PRODUCT,P-710948,Banh quy Hao Hao loc 4 hop,5,0,283000,2000

INVOICE,BILL-514320,1790921250,940000,Completed
PRODUCT,P-256226,Banh quy Red Bull huong vi tu nhien,4,0,236000,1000

INVOICE,BILL-391384,1790191864,2252000,Completed
PRODUCT,P-126122,Sua tuoi Hao Hao chai 1L,4,0,400000,2000
PRODUCT,P-896456,Nuoc lau san Lifebuoy loc 4 hop,1,0,148000,0
PRODUCT,P-466960,Nuoc tuong Clear chai 500ml,4,0,128000,0

INVOICE,BILL-885187,1790755018,900000,Completed
PRODUCT,P-214675,Nuoc tuong Sting it duong,5,0,11000,1000
PRODUCT,P-528184,Dau an Colgate goi 85g,1,0,94000,0
PRODUCT,P-150486,Mi goi Comfort tiet kiem,4,0,190000,1000

INVOICE,BILL-183149,1790513213,2529000,Completed
PRODUCT,P-440277,Tuong ot Pepsi khong duong,1,0,212000,0
PRODUCT,P-510339,Nuoc xa Kinh Do chai 500ml,1,0,12000,2000
PRODUCT,P-882033,Gia vi Closeup can 2L,1,0,343000,0
PRODUCT,P-288503,Dau an Red Bull khong duong,5,0,27000,0
PRODUCT,P-757776,Banh quy Tuong An chai 1L,3,0,475000,0
PRODUCT,P-970917,Nuoc xa Aquafina tiet kiem,2,0,203000,1000

INVOICE,BILL-428319,1790669881,2879000,Completed
PRODUCT,P-706403,Nuoc lau san Barona hop 200g,1,0,159000,0
PRODUCT,P-937302,Nuoc tuong Red Bull khong duong,2,0,61000,2000
PRODUCT,P-174316,Nuoc giat Lay's chai 500ml,3,0,11000,5000
PRODUCT,P-784488,Nuoc giat Barona huong vi tu nhien,5,0,460000,1000
PRODUCT,P-855408,Nuoc suoi Colgate huong vi tu nhien,1,0,294000,5000

INVOICE,BILL-135148,1790204571,4774000,Completed
PRODUCT,P-495521,Nuoc xa G7 dam da,3,0,318000,2000
PRODUCT,P-840734,Hat nem Colgate chai 1L,5,0,14000,5000
PRODUCT,P-819916,Hat nem Comfort loc 4 hop,2,0,490000,0
PRODUCT,P-845957,Nuoc mam Simply loc 4 hop,5,0,11000,0
PRODUCT,P-181874,Ca phe Chin-su tiet kiem,2,0,404000,5000
PRODUCT,P-904771,Snack Closeup huong vi tu nhien,4,0,487000,0

INVOICE,BILL-829684,1790332024,5436000,Completed
PRODUCT,P-491774,Mi goi Oishi hop 200g,3,0,243000,2000
PRODUCT,P-482614,Nuoc ngot Lavie chai 1L,4,0,114000,2000
PRODUCT,P-468074,Ca phe Knorr chai 1L,5,0,424000,2000
PRODUCT,P-897846,Nuoc tuong Sunsilk loc 4 hop,4,0,366000,1000
PRODUCT,P-284888,Mi goi Tuong An dam da,5,0,139000,0

INVOICE,BILL-113280,1790178694,4200000,Completed
PRODUCT,P-414012,Gia vi Colgate huong vi tu nhien,5,0,264000,5000
PRODUCT,P-611833,Nuoc tuong Sunsilk chai 500ml,5,0,191000,0
PRODUCT,P-332286,Nuoc ngot Aquafina chai 1L,3,0,247000,1000
PRODUCT,P-791567,Hat nem Closeup chai 500ml,2,0,319000,2000
PRODUCT,P-828716,Nuoc xa Hao Hao chai 500ml,2,0,246000,5000
PRODUCT,P-854377,Banh quy Comfort dam da,1,0,96000,0

INVOICE,BILL-520494,1790177651,644000,Completed
PRODUCT,P-666479,Nuoc giat Red Bull cao cap,4,1,166000,5000

INVOICE,BILL-143070,1790815999,5412000,Completed
PRODUCT,P-667650,Mi goi Comfort khong duong,1,0,242000,2000
PRODUCT,P-672401,Tuong ot Kinh Do cao cap,1,0,305000,0
PRODUCT,P-402218,Khan giay Hao Hao truyen thong,5,1,467000,0
PRODUCT,P-286572,Banh quy Omachi truyen thong,5,0,252000,0
PRODUCT,P-846221,Nuoc lau san Kinh Do hop 200g,4,0,295000,2000
PRODUCT,P-725850,Banh quy OMO tiet kiem,2,0,55000,5000

INVOICE,BILL-361899,1790970401,2872000,Completed
PRODUCT,P-759726,Kem danh rang Pepsi cao cap,5,0,176000,0
PRODUCT,P-742191,Sua tam Clear hop 200g,4,0,343000,0
PRODUCT,P-313701,Ca phe Omachi tiet kiem,2,0,310000,0

INVOICE,BILL-596774,1790459352,4595000,Completed
PRODUCT,P-365018,Nuoc mam Tuong An chai 500ml,3,0,394000,0
PRODUCT,P-700870,Nuoc ngot Maggi cao cap,3,0,329000,2000
PRODUCT,P-871185,Hat nem Sunsilk hop 200g,2,0,332000,5000
PRODUCT,P-236878,Mi goi Hao Hao it duong,4,0,316000,0
PRODUCT,P-233051,Snack Coca Cola dam da,2,0,258000,1000

INVOICE,BILL-211925,1790834179,798000,Completed
PRODUCT,P-277934,Nuoc suoi Omachi it duong,2,0,399000,0

INVOICE,BILL-601929,1790679425,2735000,Completed
PRODUCT,P-308622,Tuong ot Kinh Do chai 1L,5,0,148000,0
PRODUCT,P-333365,Nuoc tuong G7 huong vi tu nhien,5,0,401000,2000

INVOICE,BILL-514077,1790529569,3502000,Completed
PRODUCT,P-849003,Dau an Maggi tiet kiem,2,0,446000,5000
PRODUCT,P-862400,Khan giay Kinh Do can 2L,5,0,37000,0
PRODUCT,P-422451,Snack Aquafina khong duong,2,0,359000,1000
PRODUCT,P-379473,Gia vi Simply loc 4 hop,3,0,477000,2000
PRODUCT,P-479167,Ca phe Coca Cola khong duong,1,0,294000,0

INVOICE,BILL-991040,1790845656,4226000,Completed
PRODUCT,P-507135,Nuoc suoi Pepsi khong duong,1,0,287000,0
PRODUCT,P-584714,Ca phe Lay's cao cap,4,0,204000,0
PRODUCT,P-853504,Nuoc suoi Lay's goi 85g,4,0,130000,0
PRODUCT,P-943135,Dau goi Simply huong vi tu nhien,2,0,22000,0
PRODUCT,P-145903,Hat nem G7 truyen thong,5,0,416000,2000
PRODUCT,P-601968,Sua tam Barona it duong,1,0,490000,1000

INVOICE,BILL-446276,1790958146,916000,Completed
PRODUCT,P-895248,Dau goi Sunlight hop 200g,4,0,234000,5000

INVOICE,BILL-691410,1790294732,2133000,Completed
PRODUCT,P-786128,Banh quy Aquafina chai 1L,4,0,74000,0
PRODUCT,P-765678,Mi goi Comfort can 2L,5,0,259000,0
PRODUCT,P-917546,Nuoc lau san G7 chai 1L,2,0,276000,5000

INVOICE,BILL-489076,1791003324,4744000,Completed
PRODUCT,P-525818,Nuoc giat Kinh Do cao cap,3,0,282000,5000
PRODUCT,P-954017,Tuong ot Barona goi 85g,5,0,438000,5000
PRODUCT,P-501583,Kem danh rang Kinh Do it duong,4,0,442000,5000

INVOICE,BILL-477294,1790880313,3032000,Completed
PRODUCT,P-424703,Sua tam Kinh Do chai 1L,3,0,361000,2000
PRODUCT,P-383062,Hat nem Closeup cao cap,5,0,396000,5000

INVOICE,BILL-657428,1790275837,2658000,Completed
PRODUCT,P-458823,Tuong ot Red Bull chai 1L,1,0,135000,5000
PRODUCT,P-694397,Banh quy Omachi it duong,3,0,26000,0
PRODUCT,P-757667,Khan giay Oishi it duong,1,0,388000,0
PRODUCT,P-100425,Hat nem Vinamilk hop 200g,4,0,480000,5000
PRODUCT,P-678388,Nuoc xa Closeup huong vi tu nhien,3,0,54000,0

INVOICE,BILL-412546,1790714663,2260000,Completed
PRODUCT,P-259097,Nuoc suoi Hao Hao goi 85g,3,0,277000,5000
PRODUCT,P-980764,Kem danh rang Lay's tiet kiem,4,0,363000,2000

INVOICE,BILL-733404,1790380280,5647000,Completed
PRODUCT,P-348041,Nuoc mam Maggi cao cap,4,0,233000,0
PRODUCT,P-227767,Tuong ot Tuong An huong vi tu nhien,2,0,221000,0
PRODUCT,P-555844,Kem danh rang Chin-su it duong,3,0,263000,0
PRODUCT,P-944654,Sua tam Vinamilk dam da,4,1,355000,0
PRODUCT,P-588316,Khan giay Clear chai 1L,1,0,256000,0
PRODUCT,P-910891,Mi goi Nescafe cao cap,4,0,454000,2000

INVOICE,BILL-140798,1790182976,3110000,Completed
PRODUCT,P-703853,Snack Sunlight tiet kiem,5,1,381000,2000
PRODUCT,P-646622,Nuoc tuong Lifebuoy huong vi tu nhien,3,0,296000,0
PRODUCT,P-311250,Mi goi Vinamilk khong duong,1,0,327000,0

INVOICE,BILL-819879,1790802574,1616000,Completed
PRODUCT,P-888047,Kem danh rang Red Bull loc 4 hop,3,0,393000,0
PRODUCT,P-663051,Banh quy Vinamilk huong vi tu nhien,5,1,81000,0
PRODUCT,P-335203,Dau goi OMO truyen thong,1,0,32000,0

INVOICE,BILL-326468,1790546323,2048000,Completed
PRODUCT,P-635239,Nuoc tuong Barona chai 500ml,3,0,295000,0
PRODUCT,P-391476,Sua tuoi Kinh Do huong vi tu nhien,4,0,191000,1000
PRODUCT,P-976530,Tuong ot Knorr chai 500ml,1,0,404000,1000

INVOICE,BILL-769410,1790498574,896000,Completed
PRODUCT,P-282176,Banh quy Simply tiet kiem,2,0,448000,0

INVOICE,BILL-468143,1790569772,5477000,Completed
PRODUCT,P-935620,Nuoc ngot Maggi goi 85g,5,0,27000,0
PRODUCT,P-217466,Nuoc lau san G7 dam da,3,0,143000,0
PRODUCT,P-490748,Dau goi Sting chai 500ml,3,0,439000,0
PRODUCT,P-667650,Mi goi Comfort khong duong,2,0,242000,2000
PRODUCT,P-668373,Dau an Maggi tiet kiem,5,0,425000,1000
PRODUCT,P-517206,Hat nem G7 tiet kiem,3,0,332000,0

INVOICE,BILL-700311,1790428170,4304000,Completed
PRODUCT,P-493774,Dau an Lifebuoy truyen thong,5,0,269000,0
PRODUCT,P-792232,Sua tuoi Sting dam da,5,0,412000,1000
PRODUCT,P-613707,Nuoc xa Comfort huong vi tu nhien,3,0,235000,2000
PRODUCT,P-646781,Mi goi Tuong An truyen thong,5,0,43000,2000

INVOICE,BILL-718423,1790251734,1626000,Completed
PRODUCT,P-576089,Ca phe Maggi chai 500ml,1,0,10000,2000
PRODUCT,P-817897,Tuong ot Sunsilk dam da,2,0,261000,2000
PRODUCT,P-778818,Nuoc lau san Nam Ngu truyen thong,4,0,280000,5000

INVOICE,BILL-921737,1790521086,1814000,Completed
PRODUCT,P-146448,Nuoc lau san Closeup chai 500ml,2,0,374000,0
PRODUCT,P-943135,Dau goi Simply huong vi tu nhien,5,0,22000,0
PRODUCT,P-925115,Hat nem Barona truyen thong,4,0,239000,0

INVOICE,BILL-491127,1790188662,1461000,Completed
PRODUCT,P-483405,Hat nem Aquafina khong duong,5,0,64000,5000
PRODUCT,P-883997,Nuoc suoi Oishi it duong,5,1,5000,1000
PRODUCT,P-444625,Nuoc giat Vinamilk truyen thong,3,0,323000,0
PRODUCT,P-616256,Gia vi Lay's chai 1L,1,0,177000,0

INVOICE,BILL-143888,1790680618,632000,Completed
PRODUCT,P-693566,Sua tam Sunlight truyen thong,2,0,318000,2000

INVOICE,BILL-450325,1790595878,1992000,Completed
PRODUCT,P-535604,Nuoc ngot Chin-su loc 4 hop,4,0,500000,2000

INVOICE,BILL-228039,1790740110,1016000,Completed
PRODUCT,P-841139,Gia vi Lifebuoy goi 85g,1,0,55000,0
PRODUCT,P-878967,Dau goi Simply dam da,3,0,219000,2000
PRODUCT,P-762308,Snack Hao Hao goi 85g,5,0,67000,5000

INVOICE,BILL-104846,1790518476,4580000,Completed
PRODUCT,P-189771,Nuoc xa Hao Hao it duong,1,0,368000,2000
PRODUCT,P-599135,Nuoc tuong Chin-su chai 1L,1,0,486000,0
PRODUCT,P-792818,Dau goi Hao Hao loc 4 hop,3,1,455000,1000
PRODUCT,P-935309,Nuoc ngot Pepsi it duong,2,0,56000,1000
PRODUCT,P-301863,Ca phe Colgate truyen thong,3,0,247000,5000
PRODUCT,P-349505,Nuoc xa OMO chai 500ml,5,0,306000,0

INVOICE,BILL-925612,1790661184,2275000,Completed
PRODUCT,P-583863,Khan giay Maggi cao cap,2,0,244000,0
PRODUCT,P-249644,Banh quy Barona chai 500ml,1,0,365000,0
PRODUCT,P-439498,Khan giay Omachi hop 200g,2,1,8000,0
PRODUCT,P-326895,Nuoc tuong Oishi huong vi tu nhien,3,0,396000,0
PRODUCT,P-957179,Nuoc xa Red Bull can 2L,2,0,111000,2000

INVOICE,BILL-701968,1790580816,273000,Completed
PRODUCT,P-894541,Mi goi Simply goi 85g,3,0,19000,0
PRODUCT,P-992931,Nuoc mam Hao Hao truyen thong,1,0,221000,5000

INVOICE,BILL-245656,1790583546,891000,Completed
PRODUCT,P-624369,Hat nem Omachi hop 200g,3,0,158000,0
PRODUCT,P-745830,Hat nem Chin-su huong vi tu nhien,5,1,11000,1000
PRODUCT,P-270395,Nuoc lau san Pepsi tiet kiem,1,0,156000,2000
PRODUCT,P-680099,Tuong ot Comfort chai 1L,3,0,72000,1000

INVOICE,BILL-553702,1790478739,2408000,Completed
PRODUCT,P-865618,Sua tuoi Coca Cola dam da,1,0,356000,0
PRODUCT,P-721549,Nuoc xa Nescafe hop 200g,3,0,384000,0
PRODUCT,P-394739,Sua tuoi Maggi khong duong,2,0,452000,2000

INVOICE,BILL-236178,1790490641,3543000,Completed
PRODUCT,P-208976,Snack Maggi it duong,5,0,331000,0
PRODUCT,P-286040,Tuong ot Chin-su tiet kiem,5,0,35000,0
PRODUCT,P-120478,Nuoc tuong Vinamilk truyen thong,5,0,13000,0
PRODUCT,P-842846,Nuoc lau san Lavie loc 4 hop,2,0,22000,2000
PRODUCT,P-440424,Mi goi Comfort loc 4 hop,4,0,404000,2000

INVOICE,BILL-283668,1790540791,3005000,Completed
PRODUCT,P-381581,Snack Sting tiet kiem,1,0,408000,2000
PRODUCT,P-116405,Nuoc ngot Closeup hop 200g,1,0,40000,2000
PRODUCT,P-364525,Dau an Lavie khong duong,1,0,202000,0
PRODUCT,P-593894,Hat nem Lavie loc 4 hop,4,0,226000,0
PRODUCT,P-245117,Sua tam Vinamilk loc 4 hop,3,0,485000,0

INVOICE,BILL-838457,1790208272,5335000,Completed
PRODUCT,P-621919,Nuoc lau san Red Bull hop 200g,4,0,294000,5000
PRODUCT,P-372387,Nuoc xa Closeup hop 200g,1,0,436000,0
PRODUCT,P-372028,Nuoc mam Comfort hop 200g,5,1,262000,2000
PRODUCT,P-604884,Dau goi Oishi dam da,5,0,427000,5000
PRODUCT,P-803904,Nuoc mam Hao Hao goi 85g,1,0,223000,0
PRODUCT,P-843404,Nuoc lau san Chin-su goi 85g,2,0,55000,0

INVOICE,BILL-612757,1790870345,2935000,Completed
PRODUCT,P-581137,Hat nem Oishi chai 500ml,3,0,454000,0
PRODUCT,P-443312,Hat nem Aquafina hop 200g,3,0,300000,1000
PRODUCT,P-239145,Gia vi Omachi loc 4 hop,1,0,52000,1000
PRODUCT,P-148026,Banh quy Tuong An tiet kiem,1,0,286000,0
PRODUCT,P-663463,Nuoc ngot OMO it duong,3,0,113000,0

INVOICE,BILL-364972,1790966241,5167000,Completed
PRODUCT,P-626725,Banh quy Pepsi goi 85g,5,0,282000,0
PRODUCT,P-528129,Nuoc giat Closeup khong duong,3,0,199000,5000
PRODUCT,P-245308,Snack Barona cao cap,3,0,313000,0
PRODUCT,P-189318,Snack Closeup goi 85g,5,0,420000,0
PRODUCT,P-601365,Nuoc mam Knorr huong vi tu nhien,1,0,138000,2000

INVOICE,BILL-929716,1790633589,554000,Completed
PRODUCT,P-630299,Sua tam Clear chai 500ml,2,0,279000,2000

INVOICE,BILL-819235,1790768874,5790000,Completed
PRODUCT,P-586554,Nuoc tuong TH True Milk can 2L,4,0,407000,0
PRODUCT,P-481671,Mi goi Comfort can 2L,4,0,428000,0
PRODUCT,P-701790,Dau goi Simply chai 1L,5,0,490000,0

INVOICE,BILL-396720,1790834560,1245000,Completed
PRODUCT,P-241081,Dau goi Clear hop 200g,3,0,220000,0
PRODUCT,P-801432,Dau goi Colgate khong duong,3,0,174000,1000
PRODUCT,P-276379,Mi goi G7 huong vi tu nhien,2,0,33000,0

INVOICE,BILL-588803,1790715070,6664000,Completed
PRODUCT,P-164664,Banh quy Comfort cao cap,1,0,329000,0
PRODUCT,P-363926,Hat nem Coca Cola khong duong,4,0,379000,5000
PRODUCT,P-698384,Nuoc tuong OMO it duong,4,0,6000,0
PRODUCT,P-871403,Dau goi Aquafina chai 500ml,4,1,202000,2000
PRODUCT,P-664315,Nuoc giat Nescafe hop 200g,5,0,460000,0
PRODUCT,P-742191,Sua tam Clear hop 200g,5,0,343000,0

INVOICE,BILL-256892,1790720153,1616000,Completed
PRODUCT,P-386042,Sua tuoi Pepsi cao cap,1,0,347000,2000
PRODUCT,P-645009,Gia vi Vinamilk truyen thong,2,0,410000,2000
PRODUCT,P-574386,Dau goi Coca Cola loc 4 hop,1,0,455000,0

INVOICE,BILL-539507,1790729195,81000,Completed
PRODUCT,P-859359,Sua tam Nam Ngu truyen thong,1,0,86000,5000

INVOICE,BILL-147941,1790750637,4112000,Completed
PRODUCT,P-401602,Sua tuoi Pepsi chai 1L,5,0,288000,1000
PRODUCT,P-423993,Tuong ot Lay's loc 4 hop,1,0,376000,5000
PRODUCT,P-983472,Banh quy Colgate huong vi tu nhien,3,0,295000,0
PRODUCT,P-355123,Mi goi Oishi huong vi tu nhien,3,0,352000,0
PRODUCT,P-615827,Tuong ot Sting loc 4 hop,1,0,370000,5000

INVOICE,BILL-177979,1790324598,5612000,Completed
PRODUCT,P-562236,Dau an Pepsi dam da,1,0,470000,0
PRODUCT,P-253557,Snack Lifebuoy huong vi tu nhien,3,0,459000,0
PRODUCT,P-740916,Hat nem Oishi it duong,5,0,411000,5000
PRODUCT,P-663463,Nuoc ngot OMO it duong,5,0,113000,0
PRODUCT,P-559969,Nuoc giat OMO hop 200g,5,0,236000,2000

INVOICE,BILL-707739,1790788145,5499000,Completed
PRODUCT,P-591534,Tuong ot Oishi can 2L,1,0,485000,0
PRODUCT,P-333210,Gia vi Tuong An tiet kiem,5,1,407000,5000
PRODUCT,P-738551,Nuoc mam Colgate huong vi tu nhien,5,1,450000,5000
PRODUCT,P-797492,Nuoc giat Red Bull chai 500ml,1,0,337000,0
PRODUCT,P-825835,Khan giay Red Bull huong vi tu nhien,2,0,221000,0

INVOICE,BILL-244170,1790387117,225000,Completed
PRODUCT,P-190707,Gia vi Pepsi can 2L,5,0,45000,0

INVOICE,BILL-846675,1790488854,5063000,Completed
PRODUCT,P-941235,Sua tuoi Comfort it duong,4,0,375000,5000
PRODUCT,P-356355,Nuoc tuong Simply khong duong,4,0,285000,0
PRODUCT,P-551914,Gia vi Colgate can 2L,5,0,392000,0
PRODUCT,P-304915,Nuoc tuong Lifebuoy can 2L,3,0,103000,0
PRODUCT,P-681868,Gia vi Omachi khong duong,1,0,174000,0

INVOICE,BILL-776794,1790593074,2867000,Completed
PRODUCT,P-918859,Ca phe Aquafina hop 200g,2,0,215000,0
PRODUCT,P-956401,Nuoc giat TH True Milk it duong,2,0,413000,2000
PRODUCT,P-566428,Kem danh rang Chin-su loc 4 hop,4,0,163000,0
PRODUCT,P-836989,Dau goi Oishi tiet kiem,3,0,58000,1000
PRODUCT,P-656116,Sua tuoi Simply chai 1L,4,0,200000,2000

INVOICE,BILL-396923,1790651456,2313000,Completed
PRODUCT,P-823975,Mi goi Hao Hao huong vi tu nhien,4,0,222000,0
PRODUCT,P-681687,Nuoc tuong Lifebuoy goi 85g,5,0,285000,0

INVOICE,BILL-369058,1790986843,2984000,Completed
PRODUCT,P-529711,Nuoc lau san Lavie chai 500ml,4,0,211000,0
PRODUCT,P-531262,Mi goi Pepsi chai 1L,2,0,338000,0
PRODUCT,P-720970,Khan giay Oishi hop 200g,3,0,490000,2000

INVOICE,BILL-106664,1790225813,2201000,Completed
PRODUCT,P-423284,Sua tam Oishi chai 500ml,1,0,139000,0
PRODUCT,P-818791,Nuoc ngot Kinh Do chai 500ml,2,0,382000,2000
PRODUCT,P-698384,Nuoc tuong OMO it duong,1,0,6000,5000
PRODUCT,P-481657,Tuong ot Chin-su truyen thong,5,0,57000,2000
PRODUCT,P-687638,Mi goi Pepsi chai 500ml,3,0,228000,0
PRODUCT,P-559023,Gia vi Coca Cola loc 4 hop,1,0,344000,2000

INVOICE,BILL-204977,1790611705,2663000,Completed
PRODUCT,P-754813,Nuoc xa Tuong An dam da,3,0,366000,2000
PRODUCT,P-428930,Gia vi Oishi dam da,3,0,228000,5000
PRODUCT,P-938504,Dau an Lay's khong duong,5,0,105000,5000
PRODUCT,P-850981,Nuoc tuong Clear chai 1L,2,0,201000,0

INVOICE,BILL-461792,1790619115,1462000,Completed
PRODUCT,P-900962,Nuoc ngot Aquafina huong vi tu nhien,2,0,176000,5000
PRODUCT,P-231869,Nuoc suoi Chin-su cao cap,4,0,280000,0

INVOICE,BILL-791301,1790756446,2378000,Completed
PRODUCT,P-750817,Tuong ot Closeup it duong,4,0,40000,0
PRODUCT,P-128418,Tuong ot Coca Cola hop 200g,3,0,336000,0
PRODUCT,P-663723,Nuoc lau san Pepsi can 2L,5,0,242000,0

INVOICE,BILL-980004,1790703019,3424000,Completed
PRODUCT,P-887931,Nuoc xa Sting it duong,3,0,438000,0
PRODUCT,P-195620,Sua tuoi Tuong An huong vi tu nhien,1,0,96000,1000
PRODUCT,P-122394,Nuoc lau san Barona cao cap,5,0,196000,2000
PRODUCT,P-201913,Nuoc ngot Red Bull huong vi tu nhien,3,0,30000,1000
PRODUCT,P-646699,Sua tam Lifebuoy loc 4 hop,4,0,86000,0
PRODUCT,P-347231,Sua tuoi Red Bull goi 85g,2,0,309000,2000

INVOICE,BILL-886733,1790532076,4559000,Completed
PRODUCT,P-503348,Sua tuoi Lifebuoy cao cap,2,0,220000,0
PRODUCT,P-501583,Kem danh rang Kinh Do it duong,5,0,442000,2000
PRODUCT,P-978157,Nuoc ngot Lavie cao cap,4,0,9000,0
PRODUCT,P-948343,Hat nem Maggi dam da,4,0,419000,1000
PRODUCT,P-857168,Nuoc xa TH True Milk cao cap,1,0,191000,0
PRODUCT,P-759827,Gia vi Colgate truyen thong,5,0,4000,0

INVOICE,BILL-962189,1790280803,2719000,Completed
PRODUCT,P-804737,Nuoc giat Colgate chai 500ml,5,0,453000,2000
PRODUCT,P-700081,Nuoc xa Lavie khong duong,1,0,464000,0

INVOICE,BILL-639904,1790244125,2963000,Completed
PRODUCT,P-145240,Kem danh rang Pepsi truyen thong,2,0,295000,0
PRODUCT,P-561267,Mi goi Red Bull truyen thong,3,0,125000,0
PRODUCT,P-544151,Dau goi Closeup truyen thong,2,0,424000,2000
PRODUCT,P-362865,Khan giay Kinh Do chai 1L,4,0,66000,0
PRODUCT,P-144618,Banh quy Comfort can 2L,1,0,379000,5000
PRODUCT,P-771697,Nuoc mam Lavie hop 200g,4,0,130000,1000

INVOICE,BILL-376415,1790575129,999000,Completed
PRODUCT,P-375722,Khan giay Omachi loc 4 hop,1,0,412000,1000
PRODUCT,P-165602,Nuoc suoi Sting tiet kiem,4,0,147000,0

INVOICE,BILL-535200,1790570836,5333000,Completed
PRODUCT,P-112653,Nuoc mam G7 khong duong,3,0,259000,2000
PRODUCT,P-754813,Nuoc xa Tuong An dam da,3,0,366000,5000
PRODUCT,P-698967,Snack G7 dam da,2,0,199000,0
PRODUCT,P-348455,Gia vi Kinh Do it duong,1,0,156000,0
PRODUCT,P-657062,Sua tam Closeup dam da,5,0,411000,2000
PRODUCT,P-501058,Nuoc xa Simply loc 4 hop,5,0,177000,1000

INVOICE,BILL-424598,1790359964,531000,Completed
PRODUCT,P-176537,Nuoc suoi Maggi cao cap,1,0,24000,2000
PRODUCT,P-147504,Nuoc giat Clear goi 85g,1,0,314000,0
PRODUCT,P-700056,Nuoc suoi Maggi hop 200g,1,0,195000,0

INVOICE,BILL-616133,1790780433,2369000,Completed
PRODUCT,P-492292,Sua tam Closeup goi 85g,5,0,261000,5000
PRODUCT,P-871976,Dau an Red Bull truyen thong,3,0,175000,2000
PRODUCT,P-878086,Nuoc mam Nescafe dam da,2,0,286000,1000

INVOICE,BILL-822370,1790901900,668000,Completed
PRODUCT,P-179046,Mi goi Nescafe chai 1L,4,0,167000,0

INVOICE,BILL-565387,1790555335,1466000,Completed
PRODUCT,P-246814,Sua tam G7 goi 85g,3,0,188000,0
PRODUCT,P-979562,Nuoc suoi Barona it duong,1,0,3000,0
PRODUCT,P-784733,Snack G7 dam da,2,0,352000,0
PRODUCT,P-147057,Nuoc xa Lavie it duong,5,0,39000,0

INVOICE,BILL-912534,1790676351,4453000,Completed
PRODUCT,P-379473,Gia vi Simply loc 4 hop,4,0,477000,1000
PRODUCT,P-834061,Kem danh rang TH True Milk tiet kiem,1,0,417000,1000
PRODUCT,P-845279,Ca phe Chin-su can 2L,3,0,122000,0
PRODUCT,P-401036,Nuoc ngot Omachi can 2L,3,0,180000,2000
PRODUCT,P-527865,Tuong ot Red Bull loc 4 hop,5,0,237000,0
PRODUCT,P-174870,Nuoc ngot Colgate khong duong,4,0,17000,5000

INVOICE,BILL-939793,1790671198,2258000,Completed
PRODUCT,P-706174,Sua tam Hao Hao cao cap,2,0,382000,2000
PRODUCT,P-461838,Dau an Pepsi cao cap,2,0,180000,1000
PRODUCT,P-592984,Nuoc giat Nam Ngu cao cap,3,0,385000,5000

INVOICE,BILL-771927,1790868360,1314000,Completed
PRODUCT,P-347582,Nuoc giat Lavie truyen thong,3,0,356000,0
PRODUCT,P-828716,Nuoc xa Hao Hao chai 500ml,1,0,246000,0

INVOICE,BILL-914136,1790432431,1760000,Completed
PRODUCT,P-779658,Kem danh rang Coca Cola chai 1L,3,0,404000,0
PRODUCT,P-164633,Gia vi Aquafina dam da,4,0,139000,2000

INVOICE,BILL-954082,1790653586,3499000,Completed
PRODUCT,P-994253,Nuoc suoi Comfort huong vi tu nhien,3,0,169000,0
PRODUCT,P-101343,Tuong ot Pepsi chai 1L,3,0,187000,0
PRODUCT,P-593602,Snack Knorr dam da,1,0,418000,1000
PRODUCT,P-265860,Tuong ot Simply dam da,5,0,228000,0
PRODUCT,P-498724,Tuong ot Pepsi can 2L,2,0,437000,0

INVOICE,BILL-743114,1790840846,2200000,Completed
PRODUCT,P-219971,Khan giay Coca Cola it duong,2,0,95000,0
PRODUCT,P-284178,Banh quy Comfort can 2L,2,0,283000,0
PRODUCT,P-849747,Nuoc mam Simply truyen thong,4,0,361000,0

INVOICE,BILL-252320,1790739252,1910000,Completed
PRODUCT,P-884197,Nuoc tuong Colgate it duong,1,0,93000,0
PRODUCT,P-523808,Kem danh rang Nam Ngu khong duong,5,0,220000,1000
PRODUCT,P-173863,Mi goi Vinamilk tiet kiem,5,0,98000,0
PRODUCT,P-539976,Nuoc suoi Sunsilk chai 500ml,2,0,116000,0

INVOICE,BILL-651298,1790630040,4399000,Completed
PRODUCT,P-818119,Nuoc ngot Comfort it duong,3,0,366000,0
PRODUCT,P-687360,Nuoc xa Barona tiet kiem,2,0,430000,5000
PRODUCT,P-661147,Sua tam Hao Hao truyen thong,5,0,409000,2000
PRODUCT,P-182690,Snack Vinamilk chai 500ml,2,0,208000,0

INVOICE,BILL-314360,1790635479,1158000,Completed
PRODUCT,P-562806,Nuoc ngot Lifebuoy dam da,3,0,388000,2000

INVOICE,BILL-634778,1790960778,550000,Completed
PRODUCT,P-440544,Nuoc giat Lavie goi 85g,4,0,64000,2000
PRODUCT,P-550956,Sua tam Pepsi goi 85g,2,0,151000,0

INVOICE,BILL-481055,1790782852,6150000,Completed
PRODUCT,P-349119,Tuong ot Kinh Do chai 500ml,5,0,326000,1000
PRODUCT,P-802559,Hat nem Vinamilk tiet kiem,4,0,462000,2000
PRODUCT,P-853240,Tuong ot Colgate huong vi tu nhien,5,0,124000,0
PRODUCT,P-271742,Nuoc xa Omachi truyen thong,5,0,414000,1000

INVOICE,BILL-189532,1790205685,2976000,Completed
PRODUCT,P-134225,Khan giay Nam Ngu tiet kiem,5,0,432000,0
PRODUCT,P-708851,Nuoc suoi Maggi can 2L,2,0,59000,2000
PRODUCT,P-895248,Dau goi Sunlight hop 200g,3,0,234000,0

INVOICE,BILL-938695,1790854321,778000,Completed
PRODUCT,P-475565,Nuoc giat Chin-su can 2L,2,0,389000,0

INVOICE,BILL-553332,1790901845,910000,Completed
PRODUCT,P-431246,Dau goi Sting tiet kiem,2,0,455000,0

INVOICE,BILL-595239,1790235808,1599000,Completed
PRODUCT,P-651860,Nuoc giat Omachi dam da,2,0,335000,0
PRODUCT,P-417329,Nuoc suoi Sunsilk cao cap,3,0,168000,0
PRODUCT,P-585494,Snack Lifebuoy chai 500ml,1,0,427000,2000

INVOICE,BILL-759104,1790843640,2672000,Completed
PRODUCT,P-703945,Nuoc mam G7 cao cap,5,0,473000,5000
PRODUCT,P-285186,Nuoc tuong Barona it duong,4,0,88000,5000

INVOICE,BILL-504169,1790267006,119000,Completed
PRODUCT,P-264631,Nuoc ngot Lifebuoy goi 85g,1,0,119000,0

INVOICE,BILL-190014,1790268638,3261000,Completed
PRODUCT,P-127645,Hat nem Sunsilk loc 4 hop,5,0,153000,0
PRODUCT,P-452497,Dau goi Pepsi chai 1L,2,0,316000,1000
PRODUCT,P-908475,Nuoc tuong Maggi hop 200g,4,0,452000,0
PRODUCT,P-743473,Nuoc suoi Omachi tiet kiem,2,0,30000,1000

INVOICE,BILL-575920,1790253773,3294000,Completed
PRODUCT,P-120700,Snack Tuong An can 2L,2,0,458000,1000
PRODUCT,P-564971,Nuoc mam Knorr loc 4 hop,3,0,274000,5000
PRODUCT,P-778506,Kem danh rang Oishi it duong,3,0,178000,5000
PRODUCT,P-184532,Nuoc lau san Chin-su goi 85g,1,0,351000,5000
PRODUCT,P-721301,Tuong ot TH True Milk chai 500ml,3,0,236000,0

INVOICE,BILL-948268,1790524911,4966000,Completed
PRODUCT,P-684929,Dau an G7 truyen thong,3,0,325000,0
PRODUCT,P-309398,Ca phe Oishi khong duong,2,0,462000,1000
PRODUCT,P-257677,Hat nem Aquafina chai 1L,3,0,312000,2000
PRODUCT,P-916776,Sua tam Barona khong duong,2,0,142000,0
PRODUCT,P-309668,Gia vi Pepsi dam da,5,0,371000,0

INVOICE,BILL-713881,1790442926,4027000,Completed
PRODUCT,P-739244,Nuoc mam Barona chai 1L,4,0,117000,0
PRODUCT,P-315477,Kem danh rang Oishi dam da,1,0,215000,5000
PRODUCT,P-138817,Gia vi Maggi tiet kiem,2,0,468000,0
PRODUCT,P-700056,Nuoc suoi Maggi hop 200g,4,0,195000,0
PRODUCT,P-263573,Nuoc lau san Clear huong vi tu nhien,3,0,136000,0
PRODUCT,P-248225,Sua tuoi Chin-su cao cap,5,0,247000,2000

INVOICE,BILL-933515,1790911834,435000,Completed
PRODUCT,P-542983,Nuoc tuong Colgate truyen thong,5,0,87000,0

INVOICE,BILL-648458,1790882517,2485000,Completed
PRODUCT,P-448048,Snack Chin-su chai 500ml,4,0,248000,0
PRODUCT,P-531762,Gia vi Lavie loc 4 hop,3,0,18000,0
PRODUCT,P-803204,Khan giay Aquafina chai 1L,1,0,247000,1000
PRODUCT,P-608993,Nuoc lau san Barona huong vi tu nhien,3,0,128000,1000
PRODUCT,P-590755,Snack Nam Ngu truyen thong,4,0,208000,5000

INVOICE,BILL-382284,1790301155,5468000,Completed
PRODUCT,P-452457,Ca phe Sunsilk can 2L,4,0,257000,2000
PRODUCT,P-345722,Khan giay Kinh Do cao cap,4,0,244000,2000
PRODUCT,P-460437,Sua tam Colgate truyen thong,5,0,423000,0
PRODUCT,P-495397,Nuoc tuong Nescafe can 2L,3,0,455000,0

INVOICE,BILL-131679,1790550729,2150000,Completed
PRODUCT,P-726612,Nuoc suoi Red Bull chai 500ml,4,0,80000,5000
PRODUCT,P-717889,Dau an G7 dam da,4,1,255000,1000
PRODUCT,P-711474,Mi goi Lay's loc 4 hop,2,0,314000,0
PRODUCT,P-555673,Hat nem Maggi goi 85g,1,0,208000,2000

INVOICE,BILL-170150,1790269899,2961000,Completed
PRODUCT,P-627276,Mi goi Simply can 2L,4,0,337000,0
PRODUCT,P-589131,Kem danh rang Red Bull tiet kiem,2,0,331000,2000
PRODUCT,P-440839,Nuoc ngot Barona loc 4 hop,1,0,198000,1000
PRODUCT,P-986486,Nuoc mam Barona it duong,2,0,379000,0

INVOICE,BILL-174642,1790992885,2288000,Completed
PRODUCT,P-551607,Tuong ot Sting it duong,4,1,296000,0
PRODUCT,P-929937,Nuoc suoi Hao Hao chai 1L,1,0,480000,0
PRODUCT,P-147504,Nuoc giat Clear goi 85g,2,0,314000,2000

INVOICE,BILL-327782,1790812180,4335000,Completed
PRODUCT,P-571778,Hat nem Maggi chai 500ml,5,0,322000,2000
PRODUCT,P-624108,Dau goi OMO can 2L,2,0,24000,0
PRODUCT,P-468765,Snack Vinamilk dam da,5,0,301000,0
PRODUCT,P-252117,Banh quy G7 tiet kiem,5,0,215000,5000
PRODUCT,P-671971,Sua tam Chin-su chai 1L,1,0,132000,0

INVOICE,BILL-616915,1790657409,1977000,Completed
PRODUCT,P-542666,Banh quy Pepsi chai 1L,5,0,65000,1000
PRODUCT,P-511707,Banh quy Sunsilk hop 200g,2,0,411000,2000
PRODUCT,P-929683,Banh quy Sting truyen thong,4,0,74000,0
PRODUCT,P-574843,Dau goi Sunsilk can 2L,3,0,181000,0

INVOICE,BILL-108931,1790348160,3563000,Completed
PRODUCT,P-153642,Sua tuoi Comfort hop 200g,2,0,139000,1000
PRODUCT,P-498382,Dau an Barona truyen thong,1,0,232000,2000
PRODUCT,P-376955,Dau an Hao Hao cao cap,5,0,266000,0
PRODUCT,P-785315,Kem danh rang Comfort can 2L,2,0,295000,0
PRODUCT,P-888977,Sua tuoi Hao Hao khong duong,5,0,41000,5000
PRODUCT,P-153035,Sua tuoi Nescafe cao cap,3,0,324000,5000

INVOICE,BILL-449096,1790212942,372000,Completed
PRODUCT,P-335790,Nuoc mam Barona it duong,2,0,186000,0

INVOICE,BILL-771996,1790651250,733000,Completed
PRODUCT,P-279130,Dau an Tuong An dam da,5,0,52000,2000
PRODUCT,P-862538,Nuoc ngot Maggi tiet kiem,3,0,161000,0

INVOICE,BILL-849275,1790340358,2351000,Completed
PRODUCT,P-531712,Sua tam Nescafe truyen thong,1,0,160000,5000
PRODUCT,P-709231,Ca phe Sunlight it duong,1,0,204000,0
PRODUCT,P-620509,Banh quy OMO khong duong,4,0,498000,0

INVOICE,BILL-680955,1790625128,1216000,Completed
PRODUCT,P-904092,Sua tuoi Lifebuoy truyen thong,2,0,139000,1000
PRODUCT,P-725339,Nuoc ngot Vinamilk hop 200g,3,0,188000,0
PRODUCT,P-566732,Hat nem Hao Hao cao cap,2,0,188000,0

INVOICE,BILL-122280,1790599478,2000000,Completed
PRODUCT,P-510997,Nuoc mam Hao Hao cao cap,5,1,405000,5000

INVOICE,BILL-698223,1790704868,1152000,Completed
PRODUCT,P-394234,Nuoc xa Aquafina goi 85g,2,0,371000,0
PRODUCT,P-705474,Banh quy Pepsi loc 4 hop,2,0,205000,0

INVOICE,BILL-286133,1790581016,3212000,Completed
PRODUCT,P-159653,Sua tam Nam Ngu hop 200g,3,0,183000,2000
PRODUCT,P-825391,Kem danh rang Coca Cola can 2L,2,0,334000,0
PRODUCT,P-646622,Nuoc tuong Lifebuoy huong vi tu nhien,2,0,296000,2000
PRODUCT,P-166418,Nuoc xa Hao Hao goi 85g,2,0,336000,0
PRODUCT,P-979269,Khan giay Pepsi chai 500ml,2,0,90000,2000
PRODUCT,P-377198,Nuoc suoi Pepsi huong vi tu nhien,5,0,118000,5000

INVOICE,BILL-882260,1790923223,1460000,Completed
PRODUCT,P-382271,Nuoc mam Colgate goi 85g,3,0,51000,0
PRODUCT,P-465962,Nuoc mam Simply hop 200g,2,0,269000,1000
PRODUCT,P-645209,Dau goi Tuong An dam da,1,0,120000,0
PRODUCT,P-559023,Gia vi Coca Cola loc 4 hop,1,0,344000,0
PRODUCT,P-504620,Khan giay Pepsi chai 500ml,1,0,307000,0

INVOICE,BILL-226739,1790725877,446000,Completed
PRODUCT,P-604012,Khan giay G7 can 2L,1,0,448000,2000

INVOICE,BILL-173459,1790285618,609000,Completed
PRODUCT,P-577110,Snack Simply it duong,1,0,403000,0
PRODUCT,P-590755,Snack Nam Ngu truyen thong,1,0,208000,2000

INVOICE,BILL-991822,1790929527,995000,Completed
PRODUCT,P-631553,Hat nem Sting dam da,2,0,193000,2000
PRODUCT,P-509018,Kem danh rang Oishi cao cap,1,0,366000,0
PRODUCT,P-870786,Khan giay Pepsi it duong,1,0,252000,5000

INVOICE,BILL-239140,1790441667,3911000,Completed
PRODUCT,P-606121,Tuong ot Sting huong vi tu nhien,1,0,384000,1000
PRODUCT,P-793889,Nuoc ngot Nescafe hop 200g,5,0,130000,1000
PRODUCT,P-956934,Nuoc xa Closeup truyen thong,1,0,279000,0
PRODUCT,P-599219,Dau goi Nam Ngu loc 4 hop,3,0,68000,0
PRODUCT,P-927630,Snack Sunlight it duong,5,0,480000,0

INVOICE,BILL-162958,1790902374,1419000,Completed
PRODUCT,P-544393,Nuoc lau san Barona can 2L,1,0,206000,5000
PRODUCT,P-301898,Nuoc tuong Coca Cola huong vi tu nhien,3,0,411000,5000

INVOICE,BILL-802557,1790603024,3804000,Completed
PRODUCT,P-556526,Kem danh rang Chin-su can 2L,4,0,119000,2000
PRODUCT,P-219710,Hat nem Sunlight cao cap,4,0,405000,0
PRODUCT,P-900177,Sua tuoi Lay's tiet kiem,4,0,434000,5000

INVOICE,BILL-319875,1790212483,2500000,Completed
PRODUCT,P-727354,Nuoc tuong Lavie dam da,1,0,377000,1000
PRODUCT,P-455784,Dau goi G7 khong duong,1,0,454000,5000
PRODUCT,P-483545,Hat nem Lay's truyen thong,5,0,336000,1000

INVOICE,BILL-853575,1790926013,2051000,Completed
PRODUCT,P-414910,Gia vi Sunlight loc 4 hop,4,0,420000,0
PRODUCT,P-907455,Nuoc lau san Simply hop 200g,1,0,231000,0
PRODUCT,P-307356,Banh quy G7 goi 85g,5,0,28000,0

INVOICE,BILL-218122,1791017820,3432000,Completed
PRODUCT,P-839525,Hat nem Aquafina chai 1L,4,0,388000,0
PRODUCT,P-562236,Dau an Pepsi dam da,4,0,470000,0

INVOICE,BILL-417201,1790680985,4525000,Completed
PRODUCT,P-275445,Gia vi OMO tiet kiem,1,0,344000,1000
PRODUCT,P-240386,Nuoc tuong Sting can 2L,4,0,367000,0
PRODUCT,P-597440,Gia vi Sunsilk chai 500ml,4,0,58000,2000
PRODUCT,P-739427,Gia vi Chin-su khong duong,5,0,500000,2000

INVOICE,BILL-967189,1790583196,2516000,Completed
PRODUCT,P-575301,Kem danh rang Clear hop 200g,3,0,48000,5000
PRODUCT,P-470248,Kem danh rang Lay's chai 1L,1,0,23000,0
PRODUCT,P-475623,Dau goi Chin-su can 2L,2,0,240000,0
PRODUCT,P-545798,Sua tuoi Vinamilk goi 85g,1,0,59000,2000
PRODUCT,P-523831,Khan giay Pepsi it duong,3,0,413000,0
PRODUCT,P-897549,Ca phe Comfort tiet kiem,2,0,299000,5000

INVOICE,BILL-311321,1790985324,853000,Completed
PRODUCT,P-761338,Snack Sunlight khong duong,5,0,45000,0
PRODUCT,P-749468,Nuoc ngot Sunsilk huong vi tu nhien,4,0,157000,0

INVOICE,BILL-617156,1790421705,1444000,Completed
PRODUCT,P-207197,Khan giay Barona khong duong,4,0,361000,0

INVOICE,BILL-404894,1790487619,5974000,Completed
PRODUCT,P-150871,Nuoc mam Oishi khong duong,2,0,97000,0
PRODUCT,P-365015,Kem danh rang Lavie hop 200g,1,0,146000,1000
PRODUCT,P-163780,Snack Simply goi 85g,4,0,493000,0
PRODUCT,P-101657,Khan giay Comfort chai 1L,1,0,413000,1000
PRODUCT,P-768854,Nuoc ngot Nam Ngu dam da,5,0,297000,2000
PRODUCT,P-884897,Hat nem Maggi goi 85g,4,0,446000,2000

INVOICE,BILL-810008,1790378574,2441000,Completed
PRODUCT,P-393418,Khan giay Colgate tiet kiem,3,0,117000,1000
PRODUCT,P-638220,Gia vi Maggi chai 500ml,5,0,100000,5000
PRODUCT,P-898025,Dau an Lay's cao cap,5,0,48000,5000
PRODUCT,P-460589,Tuong ot Nam Ngu hop 200g,3,0,243000,0
PRODUCT,P-486996,Snack Hao Hao khong duong,4,0,92000,0
PRODUCT,P-522866,Nuoc tuong Coca Cola dam da,3,0,103000,1000

INVOICE,BILL-167049,1790781054,4458000,Completed
PRODUCT,P-696289,Banh quy Vinamilk chai 500ml,5,0,454000,2000
PRODUCT,P-277487,Nuoc tuong Coca Cola dam da,3,0,155000,1000
PRODUCT,P-395307,Gia vi Nam Ngu cao cap,4,0,208000,5000
PRODUCT,P-417012,Sua tuoi Nam Ngu hop 200g,5,0,13000,2000
PRODUCT,P-156978,Hat nem Lavie truyen thong,5,0,131000,1000
PRODUCT,P-772925,Dau an Chin-su dam da,1,0,219000,0

INVOICE,BILL-857767,1790272829,1973000,Completed
PRODUCT,P-392993,Kem danh rang Aquafina huong vi tu nhien,4,0,179000,2000
PRODUCT,P-708979,Dau an Lavie can 2L,5,0,254000,1000

INVOICE,BILL-404031,1790816139,3013000,Completed
PRODUCT,P-393418,Khan giay Colgate tiet kiem,2,0,117000,0
PRODUCT,P-954815,Nuoc xa G7 it duong,5,0,203000,0
PRODUCT,P-363592,Gia vi Sunsilk loc 4 hop,4,0,442000,1000

INVOICE,BILL-728224,1790617899,7133000,Completed
PRODUCT,P-447832,Khan giay Nescafe hop 200g,5,0,390000,0
PRODUCT,P-281043,Ca phe Simply chai 1L,4,0,492000,2000
PRODUCT,P-659837,Nuoc xa Coca Cola it duong,5,0,345000,0
PRODUCT,P-972335,Banh quy Colgate khong duong,3,0,111000,0
PRODUCT,P-718849,Banh quy Clear dam da,5,0,234000,1000

INVOICE,BILL-493682,1790330185,1814000,Completed
PRODUCT,P-296494,Dau goi Barona cao cap,2,0,300000,0
PRODUCT,P-454861,Khan giay G7 huong vi tu nhien,1,0,492000,0
PRODUCT,P-667036,Nuoc ngot OMO khong duong,3,0,65000,0
PRODUCT,P-340062,Gia vi Knorr chai 1L,3,0,144000,2000
PRODUCT,P-861265,Nuoc tuong Pepsi chai 500ml,1,0,101000,0

INVOICE,BILL-663476,1790835355,1450000,Completed
PRODUCT,P-695164,Mi goi Sting can 2L,1,0,282000,0
PRODUCT,P-786224,Nuoc tuong Lay's loc 4 hop,5,0,35000,2000
PRODUCT,P-286044,Sua tuoi Coca Cola loc 4 hop,2,0,117000,1000
PRODUCT,P-505977,Nuoc mam Maggi dam da,3,0,257000,0

INVOICE,BILL-294050,1790956706,1680000,Completed
PRODUCT,P-457806,Nuoc lau san Chin-su can 2L,1,0,214000,5000
PRODUCT,P-551860,Snack Lay's truyen thong,1,0,308000,0
PRODUCT,P-895128,Khan giay Comfort khong duong,3,0,151000,0
PRODUCT,P-835244,Mi goi Chin-su goi 85g,3,0,17000,1000
PRODUCT,P-241678,Kem danh rang Lavie tiet kiem,2,0,333000,2000

INVOICE,BILL-602851,1790556564,3647000,Completed
PRODUCT,P-231250,Tuong ot Barona khong duong,3,0,469000,0
PRODUCT,P-270128,Dau an Sunlight chai 1L,5,0,453000,5000

INVOICE,BILL-949607,1790975706,2980000,Completed
PRODUCT,P-368690,Tuong ot Sting khong duong,3,0,386000,1000
PRODUCT,P-257880,Nuoc giat Oishi chai 500ml,5,0,366000,1000

INVOICE,BILL-288955,1791021275,2158000,Completed
PRODUCT,P-457943,Khan giay Colgate it duong,2,0,367000,0
PRODUCT,P-343807,Nuoc suoi Kinh Do it duong,3,0,408000,5000
PRODUCT,P-299367,Nuoc giat TH True Milk tiet kiem,3,0,5000,0
PRODUCT,P-943776,Dau goi Sunsilk chai 1L,2,0,105000,5000

INVOICE,BILL-818905,1791012212,6007000,Completed
PRODUCT,P-904905,Khan giay Barona cao cap,4,0,420000,0
PRODUCT,P-913205,Nuoc tuong Hao Hao can 2L,4,0,156000,1000
PRODUCT,P-177077,Nuoc giat OMO cao cap,5,0,358000,0
PRODUCT,P-671412,Nuoc giat Nescafe truyen thong,5,0,217000,1000
PRODUCT,P-648141,Snack Clear huong vi tu nhien,3,0,279000,0

INVOICE,BILL-844978,1790682687,4751000,Completed
PRODUCT,P-795978,Kem danh rang Vinamilk khong duong,4,0,349000,2000
PRODUCT,P-168941,Nuoc tuong Nam Ngu goi 85g,3,0,269000,0
PRODUCT,P-666211,Mi goi Nam Ngu truyen thong,2,0,455000,0
PRODUCT,P-722665,Nuoc tuong Lay's khong duong,2,0,71000,0
PRODUCT,P-423993,Tuong ot Lay's loc 4 hop,4,0,376000,0

INVOICE,BILL-148519,1790772982,1180000,Completed
PRODUCT,P-387782,Nuoc mam Tuong An goi 85g,1,0,429000,0
PRODUCT,P-370782,Snack Simply dam da,2,0,316000,0
PRODUCT,P-433222,Gia vi Colgate can 2L,1,0,52000,0
PRODUCT,P-910004,Sua tam Lifebuoy chai 1L,1,0,67000,0

INVOICE,BILL-830115,1790600875,1320000,Completed
PRODUCT,P-447329,Nuoc tuong Maggi truyen thong,2,0,156000,2000
PRODUCT,P-946934,Nuoc suoi Hao Hao can 2L,4,0,255000,2000

INVOICE,BILL-379761,1791001695,555000,Completed
PRODUCT,P-882824,Nuoc giat Red Bull huong vi tu nhien,2,0,53000,0
PRODUCT,P-525818,Nuoc giat Kinh Do cao cap,1,0,282000,1000
PRODUCT,P-336706,Dau an Oishi goi 85g,1,0,168000,0

INVOICE,BILL-231532,1790726400,6019000,Completed
PRODUCT,P-614435,Nuoc tuong Coca Cola it duong,4,0,261000,0
PRODUCT,P-680933,Hat nem Hao Hao khong duong,2,0,375000,1000
PRODUCT,P-539589,Banh quy Nescafe chai 1L,4,1,212000,2000
PRODUCT,P-900177,Sua tuoi Lay's tiet kiem,3,0,434000,0
PRODUCT,P-891615,Dau an Colgate can 2L,5,0,419000,2000

INVOICE,BILL-591882,1790464333,1702000,Completed
PRODUCT,P-672661,Snack Closeup truyen thong,3,0,476000,2000
PRODUCT,P-972089,Ca phe Aquafina truyen thong,2,0,145000,5000

INVOICE,BILL-408182,1790269832,359000,Completed
PRODUCT,P-849747,Nuoc mam Simply truyen thong,1,0,361000,2000

INVOICE,BILL-230730,1791012568,5951000,Completed
PRODUCT,P-322086,Nuoc ngot Oishi tiet kiem,4,0,334000,0
PRODUCT,P-707615,Hat nem Aquafina khong duong,2,0,138000,1000
PRODUCT,P-183840,Ca phe Sunlight it duong,5,0,411000,5000
PRODUCT,P-637566,Dau an Colgate goi 85g,4,0,456000,0
PRODUCT,P-483713,Nuoc xa Clear dam da,1,0,81000,2000
PRODUCT,P-825686,Dau an Knorr can 2L,4,0,102000,0

INVOICE,BILL-194699,1790926348,307000,Completed
PRODUCT,P-166292,Sua tam Comfort huong vi tu nhien,1,0,245000,0
PRODUCT,P-691912,Nuoc ngot Kinh Do chai 1L,2,0,31000,0

INVOICE,BILL-713258,1790541900,686000,Completed
PRODUCT,P-285751,Nuoc ngot Lifebuoy loc 4 hop,2,0,317000,0
PRODUCT,P-209680,Nuoc suoi Maggi it duong,4,0,13000,0

INVOICE,BILL-532770,1790210445,3325000,Completed
PRODUCT,P-308296,Mi goi Nam Ngu chai 1L,3,0,252000,1000
PRODUCT,P-640546,Nuoc xa Comfort loc 4 hop,5,0,244000,0
PRODUCT,P-684482,Nuoc lau san Simply tiet kiem,1,0,316000,5000
PRODUCT,P-871976,Dau an Red Bull truyen thong,3,1,175000,0
PRODUCT,P-780999,Tuong ot Closeup khong duong,4,0,130000,1000

INVOICE,BILL-619262,1790565934,3591000,Completed
PRODUCT,P-976792,Nuoc ngot OMO truyen thong,4,0,424000,5000
PRODUCT,P-373995,Mi goi Colgate cao cap,5,0,384000,1000

INVOICE,BILL-651586,1790573244,4515000,Completed
PRODUCT,P-891638,Banh quy Sting loc 4 hop,4,0,112000,1000
PRODUCT,P-526833,Banh quy Aquafina goi 85g,3,0,132000,0
PRODUCT,P-665621,Snack Nam Ngu can 2L,1,0,487000,5000
PRODUCT,P-513296,Nuoc giat Oishi truyen thong,2,0,441000,0
PRODUCT,P-963684,Nuoc giat Clear chai 1L,5,0,151000,0
PRODUCT,P-313214,Gia vi Colgate it duong,4,0,389000,0

INVOICE,BILL-996056,1790914906,864000,Completed
PRODUCT,P-244170,Nuoc tuong Closeup truyen thong,4,0,217000,1000

INVOICE,BILL-827680,1790638897,4227000,Completed
PRODUCT,P-928226,Sua tuoi Comfort chai 500ml,4,0,385000,0
PRODUCT,P-201836,Dau an Knorr truyen thong,5,0,136000,5000
PRODUCT,P-249077,Sua tuoi Aquafina chai 500ml,3,0,186000,0
PRODUCT,P-485709,Ca phe Vinamilk can 2L,1,0,171000,1000
PRODUCT,P-757658,Sua tuoi Lavie tiet kiem,4,0,326000,0

INVOICE,BILL-388778,1790165788,3726000,Completed
PRODUCT,P-663723,Nuoc lau san Pepsi can 2L,4,0,242000,1000
PRODUCT,P-657487,Nuoc mam Comfort tiet kiem,1,0,261000,0
PRODUCT,P-272529,Khan giay Comfort hop 200g,3,0,227000,2000
PRODUCT,P-944657,Kem danh rang Closeup hop 200g,3,0,475000,5000
PRODUCT,P-610311,Dau an Tuong An chai 500ml,4,0,104000,0

INVOICE,BILL-552130,1790647873,1800000,Completed
PRODUCT,P-594312,Gia vi Simply cao cap,5,0,360000,0

INVOICE,BILL-366502,1790692249,3629000,Completed
PRODUCT,P-335203,Dau goi OMO truyen thong,1,0,32000,1000
PRODUCT,P-405509,Ca phe Hao Hao truyen thong,5,0,165000,0
PRODUCT,P-195966,Khan giay Red Bull can 2L,3,0,264000,5000
PRODUCT,P-902575,Nuoc suoi Coca Cola huong vi tu nhien,1,0,390000,0
PRODUCT,P-816586,Nuoc tuong Barona chai 1L,1,0,483000,1000
PRODUCT,P-718213,Dau an Hao Hao truyen thong,4,0,282000,1000

INVOICE,BILL-895128,1790995016,1184000,Completed
PRODUCT,P-716493,Nuoc lau san Pepsi tiet kiem,2,0,389000,0
PRODUCT,P-393964,Snack Lifebuoy hop 200g,3,0,63000,5000
PRODUCT,P-319684,Hat nem Sunlight chai 1L,2,0,116000,0

INVOICE,BILL-503901,1790175634,1829000,Completed
PRODUCT,P-814703,Nuoc lau san Sting chai 1L,1,0,312000,1000
PRODUCT,P-707021,Banh quy Comfort tiet kiem,1,0,29000,0
PRODUCT,P-639111,Sua tuoi Maggi tiet kiem,3,0,37000,0
PRODUCT,P-791567,Hat nem Closeup chai 500ml,4,0,319000,0
PRODUCT,P-524045,Nuoc tuong Vinamilk chai 1L,2,0,51000,0

INVOICE,BILL-547690,1790907013,3106000,Completed
PRODUCT,P-923154,Banh quy Maggi chai 1L,3,0,298000,2000
PRODUCT,P-320073,Snack Knorr truyen thong,2,0,316000,0
PRODUCT,P-597960,Banh quy Barona dam da,2,0,439000,2000
PRODUCT,P-688956,Sua tuoi Maggi chai 1L,3,0,82000,5000
PRODUCT,P-913373,Nuoc giat Chin-su loc 4 hop,5,0,25000,1000
PRODUCT,P-897846,Nuoc tuong Sunsilk loc 4 hop,1,0,366000,5000

INVOICE,BILL-447509,1791006993,2573000,Completed
PRODUCT,P-725236,Nuoc suoi Pepsi can 2L,5,0,243000,0
PRODUCT,P-297064,Nuoc lau san Pepsi can 2L,5,1,220000,0
PRODUCT,P-200018,Banh quy Hao Hao chai 1L,2,0,129000,0

INVOICE,BILL-664614,1790495399,1382000,Completed
PRODUCT,P-195620,Sua tuoi Tuong An huong vi tu nhien,3,0,96000,0
PRODUCT,P-629146,Nuoc suoi Lifebuoy chai 500ml,2,0,206000,0
PRODUCT,P-853905,Nuoc ngot OMO hop 200g,1,0,82000,1000
PRODUCT,P-228074,Nuoc ngot Barona loc 4 hop,3,0,5000,5000
PRODUCT,P-983472,Banh quy Colgate huong vi tu nhien,2,0,295000,1000
PRODUCT,P-732789,Ca phe Knorr chai 1L,1,0,13000,0

INVOICE,BILL-566929,1790555772,2070000,Completed
PRODUCT,P-795613,Hat nem Sunsilk truyen thong,4,0,88000,2000
PRODUCT,P-594514,Nuoc mam Hao Hao can 2L,4,0,392000,1000
PRODUCT,P-953350,Nuoc tuong Closeup cao cap,2,0,82000,1000

INVOICE,BILL-722993,1790614236,676000,Completed
PRODUCT,P-386544,Khan giay Nam Ngu it duong,4,0,169000,0

INVOICE,BILL-845600,1790507477,1044000,Completed
PRODUCT,P-359249,Dau goi Sunlight loc 4 hop,4,0,266000,5000

INVOICE,BILL-664648,1790752943,5330000,Completed
PRODUCT,P-264136,Tuong ot Comfort tiet kiem,1,0,333000,0
PRODUCT,P-165442,Nuoc giat Red Bull tiet kiem,3,0,311000,5000
PRODUCT,P-785436,Mi goi Omachi goi 85g,5,0,133000,2000
PRODUCT,P-795847,Sua tuoi Nam Ngu dam da,1,0,23000,1000
PRODUCT,P-172965,Nuoc mam Tuong An dam da,3,0,498000,0
PRODUCT,P-213844,Dau goi Pepsi tiet kiem,4,0,479000,2000

INVOICE,BILL-137756,1790353111,516000,Completed
PRODUCT,P-785280,Nuoc mam Kinh Do huong vi tu nhien,1,0,48000,0
PRODUCT,P-299072,Sua tam Sting huong vi tu nhien,1,0,470000,2000

INVOICE,BILL-824567,1790411273,5819000,Completed
PRODUCT,P-682959,Mi goi Closeup tiet kiem,2,0,424000,5000
PRODUCT,P-536135,Dau goi Lavie tiet kiem,2,0,363000,0
PRODUCT,P-218710,Nuoc mam G7 it duong,5,0,417000,0
PRODUCT,P-903531,Khan giay Tuong An loc 4 hop,3,0,227000,0
PRODUCT,P-606404,Kem danh rang Sunlight dam da,1,0,421000,0
PRODUCT,P-662728,Banh quy Coca Cola goi 85g,4,0,267000,0

INVOICE,BILL-262171,1790251280,4129000,Completed
PRODUCT,P-159942,Nuoc tuong Colgate huong vi tu nhien,4,0,171000,5000
PRODUCT,P-476018,Banh quy Sunlight chai 500ml,5,0,402000,0
PRODUCT,P-206851,Ca phe Kinh Do truyen thong,1,0,245000,5000
PRODUCT,P-243132,Hat nem Nam Ngu dam da,5,0,245000,2000

INVOICE,BILL-524904,1790394796,3379000,Completed
PRODUCT,P-504452,Nuoc tuong Colgate truyen thong,4,0,388000,5000
PRODUCT,P-716482,Banh quy Pepsi hop 200g,1,0,170000,0
PRODUCT,P-485178,Dau an Tuong An chai 1L,5,0,10000,1000
PRODUCT,P-768676,Snack Maggi tiet kiem,4,0,413000,5000

INVOICE,BILL-572506,1791004379,206000,Completed
PRODUCT,P-736745,Gia vi Chin-su cao cap,2,0,103000,0

INVOICE,BILL-310114,1790721065,552000,Completed
PRODUCT,P-956253,Hat nem Sting hop 200g,1,0,112000,2000
PRODUCT,P-829308,Nuoc suoi G7 huong vi tu nhien,1,0,75000,5000
PRODUCT,P-935620,Nuoc ngot Maggi goi 85g,2,0,27000,2000
PRODUCT,P-211871,Nuoc suoi Lifebuoy truyen thong,1,0,54000,5000
PRODUCT,P-132498,Sua tam Red Bull chai 1L,3,0,91000,0

INVOICE,BILL-805723,1790692867,4033000,Completed
PRODUCT,P-263281,Kem danh rang Vinamilk goi 85g,5,0,331000,2000
PRODUCT,P-420984,Sua tam Lay's cao cap,4,0,70000,2000
PRODUCT,P-835570,Ca phe Lifebuoy loc 4 hop,5,0,272000,0
PRODUCT,P-696251,Nuoc mam Pepsi dam da,3,0,253000,1000

INVOICE,BILL-630949,1790395445,3759000,Completed
PRODUCT,P-356150,Nuoc lau san Lay's cao cap,4,0,56000,0
PRODUCT,P-859396,Nuoc giat Comfort chai 1L,5,0,105000,2000
PRODUCT,P-693297,Nuoc tuong Simply dam da,1,0,415000,1000
PRODUCT,P-945619,Kem danh rang Tuong An tiet kiem,5,0,210000,0
PRODUCT,P-312177,Khan giay Aquafina hop 200g,2,0,393000,0
PRODUCT,P-139186,Nuoc tuong Kinh Do it duong,2,0,390000,5000

INVOICE,BILL-626907,1790885545,4095000,Completed
PRODUCT,P-584487,Hat nem Nam Ngu truyen thong,4,0,458000,0
PRODUCT,P-503575,Banh quy Vinamilk huong vi tu nhien,1,0,300000,0
PRODUCT,P-444295,Banh quy Aquafina it duong,2,0,376000,0
PRODUCT,P-414012,Gia vi Colgate huong vi tu nhien,1,0,264000,5000
PRODUCT,P-772687,Nuoc mam Aquafina loc 4 hop,2,0,476000,0

INVOICE,BILL-790327,1790623797,6218000,Completed
PRODUCT,P-832377,Mi goi Kinh Do chai 500ml,4,0,198000,0
PRODUCT,P-926867,Gia vi Sunsilk chai 1L,5,0,336000,0
PRODUCT,P-887352,Sua tam Sunlight huong vi tu nhien,4,0,484000,0
PRODUCT,P-750706,Sua tam Kinh Do chai 500ml,3,0,453000,0
PRODUCT,P-690268,Nuoc giat OMO truyen thong,1,0,332000,1000
PRODUCT,P-848344,Nuoc ngot Hao Hao can 2L,2,0,65000,5000

INVOICE,BILL-130667,1790761541,3222000,Completed
PRODUCT,P-592489,Sua tam Omachi huong vi tu nhien,4,0,263000,5000
PRODUCT,P-784488,Nuoc giat Barona huong vi tu nhien,4,0,460000,5000
PRODUCT,P-832534,Hat nem Clear cao cap,1,0,345000,5000
PRODUCT,P-770030,Dau an Maggi cao cap,5,0,6000,0

INVOICE,BILL-428908,1790755390,2837000,Completed
PRODUCT,P-701800,Banh quy Aquafina chai 1L,4,0,288000,0
PRODUCT,P-258189,Dau an Comfort khong duong,5,0,113000,2000
PRODUCT,P-677390,Khan giay Kinh Do can 2L,3,0,210000,2000
PRODUCT,P-703853,Snack Sunlight tiet kiem,1,0,381000,5000
PRODUCT,P-292811,Gia vi Sting can 2L,1,0,130000,0

INVOICE,BILL-856597,1790918567,878000,Completed
PRODUCT,P-400404,Nuoc giat Vinamilk hop 200g,5,0,80000,0
PRODUCT,P-477808,Sua tuoi Coca Cola khong duong,3,0,144000,0
PRODUCT,P-720647,Snack Sunlight can 2L,1,0,46000,0

INVOICE,BILL-839065,1790213570,3171000,Completed
PRODUCT,P-576849,Tuong ot Nam Ngu truyen thong,2,0,276000,1000
PRODUCT,P-357666,Khan giay Nam Ngu dam da,4,0,57000,0
PRODUCT,P-525505,Nuoc tuong Vinamilk it duong,4,0,102000,0
PRODUCT,P-107568,Tuong ot Chin-su loc 4 hop,1,0,224000,0
PRODUCT,P-654531,Ca phe Comfort loc 4 hop,3,1,376000,5000
PRODUCT,P-179688,Banh quy Vinamilk it duong,3,0,217000,1000

INVOICE,BILL-535374,1790581717,3450000,Completed
PRODUCT,P-602780,Dau goi Oishi can 2L,3,0,286000,1000
PRODUCT,P-745270,Nuoc lau san Simply goi 85g,4,0,260000,5000
PRODUCT,P-831295,Nuoc xa Clear loc 4 hop,3,0,9000,0
PRODUCT,P-447843,Snack TH True Milk can 2L,2,0,471000,1000
PRODUCT,P-724145,Dau an Clear goi 85g,1,0,146000,2000
PRODUCT,P-993892,Gia vi G7 cao cap,2,0,234000,2000

INVOICE,BILL-732965,1790752268,3369000,Completed
PRODUCT,P-370413,Nuoc giat Coca Cola cao cap,3,0,172000,5000
PRODUCT,P-683390,Tuong ot Lavie dam da,1,0,482000,0
PRODUCT,P-148823,Nuoc ngot Vinamilk it duong,5,0,327000,1000
PRODUCT,P-143195,Dau an Red Bull loc 4 hop,2,0,378000,0

INVOICE,BILL-674494,1790429673,318000,Completed
PRODUCT,P-901577,Nuoc ngot Sunsilk it duong,3,0,108000,2000

INVOICE,BILL-411202,1790621455,1660000,Completed
PRODUCT,P-139704,Snack Chin-su dam da,3,0,430000,0
PRODUCT,P-252928,Nuoc mam Omachi it duong,5,0,76000,2000

INVOICE,BILL-452332,1790321722,850000,Completed
PRODUCT,P-966662,Khan giay Tuong An tiet kiem,2,0,30000,2000
PRODUCT,P-880009,Khan giay Lay's dam da,1,0,229000,0
PRODUCT,P-194545,Kem danh rang Sting cao cap,2,0,176000,1000
PRODUCT,P-264951,Nuoc xa Lifebuoy can 2L,5,0,43000,0

INVOICE,BILL-948298,1790505794,1673000,Completed
PRODUCT,P-519904,Nuoc suoi Tuong An dam da,4,0,339000,1000
PRODUCT,P-210010,Hat nem Lay's dam da,1,0,323000,2000

INVOICE,BILL-544965,1790508660,3822000,Completed
PRODUCT,P-575763,Tuong ot Nam Ngu tiet kiem,3,0,386000,0
PRODUCT,P-282150,Nuoc suoi Knorr khong duong,2,0,334000,2000
PRODUCT,P-508783,Gia vi Clear tiet kiem,1,0,133000,5000
PRODUCT,P-122859,Tuong ot Tuong An khong duong,4,0,94000,1000
PRODUCT,P-971230,Banh quy Sunlight goi 85g,2,0,350000,0
PRODUCT,P-469844,Kem danh rang Colgate tiet kiem,5,0,162000,2000

INVOICE,BILL-745352,1790825962,8078000,Completed
PRODUCT,P-226610,Nuoc lau san Oishi chai 500ml,4,0,461000,0
PRODUCT,P-499226,Nuoc giat Kinh Do cao cap,4,0,375000,0
PRODUCT,P-706739,Hat nem Oishi cao cap,2,0,341000,0
PRODUCT,P-396567,Tuong ot Colgate hop 200g,5,0,334000,2000
PRODUCT,P-684572,Snack Closeup cao cap,2,0,284000,0
PRODUCT,P-260263,Nuoc lau san Aquafina khong duong,4,0,456000,0

INVOICE,BILL-988072,1790672618,3866000,Completed
PRODUCT,P-603110,Banh quy Tuong An cao cap,5,0,347000,1000
PRODUCT,P-544730,Kem danh rang G7 can 2L,4,0,122000,2000
PRODUCT,P-921021,Gia vi Nescafe huong vi tu nhien,4,0,225000,0
PRODUCT,P-330914,Gia vi Pepsi huong vi tu nhien,3,1,254000,2000

INVOICE,BILL-275829,1790874404,4669000,Completed
PRODUCT,P-630458,Nuoc tuong Nam Ngu can 2L,5,0,248000,0
PRODUCT,P-705397,Gia vi OMO truyen thong,4,0,127000,0
PRODUCT,P-614379,Nuoc ngot Nam Ngu truyen thong,5,0,447000,1000
PRODUCT,P-829445,Dau goi Red Bull hop 200g,1,0,463000,0
PRODUCT,P-929538,Ca phe Lay's loc 4 hop,3,0,33000,5000
PRODUCT,P-764442,Dau an Nescafe it duong,3,0,48000,0

INVOICE,BILL-537493,1790975493,2948000,Completed
PRODUCT,P-523533,Nuoc mam OMO goi 85g,4,0,39000,5000
PRODUCT,P-331251,Ca phe Sunsilk hop 200g,1,0,141000,1000
PRODUCT,P-559023,Gia vi Coca Cola loc 4 hop,2,0,344000,5000
PRODUCT,P-528728,Tuong ot Maggi can 2L,4,0,305000,0
PRODUCT,P-371393,Hat nem Omachi goi 85g,2,0,388000,1000

INVOICE,BILL-147908,1790662031,4639000,Completed
PRODUCT,P-155843,Nuoc suoi Sunsilk goi 85g,5,0,367000,0
PRODUCT,P-678866,Dau an Colgate truyen thong,5,1,209000,0
PRODUCT,P-772324,Hat nem Comfort dam da,1,0,330000,2000
PRODUCT,P-148215,Kem danh rang Omachi can 2L,3,0,144000,1000
PRODUCT,P-511987,Tuong ot Sunlight can 2L,2,0,458000,1000
PRODUCT,P-723939,Ca phe Simply truyen thong,2,1,46000,2000

INVOICE,BILL-467360,1790539866,3818000,Completed
PRODUCT,P-726928,Gia vi Colgate chai 500ml,1,0,96000,0
PRODUCT,P-614426,Nuoc xa Omachi tiet kiem,4,0,289000,0
PRODUCT,P-650131,Dau goi Vinamilk khong duong,5,0,328000,5000
PRODUCT,P-265416,Nuoc mam Clear tiet kiem,2,0,291000,0
PRODUCT,P-567951,Hat nem Lifebuoy dam da,1,0,371000,2000

INVOICE,BILL-224357,1790420083,2269000,Completed
PRODUCT,P-687783,Dau goi Aquafina tiet kiem,3,0,426000,5000
PRODUCT,P-125990,Tuong ot Sunsilk goi 85g,4,0,137000,2000
PRODUCT,P-429861,Khan giay Aquafina it duong,1,0,471000,5000

INVOICE,BILL-318751,1790989410,3270000,Completed
PRODUCT,P-307428,Sua tuoi Chin-su khong duong,3,0,23000,1000
PRODUCT,P-695403,Nuoc giat Comfort huong vi tu nhien,1,0,128000,0
PRODUCT,P-568640,Nuoc ngot Sunlight truyen thong,2,0,420000,1000
PRODUCT,P-743966,Dau goi Vinamilk chai 500ml,5,0,403000,5000
PRODUCT,P-219366,Nuoc suoi Comfort it duong,2,0,125000,1000

INVOICE,BILL-525387,1790178946,2355000,Completed
PRODUCT,P-418083,Snack Simply can 2L,2,0,294000,1000
PRODUCT,P-252901,Sua tam TH True Milk goi 85g,5,0,297000,2000
PRODUCT,P-492073,Nuoc tuong Omachi can 2L,3,0,98000,0

INVOICE,BILL-301784,1790316523,4651000,Completed
PRODUCT,P-115582,Nuoc lau san Aquafina can 2L,4,0,489000,5000
PRODUCT,P-611650,Ca phe Chin-su can 2L,2,0,480000,1000
PRODUCT,P-729252,Banh quy Vinamilk it duong,1,0,477000,1000
PRODUCT,P-145594,Sua tuoi Chin-su chai 1L,3,1,162000,1000
PRODUCT,P-201377,Sua tuoi Knorr hop 200g,3,0,266000,0

INVOICE,BILL-706314,1790504028,431000,Completed
PRODUCT,P-740255,Mi goi Oishi loc 4 hop,2,0,121000,0
PRODUCT,P-116703,Dau goi Hao Hao khong duong,1,0,194000,5000

INVOICE,BILL-274418,1790535374,1435000,Completed
PRODUCT,P-375871,Sua tuoi Clear hop 200g,5,0,288000,1000

INVOICE,BILL-206783,1790761381,6622000,Completed
PRODUCT,P-924758,Dau goi Clear can 2L,5,0,266000,0
PRODUCT,P-926372,Sua tam Barona goi 85g,3,0,163000,5000
PRODUCT,P-360096,Nuoc giat Nam Ngu goi 85g,4,0,497000,0
PRODUCT,P-972565,Gia vi Aquafina it duong,5,0,399000,5000
PRODUCT,P-332873,Nuoc ngot Lay's dam da,5,0,173000,1000

INVOICE,BILL-485604,1790658037,2282000,Completed
PRODUCT,P-345722,Khan giay Kinh Do cao cap,4,1,244000,0
PRODUCT,P-973349,Nuoc mam Sunlight chai 500ml,4,0,189000,2000
PRODUCT,P-521818,Nuoc suoi Colgate cao cap,4,0,63000,0
PRODUCT,P-675512,Kem danh rang Lifebuoy goi 85g,3,0,103000,1000

INVOICE,BILL-688842,1790675086,3003000,Completed
PRODUCT,P-606983,Sua tuoi OMO khong duong,2,0,488000,0
PRODUCT,P-689275,Dau goi Colgate cao cap,1,0,97000,0
PRODUCT,P-557239,Sua tam Tuong An goi 85g,5,0,388000,2000

INVOICE,BILL-480376,1790502781,1316000,Completed
PRODUCT,P-807160,Mi goi Colgate truyen thong,4,0,331000,2000

INVOICE,BILL-592222,1790964729,757000,Completed
PRODUCT,P-671971,Sua tam Chin-su chai 1L,3,0,132000,5000
PRODUCT,P-261169,Nuoc tuong Maggi huong vi tu nhien,2,0,188000,0

INVOICE,BILL-517705,1790769145,340000,Completed
PRODUCT,P-637450,Nuoc lau san Coca Cola huong vi tu nhien,2,0,172000,2000

INVOICE,BILL-208371,1790965183,7771000,Completed
PRODUCT,P-739905,Nuoc mam Oishi truyen thong,4,0,480000,0
PRODUCT,P-781571,Kem danh rang Closeup goi 85g,2,0,209000,0
PRODUCT,P-204998,Mi goi Pepsi tiet kiem,5,0,426000,0
PRODUCT,P-716886,Khan giay Sting chai 1L,4,0,302000,0
PRODUCT,P-838253,Nuoc lau san Nam Ngu can 2L,5,0,419000,0

INVOICE,BILL-379631,1790721020,1872000,Completed
PRODUCT,P-517568,Nuoc xa Barona hop 200g,2,0,202000,1000
PRODUCT,P-600149,Khan giay Comfort chai 500ml,5,0,299000,5000
PRODUCT,P-608149,Mi goi Kinh Do goi 85g,4,0,5000,5000

INVOICE,BILL-776879,1790822966,5310000,Completed
PRODUCT,P-779776,Sua tam Nam Ngu huong vi tu nhien,2,0,261000,2000
PRODUCT,P-128679,Tuong ot Nam Ngu goi 85g,4,0,196000,1000
PRODUCT,P-405407,Sua tam Sting khong duong,4,0,440000,0
PRODUCT,P-739705,Nuoc xa Clear cao cap,1,0,387000,0
PRODUCT,P-407835,Nuoc ngot Tuong An cao cap,5,0,373000,0

INVOICE,BILL-575093,1790534589,2518000,Completed
PRODUCT,P-574978,Nuoc suoi Tuong An cao cap,2,0,32000,0
PRODUCT,P-139581,Kem danh rang Comfort goi 85g,5,0,221000,2000
PRODUCT,P-536754,Banh quy Red Bull it duong,3,0,453000,0

INVOICE,BILL-907399,1790784640,4116000,Completed
PRODUCT,P-307428,Sua tuoi Chin-su khong duong,2,0,23000,0
PRODUCT,P-409222,Nuoc tuong Red Bull it duong,2,0,439000,0
PRODUCT,P-517568,Nuoc xa Barona hop 200g,1,0,202000,1000
PRODUCT,P-459513,Dau an Sting tiet kiem,3,0,491000,1000
PRODUCT,P-332881,Nuoc giat Aquafina chai 1L,3,0,489000,5000
PRODUCT,P-307356,Banh quy G7 goi 85g,3,0,28000,5000

INVOICE,BILL-228274,1790894139,3192000,Completed
PRODUCT,P-461260,Sua tuoi Aquafina tiet kiem,2,0,4000,5000
PRODUCT,P-507723,Mi goi Coca Cola chai 500ml,1,0,76000,0
PRODUCT,P-917012,Hat nem Clear dam da,3,0,385000,2000
PRODUCT,P-990704,Ca phe Coca Cola huong vi tu nhien,3,0,55000,0
PRODUCT,P-536754,Banh quy Red Bull it duong,4,0,453000,2000

INVOICE,BILL-271787,1790645170,896000,Completed
PRODUCT,P-109756,Banh quy Hao Hao it duong,1,0,254000,0
PRODUCT,P-662093,Gia vi Simply huong vi tu nhien,2,0,321000,0

INVOICE,BILL-267344,1790361633,2301000,Completed
PRODUCT,P-962043,Mi goi Oishi loc 4 hop,1,0,139000,5000
PRODUCT,P-954596,Snack OMO tiet kiem,4,0,83000,0
PRODUCT,P-992647,Mi goi Omachi cao cap,2,0,366000,1000
PRODUCT,P-320073,Snack Knorr truyen thong,2,0,316000,0
PRODUCT,P-900660,Nuoc tuong Closeup tiet kiem,3,0,61000,1000
PRODUCT,P-544150,Khan giay Vinamilk truyen thong,1,0,293000,0

INVOICE,BILL-294363,1790240253,4148000,Completed
PRODUCT,P-186686,Sua tam Sunlight it duong,3,0,3000,0
PRODUCT,P-121026,Nuoc giat Simply dam da,2,0,410000,5000
PRODUCT,P-642347,Nuoc xa Closeup hop 200g,5,0,405000,1000
PRODUCT,P-253541,Sua tuoi Hao Hao dam da,2,0,16000,5000
PRODUCT,P-581141,Nuoc lau san Aquafina loc 4 hop,2,0,491000,0
PRODUCT,P-194560,Mi goi Nam Ngu truyen thong,5,0,63000,2000

INVOICE,BILL-758091,1790312054,513000,Completed
PRODUCT,P-563187,Hat nem Tuong An tiet kiem,1,0,482000,0
PRODUCT,P-204053,Snack Sunlight chai 500ml,1,0,36000,5000

INVOICE,BILL-478142,1790491765,1716000,Completed
PRODUCT,P-438041,Nuoc suoi Coca Cola chai 500ml,1,0,468000,0
PRODUCT,P-702427,Snack Clear chai 500ml,3,0,416000,0

INVOICE,BILL-616973,1790583196,1872000,Completed
PRODUCT,P-943349,Tuong ot Clear dam da,5,0,173000,5000
PRODUCT,P-190582,Khan giay Red Bull khong duong,4,0,27000,0
PRODUCT,P-698087,Gia vi Sting truyen thong,3,0,308000,0

INVOICE,BILL-864112,1790352124,5527000,Completed
PRODUCT,P-899929,Khan giay Knorr chai 500ml,2,0,326000,0
PRODUCT,P-926730,Dau goi TH True Milk chai 1L,5,1,294000,0
PRODUCT,P-323404,Banh quy Tuong An dam da,3,0,145000,0
PRODUCT,P-252200,Snack OMO hop 200g,5,0,287000,0
PRODUCT,P-896386,Nuoc lau san Sunlight huong vi tu nhien,5,0,307000,0

INVOICE,BILL-965511,1790937514,2581000,Completed
PRODUCT,P-108491,Nuoc lau san Hao Hao cao cap,2,0,77000,0
PRODUCT,P-581206,Dau goi Lavie chai 1L,2,0,238000,1000
PRODUCT,P-843596,Nuoc suoi Colgate it duong,4,0,385000,0
PRODUCT,P-106918,Sua tuoi Clear can 2L,1,0,413000,0

INVOICE,BILL-367636,1790926789,5006000,Completed
PRODUCT,P-595951,Khan giay Knorr dam da,5,0,410000,0
PRODUCT,P-461996,Sua tuoi G7 loc 4 hop,2,0,259000,2000
PRODUCT,P-350786,Nuoc xa Clear can 2L,2,0,402000,0
PRODUCT,P-459743,Snack Knorr it duong,4,0,201000,0
PRODUCT,P-262520,Tuong ot Sunsilk loc 4 hop,3,0,279000,1000

INVOICE,BILL-829995,1790568956,19000,Completed
PRODUCT,P-297731,Nuoc lau san Red Bull goi 85g,1,0,24000,5000

INVOICE,BILL-681709,1790967787,20000,Completed
PRODUCT,P-598985,Dau an Sunlight it duong,4,0,5000,0

INVOICE,BILL-231799,1790646631,2780000,Completed
PRODUCT,P-818430,Nuoc mam Vinamilk chai 1L,1,0,341000,0
PRODUCT,P-299254,Nuoc tuong Pepsi truyen thong,2,0,24000,0
PRODUCT,P-517479,Kem danh rang Sunlight it duong,3,0,13000,2000
PRODUCT,P-800224,Kem danh rang Chin-su dam da,3,0,354000,1000
PRODUCT,P-560485,Mi goi Omachi dam da,3,0,433000,0

INVOICE,BILL-191533,1790276079,2435000,Completed
PRODUCT,P-613742,Kem danh rang Simply it duong,4,0,210000,0
PRODUCT,P-576535,Snack Nam Ngu loc 4 hop,2,0,244000,0
PRODUCT,P-567951,Hat nem Lifebuoy dam da,3,0,371000,2000

INVOICE,BILL-602542,1790191309,2262000,Completed
PRODUCT,P-459502,Tuong ot Clear chai 500ml,5,0,7000,5000
PRODUCT,P-140666,Dau an Clear hop 200g,4,0,428000,2000
PRODUCT,P-916776,Sua tam Barona khong duong,4,0,142000,5000

INVOICE,BILL-305439,1790314483,4597000,Completed
PRODUCT,P-793169,Snack Lavie goi 85g,2,0,354000,0
PRODUCT,P-741181,Sua tuoi Lay's goi 85g,5,0,235000,0
PRODUCT,P-233096,Nuoc xa Lifebuoy can 2L,2,0,413000,5000
PRODUCT,P-744274,Nuoc giat Aquafina chai 500ml,4,0,349000,5000
PRODUCT,P-779776,Sua tam Nam Ngu huong vi tu nhien,2,0,261000,0

INVOICE,BILL-304319,1790494298,2794000,Completed
PRODUCT,P-970813,Banh quy Sunlight can 2L,2,0,99000,0
PRODUCT,P-281649,Tuong ot Closeup can 2L,3,0,418000,0
PRODUCT,P-515973,Nuoc giat Closeup huong vi tu nhien,3,0,137000,0
PRODUCT,P-549433,Banh quy Sunsilk goi 85g,2,0,277000,2000
PRODUCT,P-451291,Snack Sting chai 1L,3,0,127000,0

INVOICE,BILL-220653,1790343851,1647000,Completed
PRODUCT,P-158132,Nuoc ngot Comfort huong vi tu nhien,5,0,288000,1000
PRODUCT,P-329437,Dau an Maggi can 2L,2,1,106000,0

INVOICE,BILL-209981,1790996538,4096000,Completed
PRODUCT,P-539128,Dau goi Oishi loc 4 hop,5,0,342000,1000
PRODUCT,P-915572,Nuoc xa Maggi can 2L,4,0,121000,5000
PRODUCT,P-884140,Nuoc mam Sting dam da,5,0,207000,1000
PRODUCT,P-396578,Dau goi Sting dam da,3,0,299000,0

INVOICE,BILL-724816,1790770937,4535000,Completed
PRODUCT,P-152578,Khan giay Aquafina truyen thong,4,0,165000,0
PRODUCT,P-461996,Sua tuoi G7 loc 4 hop,2,0,259000,5000
PRODUCT,P-170966,Hat nem Chin-su huong vi tu nhien,4,0,192000,0
PRODUCT,P-380150,Mi goi Coca Cola it duong,4,0,498000,0
PRODUCT,P-559507,Nuoc tuong Chin-su can 2L,5,1,7000,2000
PRODUCT,P-402630,Gia vi Barona huong vi tu nhien,2,0,296000,5000

INVOICE,BILL-453938,1790826925,2765000,Completed
PRODUCT,P-877493,Gia vi Nam Ngu dam da,4,0,55000,0
PRODUCT,P-536754,Banh quy Red Bull it duong,4,0,453000,0
PRODUCT,P-335765,Sua tuoi Colgate tiet kiem,1,0,306000,1000
PRODUCT,P-475815,Nuoc giat Sting cao cap,5,0,72000,0
PRODUCT,P-334639,Ca phe Nam Ngu dam da,1,0,18000,2000
PRODUCT,P-881975,Dau an Tuong An tiet kiem,1,0,52000,0

INVOICE,BILL-762772,1790567718,1278000,Completed
PRODUCT,P-796787,Nuoc xa Red Bull goi 85g,1,0,308000,0
PRODUCT,P-128679,Tuong ot Nam Ngu goi 85g,5,0,196000,2000

INVOICE,BILL-967934,1790309437,1180000,Completed
PRODUCT,P-299734,Nuoc suoi Maggi dam da,2,0,91000,0
PRODUCT,P-660226,Ca phe Oishi chai 500ml,1,0,435000,5000
PRODUCT,P-498855,Mi goi Colgate can 2L,2,0,145000,1000
PRODUCT,P-420984,Sua tam Lay's cao cap,4,0,70000,0

INVOICE,BILL-785567,1790792639,5240000,Completed
PRODUCT,P-150947,Nuoc xa Red Bull tiet kiem,5,0,278000,5000
PRODUCT,P-159942,Nuoc tuong Colgate huong vi tu nhien,5,0,171000,5000
PRODUCT,P-309505,Dau goi Clear can 2L,2,0,191000,1000
PRODUCT,P-940064,Dau goi Colgate goi 85g,5,0,176000,0
PRODUCT,P-486162,Sua tam Pepsi chai 500ml,5,0,357000,0

INVOICE,BILL-897886,1790209241,3050000,Completed
PRODUCT,P-831510,Hat nem Red Bull tiet kiem,4,0,415000,0
PRODUCT,P-785424,Khan giay Knorr tiet kiem,5,0,280000,2000

INVOICE,BILL-827133,1790584716,4182000,Completed
PRODUCT,P-413058,Gia vi Sunsilk chai 1L,5,0,443000,0
PRODUCT,P-676820,Khan giay G7 loc 4 hop,4,0,271000,2000
PRODUCT,P-124813,Dau an OMO goi 85g,5,0,106000,2000
PRODUCT,P-877259,Hat nem Hao Hao cao cap,3,0,57000,0
PRODUCT,P-457137,Dau goi Sunlight goi 85g,1,0,205000,5000

INVOICE,BILL-739522,1790664847,6425000,Completed
PRODUCT,P-371224,Khan giay Tuong An khong duong,5,1,202000,0
PRODUCT,P-922543,Snack Sunsilk tiet kiem,5,0,235000,2000
PRODUCT,P-296059,Nuoc ngot Closeup chai 1L,5,0,483000,0
PRODUCT,P-625387,Nuoc giat Closeup goi 85g,2,0,175000,0
PRODUCT,P-844943,Nuoc xa Tuong An goi 85g,5,0,297000,0

INVOICE,BILL-537058,1790466316,36000,Completed
PRODUCT,P-567200,Nuoc lau san Knorr tiet kiem,1,0,36000,0

INVOICE,BILL-104466,1790429899,695000,Completed
PRODUCT,P-177591,Khan giay Lavie loc 4 hop,1,0,325000,0
PRODUCT,P-409571,Kem danh rang Coca Cola khong duong,1,0,97000,1000
PRODUCT,P-926471,Tuong ot Coca Cola tiet kiem,1,0,274000,0

INVOICE,BILL-104274,1790307002,3179000,Completed
PRODUCT,P-736030,Nuoc suoi Lifebuoy chai 500ml,2,0,493000,5000
PRODUCT,P-891093,Tuong ot Tuong An khong duong,5,0,339000,0
PRODUCT,P-941792,Nuoc tuong Sting loc 4 hop,3,0,170000,2000
PRODUCT,P-144316,Mi goi Pepsi huong vi tu nhien,4,0,3000,2000

INVOICE,BILL-826538,1790724067,1561000,Completed
PRODUCT,P-854701,Hat nem TH True Milk tiet kiem,1,0,76000,0
PRODUCT,P-826490,Snack Tuong An cao cap,3,0,497000,2000

INVOICE,BILL-842669,1790167156,1440000,Completed
PRODUCT,P-452058,Snack Clear hop 200g,4,0,365000,5000

INVOICE,BILL-701416,1790516474,3457000,Completed
PRODUCT,P-172769,Hat nem G7 cao cap,1,0,458000,0
PRODUCT,P-523579,Gia vi Sunsilk huong vi tu nhien,4,0,295000,0
PRODUCT,P-426084,Tuong ot Colgate huong vi tu nhien,1,0,147000,5000
PRODUCT,P-792267,Nuoc giat Lavie hop 200g,2,1,443000,1000
PRODUCT,P-103161,Nuoc giat Knorr truyen thong,5,0,49000,0
PRODUCT,P-873422,Nuoc giat Nescafe can 2L,2,0,274000,0

INVOICE,BILL-682809,1790282690,4385000,Completed
PRODUCT,P-157219,Gia vi Coca Cola goi 85g,5,0,457000,1000
PRODUCT,P-566339,Kem danh rang Lifebuoy truyen thong,4,0,413000,0
PRODUCT,P-612438,Sua tam Oishi chai 500ml,3,1,156000,5000

INVOICE,BILL-840266,1790871317,4169000,Completed
PRODUCT,P-407618,Khan giay Simply truyen thong,3,0,73000,0
PRODUCT,P-348273,Khan giay G7 hop 200g,4,0,448000,1000
PRODUCT,P-926918,Nuoc tuong OMO dam da,4,0,294000,0
PRODUCT,P-864605,Nuoc tuong Hao Hao huong vi tu nhien,1,0,251000,0
PRODUCT,P-551344,Nuoc suoi Oishi can 2L,5,0,147000,0

INVOICE,BILL-408916,1790480012,4433000,Completed
PRODUCT,P-440544,Nuoc giat Lavie goi 85g,5,0,64000,0
PRODUCT,P-107704,Dau goi Lavie can 2L,4,0,225000,1000
PRODUCT,P-826353,Khan giay Lavie goi 85g,5,0,409000,5000
PRODUCT,P-401602,Sua tuoi Pepsi chai 1L,2,0,288000,0
PRODUCT,P-805448,Kem danh rang Vinamilk tiet kiem,2,0,118000,5000
PRODUCT,P-578368,Nuoc giat Simply it duong,1,0,400000,5000

INVOICE,BILL-698797,1790945402,682000,Completed
PRODUCT,P-836996,Khan giay Vinamilk goi 85g,2,0,341000,0

INVOICE,BILL-976934,1790679865,3003000,Completed
PRODUCT,P-708299,Dau an Barona huong vi tu nhien,1,0,116000,0
PRODUCT,P-188121,Nuoc xa Lifebuoy hop 200g,3,0,132000,5000
PRODUCT,P-537020,Nuoc mam Comfort hop 200g,5,0,350000,0
PRODUCT,P-309505,Dau goi Clear can 2L,4,0,191000,2000

INVOICE,BILL-634511,1790590657,622000,Completed
PRODUCT,P-308573,Nuoc tuong Chin-su tiet kiem,1,0,265000,0
PRODUCT,P-760093,Tuong ot Closeup dam da,1,0,152000,1000
PRODUCT,P-474795,Khan giay Nam Ngu huong vi tu nhien,2,1,103000,0

INVOICE,BILL-860861,1790667757,5578000,Completed
PRODUCT,P-521536,Nuoc xa Nam Ngu khong duong,4,0,170000,0
PRODUCT,P-195563,Mi goi Lifebuoy truyen thong,4,0,297000,2000
PRODUCT,P-447329,Nuoc tuong Maggi truyen thong,1,0,156000,0
PRODUCT,P-949153,Nuoc mam G7 chai 1L,3,0,270000,0
PRODUCT,P-360735,Gia vi Kinh Do chai 500ml,3,0,264000,0
PRODUCT,P-437978,Kem danh rang Comfort can 2L,4,0,490000,0

INVOICE,BILL-536725,1790317392,3891000,Completed
PRODUCT,P-145594,Sua tuoi Chin-su chai 1L,2,0,162000,1000
PRODUCT,P-229204,Snack Chin-su goi 85g,3,0,273000,0
PRODUCT,P-718836,Khan giay TH True Milk truyen thong,4,0,332000,0
PRODUCT,P-793856,Banh quy Lifebuoy can 2L,4,0,178000,0
PRODUCT,P-377312,Sua tam Omachi chai 1L,5,0,143000,1000

INVOICE,BILL-286376,1790815624,624000,Completed
PRODUCT,P-593403,Hat nem Simply hop 200g,2,0,312000,0

INVOICE,BILL-542448,1790355562,3392000,Completed
PRODUCT,P-662628,Nuoc tuong Lifebuoy tiet kiem,4,1,122000,1000
PRODUCT,P-531709,Nuoc ngot Clear hop 200g,2,0,247000,0
PRODUCT,P-818699,Khan giay Closeup cao cap,4,0,260000,5000
PRODUCT,P-447832,Khan giay Nescafe hop 200g,1,0,390000,1000
PRODUCT,P-629146,Nuoc suoi Lifebuoy chai 500ml,5,0,206000,5000

INVOICE,BILL-333723,1790600785,3118000,Completed
PRODUCT,P-379946,Banh quy Pepsi loc 4 hop,2,0,335000,0
PRODUCT,P-163491,Hat nem Lifebuoy can 2L,2,0,360000,1000
PRODUCT,P-822858,Dau an Omachi cao cap,2,0,328000,0
PRODUCT,P-396439,Nuoc mam Tuong An dam da,2,0,87000,1000
PRODUCT,P-989136,Banh quy Vinamilk it duong,2,0,452000,1000

INVOICE,BILL-325217,1790985121,6740000,Completed
PRODUCT,P-654531,Ca phe Comfort loc 4 hop,4,0,376000,0
PRODUCT,P-713513,Nuoc giat Kinh Do hop 200g,3,0,378000,0
PRODUCT,P-632323,Khan giay Oishi hop 200g,4,0,139000,2000
PRODUCT,P-672401,Tuong ot Kinh Do cao cap,3,0,305000,0
PRODUCT,P-631699,Nuoc giat Vinamilk loc 4 hop,3,0,273000,0
PRODUCT,P-984756,Nuoc lau san Hao Hao goi 85g,5,0,366000,2000

INVOICE,BILL-593377,1790502242,1731000,Completed
PRODUCT,P-977646,Tuong ot Comfort hop 200g,4,0,174000,0
PRODUCT,P-105324,Sua tam Comfort hop 200g,5,0,23000,0
PRODUCT,P-155646,Tuong ot Coca Cola tiet kiem,2,0,26000,0
PRODUCT,P-243132,Hat nem Nam Ngu dam da,2,0,245000,0
PRODUCT,P-116703,Dau goi Hao Hao khong duong,2,0,194000,5000

INVOICE,BILL-350772,1790283400,4223000,Completed
PRODUCT,P-301603,Nuoc tuong Hao Hao chai 1L,1,0,449000,1000
PRODUCT,P-299367,Nuoc giat TH True Milk tiet kiem,2,0,5000,0
PRODUCT,P-635482,Banh quy Nescafe huong vi tu nhien,1,0,274000,0
PRODUCT,P-246583,Nuoc tuong Simply chai 1L,4,0,478000,5000
PRODUCT,P-501058,Nuoc xa Simply loc 4 hop,2,0,177000,0
PRODUCT,P-955937,Dau goi Colgate it duong,5,0,254000,5000

INVOICE,BILL-185628,1790168423,4082000,Completed
PRODUCT,P-147440,Gia vi Hao Hao goi 85g,1,0,306000,1000
PRODUCT,P-693128,Nuoc tuong Clear it duong,1,0,484000,0
PRODUCT,P-525942,Sua tuoi Simply goi 85g,1,0,292000,1000
PRODUCT,P-762904,Khan giay Kinh Do loc 4 hop,3,0,66000,0
PRODUCT,P-468611,Dau goi OMO loc 4 hop,4,0,128000,2000
PRODUCT,P-861319,Tuong ot Chin-su khong duong,5,0,462000,2000

INVOICE,BILL-529418,1790900483,3100000,Completed
PRODUCT,P-280616,Kem danh rang Maggi huong vi tu nhien,5,0,75000,0
PRODUCT,P-649857,Dau an Coca Cola goi 85g,2,0,490000,0
PRODUCT,P-730343,Gia vi Omachi chai 1L,3,0,490000,0
PRODUCT,P-478638,Mi goi Sunlight dam da,1,0,275000,0

INVOICE,BILL-512485,1790178438,3525000,Completed
PRODUCT,P-906010,Mi goi Lay's tiet kiem,4,0,45000,0
PRODUCT,P-891030,Khan giay Nam Ngu dam da,5,0,318000,2000
PRODUCT,P-123572,Ca phe Sunsilk loc 4 hop,5,0,354000,1000

INVOICE,BILL-303512,1790428361,383000,Completed
PRODUCT,P-168540,Khan giay Nam Ngu loc 4 hop,1,0,385000,2000

INVOICE,BILL-411959,1790663352,546000,Completed
PRODUCT,P-842846,Nuoc lau san Lavie loc 4 hop,2,0,22000,0
PRODUCT,P-811256,Khan giay Lay's can 2L,2,0,177000,0
PRODUCT,P-640299,Dau goi Sunlight chai 1L,4,0,39000,2000

INVOICE,BILL-866716,1790450441,4246000,Completed
PRODUCT,P-783740,Dau goi Pepsi huong vi tu nhien,4,0,366000,0
PRODUCT,P-638169,Nuoc lau san Sunsilk cao cap,4,0,72000,0
PRODUCT,P-727094,Banh quy Nescafe truyen thong,2,0,316000,0
PRODUCT,P-867926,Dau goi Vinamilk loc 4 hop,2,0,43000,0
PRODUCT,P-234097,Nuoc ngot Red Bull can 2L,4,0,215000,5000
PRODUCT,P-106402,Dau goi Comfort loc 4 hop,2,0,473000,5000

INVOICE,BILL-182810,1790886684,2400000,Completed
PRODUCT,P-725329,Nuoc tuong Barona chai 500ml,5,0,471000,0
PRODUCT,P-213697,Khan giay Colgate can 2L,1,0,45000,0

INVOICE,BILL-239878,1790508085,4058000,Completed
PRODUCT,P-558339,Mi goi Vinamilk huong vi tu nhien,2,0,410000,2000
PRODUCT,P-813536,Nuoc xa Aquafina it duong,1,0,179000,1000
PRODUCT,P-623850,Sua tam Hao Hao dam da,2,1,322000,5000
PRODUCT,P-243876,Nuoc suoi Knorr it duong,5,1,491000,5000

INVOICE,BILL-511421,1790683140,1251000,Completed
PRODUCT,P-738221,Sua tam Sunlight goi 85g,4,0,87000,0
PRODUCT,P-250038,Nuoc giat Lay's cao cap,3,0,306000,5000

INVOICE,BILL-655081,1790592404,914000,Completed
PRODUCT,P-760914,Kem danh rang Vinamilk chai 500ml,2,0,457000,0

INVOICE,BILL-343255,1790633075,2154000,Completed
PRODUCT,P-418841,Sua tam Comfort dam da,4,0,157000,1000
PRODUCT,P-786224,Nuoc tuong Lay's loc 4 hop,4,0,35000,0
PRODUCT,P-419739,Banh quy Vinamilk huong vi tu nhien,5,0,278000,0

INVOICE,BILL-609047,1790854208,1284000,Completed
PRODUCT,P-139673,Sua tam Red Bull chai 1L,1,0,136000,2000
PRODUCT,P-193637,Ca phe Knorr can 2L,2,0,17000,0
PRODUCT,P-817644,Nuoc ngot Coca Cola hop 200g,5,0,86000,1000
PRODUCT,P-746901,Gia vi Lavie goi 85g,2,0,35000,2000
PRODUCT,P-665579,Snack Nescafe khong duong,4,0,104000,0
PRODUCT,P-326441,Tuong ot Nam Ngu khong duong,1,0,214000,5000

INVOICE,BILL-611585,1790479124,5469000,Completed
PRODUCT,P-598598,Khan giay Kinh Do khong duong,2,0,301000,1000
PRODUCT,P-556501,Nuoc lau san Sunlight chai 1L,3,0,50000,0
PRODUCT,P-950472,Banh quy Vinamilk truyen thong,2,0,258000,1000
PRODUCT,P-666211,Mi goi Nam Ngu truyen thong,5,0,455000,0
PRODUCT,P-163556,Banh quy Lay's chai 1L,5,0,386000,0

INVOICE,BILL-994521,1790979450,3112000,Completed
PRODUCT,P-671412,Nuoc giat Nescafe truyen thong,4,0,217000,0
PRODUCT,P-388078,Sua tam Simply cao cap,3,1,397000,5000
PRODUCT,P-538620,Tuong ot Closeup hop 200g,3,0,361000,5000

INVOICE,BILL-963757,1790827743,2290000,Completed
PRODUCT,P-637234,Nuoc lau san Coca Cola can 2L,4,0,444000,1000
PRODUCT,P-489102,Kem danh rang OMO goi 85g,2,0,98000,0
PRODUCT,P-662407,Dau an TH True Milk goi 85g,2,0,161000,0

INVOICE,BILL-774740,1790306903,3903000,Completed
PRODUCT,P-794799,Snack Comfort khong duong,3,0,87000,2000
PRODUCT,P-733561,Banh quy Comfort cao cap,4,0,450000,5000
PRODUCT,P-457256,Dau an Aquafina chai 1L,5,0,243000,0
PRODUCT,P-270820,Nuoc suoi Closeup loc 4 hop,4,0,102000,0
PRODUCT,P-988459,Sua tam G7 huong vi tu nhien,1,0,247000,2000

INVOICE,BILL-693897,1790712736,1350000,Completed
PRODUCT,P-372315,Dau an Sting can 2L,3,0,40000,1000
PRODUCT,P-642895,Nuoc tuong Barona huong vi tu nhien,4,0,33000,1000
PRODUCT,P-903072,Nuoc mam Vinamilk hop 200g,2,0,337000,5000
PRODUCT,P-748696,Snack Chin-su tiet kiem,3,0,152000,5000

INVOICE,BILL-954709,1790501116,720000,Completed
PRODUCT,P-330545,Snack OMO chai 1L,1,0,209000,1000
PRODUCT,P-505977,Nuoc mam Maggi dam da,2,0,257000,1000

INVOICE,BILL-325268,1790563707,1656000,Completed
PRODUCT,P-506216,Gia vi Clear truyen thong,1,0,180000,0
PRODUCT,P-800007,Sua tuoi OMO it duong,4,0,369000,0

INVOICE,BILL-547896,1790515590,3992000,Completed
PRODUCT,P-478411,Nuoc suoi Tuong An hop 200g,3,0,220000,5000
PRODUCT,P-353814,Sua tam Nescafe can 2L,2,0,147000,0
PRODUCT,P-560959,Nuoc tuong Tuong An dam da,3,0,366000,1000
PRODUCT,P-995916,Gia vi Closeup goi 85g,3,0,282000,0
PRODUCT,P-593446,Khan giay Kinh Do truyen thong,1,0,424000,0
PRODUCT,P-274912,Nuoc suoi Clear chai 500ml,2,0,344000,0

INVOICE,BILL-797787,1790839842,4091000,Completed
PRODUCT,P-382602,Dau goi Chin-su chai 1L,5,0,350000,0
PRODUCT,P-968286,Snack Sunsilk huong vi tu nhien,1,0,333000,0
PRODUCT,P-551989,Tuong ot Closeup hop 200g,5,0,177000,1000
PRODUCT,P-657772,Khan giay Hao Hao huong vi tu nhien,3,0,90000,0
PRODUCT,P-531262,Mi goi Pepsi chai 1L,2,0,338000,0
PRODUCT,P-749813,Khan giay Aquafina chai 1L,2,0,93000,2000

INVOICE,BILL-540600,1790641713,1437000,Completed
PRODUCT,P-176365,Hat nem G7 hop 200g,4,0,16000,1000
PRODUCT,P-515018,Mi goi Hao Hao goi 85g,2,0,89000,1000
PRODUCT,P-312484,Gia vi TH True Milk hop 200g,3,0,63000,0
PRODUCT,P-926372,Sua tam Barona goi 85g,1,0,163000,1000
PRODUCT,P-416768,Nuoc ngot OMO truyen thong,4,0,67000,2000
PRODUCT,P-283514,Nuoc xa Coca Cola tiet kiem,5,0,120000,2000

INVOICE,BILL-270839,1790292644,4063000,Completed
PRODUCT,P-139434,Nuoc xa G7 loc 4 hop,5,0,315000,0
PRODUCT,P-563711,Khan giay Comfort goi 85g,3,0,92000,5000
PRODUCT,P-456005,Nuoc giat Lavie chai 1L,4,0,190000,0
PRODUCT,P-726003,Khan giay TH True Milk tiet kiem,3,0,489000,0

INVOICE,BILL-308852,1790878396,2595000,Completed
PRODUCT,P-713799,Nuoc lau san Oishi chai 500ml,5,0,199000,0
PRODUCT,P-686179,Hat nem Knorr khong duong,3,0,175000,0
PRODUCT,P-877722,Gia vi Colgate cao cap,4,0,202000,1000
PRODUCT,P-595948,Dau an Pepsi hop 200g,4,0,11000,0
PRODUCT,P-425346,Banh quy Sting chai 1L,1,0,228000,1000

INVOICE,BILL-751053,1790341932,330000,Completed
PRODUCT,P-446747,Dau an Sunlight tiet kiem,5,0,67000,1000

INVOICE,BILL-630303,1790509282,2041000,Completed
PRODUCT,P-649753,Dau an Clear hop 200g,5,0,350000,0
PRODUCT,P-241268,Sua tam Closeup can 2L,3,0,99000,2000

INVOICE,BILL-686957,1790818065,2130000,Completed
PRODUCT,P-710156,Nuoc lau san Kinh Do dam da,5,0,426000,0

INVOICE,BILL-434951,1790379522,120000,Completed
PRODUCT,P-900185,Dau an TH True Milk loc 4 hop,3,0,40000,0

INVOICE,BILL-496293,1790483100,1280000,Completed
PRODUCT,P-815707,Dau goi Simply truyen thong,5,0,261000,5000

INVOICE,BILL-844365,1790456865,748000,Completed
PRODUCT,P-311741,Nuoc tuong Vinamilk hop 200g,2,0,289000,0
PRODUCT,P-336650,Tuong ot Sunsilk it duong,1,0,170000,0

INVOICE,BILL-208893,1790924706,6863000,Completed
PRODUCT,P-414922,Sua tuoi Tuong An truyen thong,2,0,239000,5000
PRODUCT,P-954551,Kem danh rang Kinh Do huong vi tu nhien,5,0,105000,5000
PRODUCT,P-110142,Nuoc ngot Chin-su goi 85g,5,0,467000,0
PRODUCT,P-572161,Ca phe Comfort hop 200g,1,0,298000,1000
PRODUCT,P-911801,Tuong ot Maggi hop 200g,3,0,496000,0
PRODUCT,P-566843,Gia vi Omachi truyen thong,5,0,355000,0

INVOICE,BILL-554928,1790521041,1380000,Completed
PRODUCT,P-801474,Dau an Coca Cola it duong,3,0,465000,5000

INVOICE,BILL-916694,1790594506,3650000,Completed
PRODUCT,P-533672,Kem danh rang Sunlight hop 200g,3,0,331000,1000
PRODUCT,P-389511,Kem danh rang Kinh Do chai 1L,5,0,165000,2000
PRODUCT,P-288667,Dau an Vinamilk hop 200g,2,0,75000,0
PRODUCT,P-317208,Tuong ot Nescafe it duong,3,0,443000,5000
PRODUCT,P-469844,Kem danh rang Colgate tiet kiem,1,0,162000,5000
PRODUCT,P-873959,Nuoc tuong Maggi truyen thong,1,0,224000,0

INVOICE,BILL-990552,1790546447,7535000,Completed
PRODUCT,P-487158,Hat nem TH True Milk goi 85g,5,0,420000,5000
PRODUCT,P-923073,Dau goi Red Bull loc 4 hop,4,0,166000,1000
PRODUCT,P-264550,Nuoc ngot Vinamilk truyen thong,2,0,322000,1000
PRODUCT,P-132146,Mi goi Maggi chai 1L,5,0,178000,0
PRODUCT,P-342239,Banh quy Colgate cao cap,4,0,360000,2000
PRODUCT,P-875507,Mi goi Sting can 2L,4,0,464000,5000

INVOICE,BILL-981026,1790469914,740000,Completed
PRODUCT,P-301629,Dau goi Sting khong duong,2,0,375000,5000

INVOICE,BILL-976844,1790264031,4807000,Completed
PRODUCT,P-433580,Dau an Closeup dam da,1,0,370000,0
PRODUCT,P-335217,Sua tam Vinamilk cao cap,2,0,287000,0
PRODUCT,P-337547,Nuoc giat Lavie chai 500ml,4,0,458000,0
PRODUCT,P-371224,Khan giay Tuong An khong duong,3,0,202000,5000
PRODUCT,P-739905,Nuoc mam Oishi truyen thong,3,0,480000,0

INVOICE,BILL-151796,1790423751,2834000,Completed
PRODUCT,P-662146,Sua tuoi OMO cao cap,4,0,346000,5000
PRODUCT,P-642421,Nuoc tuong Colgate tiet kiem,5,0,299000,5000

INVOICE,BILL-453701,1790343734,1267000,Completed
PRODUCT,P-396578,Dau goi Sting dam da,3,0,299000,2000
PRODUCT,P-659572,Nuoc xa Simply tiet kiem,2,0,190000,2000

INVOICE,BILL-874423,1790206117,1769000,Completed
PRODUCT,P-927477,Gia vi Aquafina truyen thong,1,0,337000,0
PRODUCT,P-693868,Sua tuoi Chin-su can 2L,3,0,188000,0
PRODUCT,P-593152,Nuoc giat Kinh Do huong vi tu nhien,4,0,219000,2000

INVOICE,BILL-454529,1790228633,2937000,Completed
PRODUCT,P-633036,Khan giay Closeup truyen thong,2,0,296000,0
PRODUCT,P-870899,Ca phe TH True Milk khong duong,5,0,425000,0
PRODUCT,P-147489,Nuoc tuong Lifebuoy loc 4 hop,4,0,55000,0

INVOICE,BILL-633152,1791011315,3145000,Completed
PRODUCT,P-600318,Gia vi Maggi khong duong,1,0,294000,0
PRODUCT,P-221703,Ca phe Hao Hao tiet kiem,3,0,435000,2000
PRODUCT,P-497316,Ca phe Maggi dam da,4,0,389000,1000

INVOICE,BILL-878419,1790665410,2203000,Completed
PRODUCT,P-959324,Sua tuoi TH True Milk can 2L,3,0,224000,1000
PRODUCT,P-953085,Nuoc suoi TH True Milk tiet kiem,2,0,230000,1000
PRODUCT,P-507517,Tuong ot Omachi tiet kiem,2,1,187000,0
PRODUCT,P-396020,Nuoc mam Pepsi cao cap,2,0,356000,5000

